verb_id,словарная_форма,чтение,romaji,значение_ru,jlpt,тип_глагола,основа_romaji,masu_основа,простая_прошедшая,te_форма,nai_форма,условная_ba,условная_tara,потенциальная_словарная,потенциальная_разг_без_ra,страдательная_словарная,побудительная_словарная,побудительно_страдательная_словарная,повелительная,запретительная,волевая,tai_база,nakereba,nakya,nakucha,ru_inf_ipf,ru_inf_pf,ru_present_1sg,ru_future_1sg,ru_past_ipf_mf,ru_past_pf_mf,ru_future_pf_1sg,ru_conditional_pf_1sg,ru_gerund_pf,ru_imperative_2sg,ru_1pl_pf,ru_passive_hint,ru_causative_hint,ru_causative_passive_hint,chunk_base_jp,chunk_neg_base_jp,chunk_dict_medium_jp,chunk_dict_medium_label,chunk_dict_hard_jp,chunk_dict_hard_label,chunk_masu_link_jp,chunk_masu_link_label,chunk_nai_link_jp,chunk_nai_link_label,chunk_ba_link_medium_jp,chunk_ba_link_medium_label,chunk_ba_link_hard_jp,chunk_ba_link_hard_label,chunk_te_medium_jp,chunk_te_medium_label,chunk_te_hard_jp,chunk_te_hard_label,chunk_ta_medium_jp,chunk_ta_medium_label,chunk_ta_hard_jp,chunk_ta_hard_label,chunk_potential_medium_jp,chunk_potential_medium_label,chunk_potential_hard_jp,chunk_potential_hard_label,chunk_passive_medium_jp,chunk_passive_medium_label,chunk_passive_hard_jp,chunk_passive_hard_label,chunk_causative_medium_jp,chunk_causative_medium_label,chunk_causative_hard_jp,chunk_causative_hard_label,chunk_causative_passive_medium_jp,chunk_causative_passive_medium_label,chunk_causative_passive_hard_jp,chunk_causative_passive_hard_label,chunk_imperative_medium_jp,chunk_imperative_medium_label,chunk_imperative_hard_jp,chunk_imperative_hard_label,chunk_volitional_medium_jp,chunk_volitional_medium_label,chunk_volitional_hard_jp,chunk_volitional_hard_label,chunk_stem_distractors_label,chunk_ranuki_medium_jp,chunk_ranuki_medium_label,chunk_ranuki_hard_jp,chunk_ranuki_hard_label,значение_ru_all,значение_ru_доп,ru_inf_ipf_all,ru_inf_pf_all,ru_present_1sg_all,ru_future_1sg_all,ru_past_ipf_mf_all,ru_past_pf_mf_all,ru_future_pf_1sg_all,ru_conditional_pf_1sg_all,ru_gerund_pf_all,ru_imperative_2sg_all,ru_1pl_pf_all,ru_display_infinitive,ru_display_perfective,ru_te_prompt,agentivity,ru_passive_prompt,passive_naturalness,passive_prompt_strategy,ru_causative_prompt,ru_causative_passive_prompt,train_general,train_potential,train_passive,train_passive_context,train_causative,train_causative_passive,train_imperative,train_volitional,train_desire,train_benefactive,train_request,train_advice,train_toki,ru_causative_alt_prompt
au,会う,あう,au,встречаться,N5,godan-u,a,会い,会った,会って,会わない,会えば,会ったら,会える,,会われる,会わせる,会わせられる,会え,会うな,会おう,会いたい,会わなければ,会わなきゃ,会わなくちゃ,встречаться,встретиться,встречаюсь,буду встречаться,встречался(ась),встретился(ась),встречусь,встречусь,встретившись,встреться,встретимся,Пассив: встречаться,заставить встретиться,быть вынужденным встретиться,会,会,う,u,う,u,い,i,わ,wa,え,e,え,e,って,tte,って,tte,った,tta,った,tta,え,e,え,e,われ,ware,わ|れ,wa|re,わせ,wase,わ|せ,wa|se,わせられ,waserare,わ|せ|ら|れ,wa|se|ra|re,え,e,え,e,おう,ou,お|う,o|u,wa|i|e|o,,,,,"встречаться, встречать",встречать,встречаться,встретиться,встречаюсь,буду встречаться,встречался(ась),встретился(ась),встречусь,встречусь,встретившись,встреться,встретимся,встречаться,встретиться,встретиться и затем…,agentive,Пассив: встречаться,contextual,grammar_label,заставить встретиться,быть вынужденным встретиться,1,1,0,1,1,1,1,1,1,1,1,1,1,разрешить встретиться
aku,開く,あく,aku,открываться,N5,godan-ku,ak,開き,開いた,開いて,開かない,開けば,開いたら,開ける,,開かれる,開かせる,開かせられる,開け,開くな,開こう,開きたい,開かなければ,開かなきゃ,開かなくちゃ,открываться,открыться,открывается,буду открываться,открывалось,открылось,откроется,откроется,открывшись,откройся,откроемся,Пассив: открываться,заставить открыться,быть вынужденным открыться,開,開,く,ku,く,ku,き,ki,か,ka,け,ke,け,ke,いて,ite,いて,ite,いた,ita,いた,ita,け,ke,け,ke,かれ,kare,か|れ,ka|re,かせ,kase,か|せ,ka|se,かせられ,kaserare,か|せ|ら|れ,ka|se|ra|re,け,ke,け,ke,こう,kou,こ|う,ko|u,ka|ki|ke|ko,,,,,открываться,,открываться,открыться,открывается,буду открываться,открывалось,открылось,откроется,откроется,открывшись,откройся,откроемся,открываться,открыться,открыться и затем…,agentive,Пассив: открываться,contextual,grammar_label,заставить открыться,быть вынужденным открыться,1,1,0,1,1,1,1,1,1,1,1,1,1,разрешить открыться
akeru,開ける,あける,akeru,открывать,N5,ichidan,ake,開け,開けた,開けて,開けない,開ければ,開けたら,開けられる,開けれる,開けられる,開けさせる,開けさせられる,開けろ,開けるな,開けよう,開けたい,開けなければ,開けなきゃ,開けなくちゃ,открывать,открыть,открываю,буду открывать,открывал(а),открыл(а),открою,открою,открыв,открой,откроем,быть открытым,заставить открыть,быть вынужденным открыть,開け,開け,る,ru,る,ru,,,,,れ,re,れ,re,て,te,て,te,た,ta,た,ta,られ,rare,ら|れ,ra|re,られ,rare,ら|れ,ra|re,させ,sase,さ|せ,sa|se,させられ,saserare,さ|せ|ら|れ,sa|se|ra|re,ろ,ro,ろ,ro,よう,you,よ|う,yo|u,ra|sa|re|ro|yo,れ,re,れ,re,открывать,,открывать,открыть,открываю,буду открывать,открывал(а),открыл(а),открою,открою,открыв,открой,откроем,открывать,открыть,открыть и затем…,agentive,быть открытым,natural,natural,заставить открыть,быть вынужденным открыть,1,1,1,0,1,1,1,1,1,1,1,1,1,разрешить открыть
ageru,上げる,あげる,ageru,поднимать,N5,ichidan,age,上げ,上げた,上げて,上げない,上げれば,上げたら,上げられる,上げれる,上げられる,上げさせる,上げさせられる,上げろ,上げるな,上げよう,上げたい,上げなければ,上げなきゃ,上げなくちゃ,поднимать,поднять,поднимаю,буду поднимать,поднимал(а),поднял(а),подниму,подниму,подняв,подними,поднимем,Пассив: поднимать,заставить поднять,быть вынужденным поднять,上げ,上げ,る,ru,る,ru,,,,,れ,re,れ,re,て,te,て,te,た,ta,た,ta,られ,rare,ら|れ,ra|re,られ,rare,ら|れ,ra|re,させ,sase,さ|せ,sa|se,させられ,saserare,さ|せ|ら|れ,sa|se|ra|re,ろ,ro,ろ,ro,よう,you,よ|う,yo|u,ra|sa|re|ro|yo,れ,re,れ,re,поднимать,,поднимать,поднять,поднимаю,буду поднимать,поднимал(а),поднял(а),подниму,подниму,подняв,подними,поднимем,поднимать,поднять,поднять и затем…,agentive,Пассив: поднимать,contextual,grammar_label,заставить поднять,быть вынужденным поднять,1,1,0,1,1,1,1,1,1,1,1,1,1,разрешить поднять
asobu,遊ぶ,あそぶ,asobu,играть,N5,godan-bu,asob,遊び,遊んだ,遊んで,遊ばない,遊べば,遊んだら,遊べる,,遊ばれる,遊ばせる,遊ばせられる,遊べ,遊ぶな,遊ぼう,遊びたい,遊ばなければ,遊ばなきゃ,遊ばなくちゃ,играть,поиграть,играю,буду играть,играл(а),поиграл(а),поиграю,поиграю,поиграв,играй,поиграем,Пассив: играть,заставить поиграть,быть вынужденным поиграть,遊,遊,ぶ,bu,ぶ,bu,び,bi,ば,ba,べ,be,べ,be,んで,nで,んで,nで,んだ,nだ,んだ,nだ,べ,be,べ,be,ばれ,bare,ば|れ,ba|re,ばせ,base,ば|せ,ba|se,ばせられ,baserare,ば|せ|ら|れ,ba|se|ra|re,べ,be,べ,be,ぼう,bou,ぼ|う,bo|u,ba|bi|be|bo,,,,,"играть, развлекаться",развлекаться,играть / развлекаться,поиграть / развлечься,играю / развлекаюсь,буду играть / развлекаться,играл(а) / развлекался(ась),поиграл(а) / развлёкся(лась),поиграю / развлекусь,поиграю / развлекусь,поиграв / развлёкшись,играй,поиграем,играть,поиграть,поиграть и затем…,agentive,Пассив: играть,contextual,grammar_label,заставить поиграть,быть вынужденным поиграть,1,1,0,1,1,1,1,1,1,1,1,1,1,разрешить поиграть
abiru,浴びる,あびる,abiru,принимать душ,N5,ichidan,abi,浴び,浴びた,浴びて,浴びない,浴びれば,浴びたら,浴びられる,浴びれる,浴びられる,浴びさせる,浴びさせられる,浴びろ,浴びるな,浴びよう,浴びたい,浴びなければ,浴びなきゃ,浴びなくちゃ,принимать душ,принять душ,принимаю душ,буду принимать душ,принимал(а) душ,принял(а) душ,приму душ,приму душ,приняв душ,прими душ,примем душ,Пассив: принимать душ,заставить принять душ,быть вынужденным принять душ,浴び,浴び,る,ru,る,ru,,,,,れ,re,れ,re,て,te,て,te,た,ta,た,ta,られ,rare,ら|れ,ra|re,られ,rare,ら|れ,ra|re,させ,sase,さ|せ,sa|se,させられ,saserare,さ|せ|ら|れ,sa|se|ra|re,ろ,ro,ろ,ro,よう,you,よ|う,yo|u,ra|sa|re|ro|yo,れ,re,れ,re,принимать душ,,принимать душ,принять душ,принимаю душ,буду принимать душ,принимал(а) душ,принял(а) душ,приму душ,приму душ,приняв душ,прими душ,примем душ,принимать душ,принять душ,принять душ и затем…,agentive,Пассив: принимать душ,contextual,grammar_label,заставить принять душ,быть вынужденным принять душ,1,1,0,1,1,1,1,1,1,1,1,1,1,разрешить принять душ
arau,洗う,あらう,arau,мыть,N5,godan-u,ara,洗い,洗った,洗って,洗わない,洗えば,洗ったら,洗える,,洗われる,洗わせる,洗わせられる,洗え,洗うな,洗おう,洗いたい,洗わなければ,洗わなきゃ,洗わなくちゃ,мыть,помыть,мою,буду мыть,мыл(а),помыл(а),помою,помою,помыв,мой,помоем,Пассив: мыть,заставить помыть,быть вынужденным помыть,洗,洗,う,u,う,u,い,i,わ,wa,え,e,え,e,って,tte,って,tte,った,tta,った,tta,え,e,え,e,われ,ware,わ|れ,wa|re,わせ,wase,わ|せ,wa|se,わせられ,waserare,わ|せ|ら|れ,wa|se|ra|re,え,e,え,e,おう,ou,お|う,o|u,wa|i|e|o,,,,,мыть,,мыть,помыть,мою,буду мыть,мыл(а),помыл(а),помою,помою,помыв,мой,помоем,мыть,помыть,помыть и затем…,agentive,Пассив: мыть,contextual,grammar_label,заставить помыть,быть вынужденным помыть,1,1,0,1,1,1,1,1,1,1,1,1,1,разрешить помыть
aru,ある,ある,aru,быть,N5,aru,a,あり,あった,あって,ない,あれば,あったら,,,,,,あれ,あるな,あろう,ありたい,なければ,なきゃ,なくちゃ,быть,побыть,есть,будет,был(а),был(а),будет,будет,будучи,,,Пассив: быть,заставить побыть,быть вынужденным побыть,あ,,る,ru,る,ru,り,ri,,,れ,re,れ,re,って,tte,って,tte,った,tta,った,tta,,,,,,,,,,,,,,,,,れ,re,れ,re,ろう,rou,ろ|う,ro|u,ri|re|ro,,,,,быть; иметься,иметься,быть,побыть,есть,буду быть,был(а),побывал(а),будет,будет,побыв,будь,побудем,быть,побыть,побыть и затем…,non_agentive,Пассив: быть,exclude,grammar_label,заставить побыть,быть вынужденным побыть,1,0,0,0,0,0,0,0,0,0,0,0,1,разрешить побыть
aruku,歩く,あるく,aruku,ходить пешком,N5,godan-ku,aruk,歩き,歩いた,歩いて,歩かない,歩けば,歩いたら,歩ける,,歩かれる,歩かせる,歩かせられる,歩け,歩くな,歩こう,歩きたい,歩かなければ,歩かなきゃ,歩かなくちゃ,ходить,пройтись,хожу,буду ходить,ходил(а),прошёлся / прошлась,пройдусь,пройдусь,пройдясь,иди пешком,пройдёмся,Пассив: ходить,заставить пройтись,быть вынужденным пройтись,歩,歩,く,ku,く,ku,き,ki,か,ka,け,ke,け,ke,いて,ite,いて,ite,いた,ita,いた,ita,け,ke,け,ke,かれ,kare,か|れ,ka|re,かせ,kase,か|せ,ka|se,かせられ,kaserare,か|せ|ら|れ,ka|se|ra|re,け,ke,け,ke,こう,kou,こ|う,ko|u,ka|ki|ke|ko,,,,,ходить пешком,,ходить,пройтись,хожу,буду ходить,ходил(а),прошёлся / прошлась,пройдусь,пройдусь,пройдясь,иди пешком,пройдёмся,ходить,пройтись,пройтись и затем…,agentive,Пассив: ходить,contextual,grammar_label,заставить пройтись,быть вынужденным пройтись,1,1,0,1,1,1,1,1,1,1,1,1,1,разрешить пройтись
iu,言う,いう,iu,говорить,N5,godan-u,i,言い,言った,言って,言わない,言えば,言ったら,言える,,言われる,言わせる,言わせられる,言え,言うな,言おう,言いたい,言わなければ,言わなきゃ,言わなくちゃ,говорить,сказать,говорю,буду говорить,говорил(а),сказал(а),скажу,скажу,сказав,скажи,скажем,Пассив: говорить,заставить сказать,быть вынужденным сказать,言,言,う,u,う,u,い,i,わ,wa,え,e,え,e,って,tte,って,tte,った,tta,った,tta,え,e,え,e,われ,ware,わ|れ,wa|re,わせ,wase,わ|せ,wa|se,わせられ,waserare,わ|せ|ら|れ,wa|se|ra|re,え,e,え,e,おう,ou,お|う,o|u,wa|i|e|o,,,,,говорить; сказать,сказать,говорить,сказать,говорю,буду говорить,говорил(а),сказал(а),скажу,скажу,сказав,скажи,скажем,говорить,сказать,сказать и затем…,agentive,Пассив: говорить,contextual,grammar_label,заставить сказать,быть вынужденным сказать,1,1,0,1,1,1,1,1,1,1,1,1,1,разрешить сказать
iku,行く,いく,iku,идти,N5,godan-ku,ik,行き,行った,行って,行かない,行けば,行ったら,行ける,,行かれる,行かせる,行かせられる,行け,行くな,行こう,行きたい,行かなければ,行かなきゃ,行かなくちゃ,идти,пойти,иду,буду идти,шёл / шла,пошёл / пошла,пойду,пойду,пойдя,иди,пойдём,Пассив: идти,заставить пойти,быть вынужденным пойти,行,行,く,ku,く,ku,き,ki,か,ka,け,ke,け,ke,って,tte,って,tte,った,tta,った,tta,け,ke,け,ke,かれ,kare,か|れ,ka|re,かせ,kase,か|せ,ka|se,かせられ,kaserare,か|せ|ら|れ,ka|se|ra|re,け,ke,け,ke,こう,kou,こ|う,ko|u,ka|ki|ke|ko,,,,,"идти, ехать",ехать,идти / ехать,пойти / поехать,иду / еду,буду идти / ехать,шёл / шла; ехал(а),пошёл / пошла; поехал(а),пойду / поеду,пойду / поеду,пойдя / поехав,иди / езжай,пойдём / поедем,идти,пойти,пойти и затем…,agentive,Пассив: идти,contextual,grammar_label,заставить пойти,быть вынужденным пойти,1,1,0,1,1,1,1,1,1,1,1,1,1,разрешить пойти
iru,要る,いる,iru,быть нужным,N5,godan-ru,i,要り,要った,要って,要らない,要れば,要ったら,要れる,,要られる,要らせる,要らせられる,要れ,要るな,要ろう,要りたい,要らなければ,要らなきゃ,要らなくちゃ,требоваться,потребоваться,требуется,буду требоваться,требовалось,потребовалось,потребуется,потребуется,потребовавшись,,,Пассив: требоваться,заставить потребоваться,быть вынужденным потребоваться,要,要,る,ru,る,ru,り,ri,ら,ra,れ,re,れ,re,って,tte,って,tte,った,tta,った,tta,れ,re,れ,re,られ,rare,ら|れ,ra|re,らせ,rase,ら|せ,ra|se,らせられ,raserare,ら|せ|ら|れ,ra|se|ra|re,れ,re,れ,re,ろう,rou,ろ|う,ro|u,ra|ri|re|ro,,,,,быть нужным; требоваться,требоваться,требоваться,потребоваться,требуется,буду требоваться,требовалось,потребовалось,потребуется,потребуется,потребовавшись,—,—,требоваться,потребоваться,потребоваться и затем…,non_agentive,Пассив: требоваться,exclude,grammar_label,заставить потребоваться,быть вынужденным потребоваться,1,0,0,0,0,0,0,0,0,0,0,0,1,разрешить потребоваться
ireru,入れる,いれる,ireru,класть внутрь,N5,ichidan,ire,入れ,入れた,入れて,入れない,入れれば,入れたら,入れられる,入れれる,入れられる,入れさせる,入れさせられる,入れろ,入れるな,入れよう,入れたい,入れなければ,入れなきゃ,入れなくちゃ,класть,положить,кладу,буду класть,клал(а),положил(а),положу,положу,положив,положи,положим,Пассив: класть,заставить положить,быть вынужденным положить,入れ,入れ,る,ru,る,ru,,,,,れ,re,れ,re,て,te,て,te,た,ta,た,ta,られ,rare,ら|れ,ra|re,られ,rare,ら|れ,ra|re,させ,sase,さ|せ,sa|se,させられ,saserare,さ|せ|ら|れ,sa|se|ra|re,ろ,ro,ろ,ro,よう,you,よ|う,yo|u,ra|sa|re|ro|yo,れ,re,れ,re,класть внутрь; включать,включать,класть / включать,положить / включить,кладу / включаю,буду класть / включать,клал(а) / включал(а),положил(а) / включил(а),положу / включу,положу / включу,положив / включив,положи / включи,положим / включим,класть,положить,положить и затем…,agentive,Пассив: класть,contextual,grammar_label,заставить положить,быть вынужденным положить,1,1,0,1,1,1,1,1,1,1,1,1,1,разрешить положить
utau,歌う,うたう,utau,петь,N5,godan-u,uta,歌い,歌った,歌って,歌わない,歌えば,歌ったら,歌える,,歌われる,歌わせる,歌わせられる,歌え,歌うな,歌おう,歌いたい,歌わなければ,歌わなきゃ,歌わなくちゃ,петь,спеть,пою,буду петь,пел(а),спел(а),спою,спою,спев,спой,споём,Пассив: петь,заставить спеть,быть вынужденным спеть,歌,歌,う,u,う,u,い,i,わ,wa,え,e,え,e,って,tte,って,tte,った,tta,った,tta,え,e,え,e,われ,ware,わ|れ,wa|re,わせ,wase,わ|せ,wa|se,わせられ,waserare,わ|せ|ら|れ,wa|se|ra|re,え,e,え,e,おう,ou,お|う,o|u,wa|i|e|o,,,,,петь,,петь,спеть,пою,буду петь,пел(а),спел(а),спою,спою,спев,спой,споём,петь,спеть,спеть и затем…,agentive,Пассив: петь,contextual,grammar_label,заставить спеть,быть вынужденным спеть,1,1,0,1,1,1,1,1,1,1,1,1,1,разрешить спеть
umareru,生まれる,うまれる,umareru,рождаться,N5,ichidan,umare,生まれ,生まれた,生まれて,生まれない,生まれれば,生まれたら,生まれられる,生まれれる,生まれられる,生まれさせる,生まれさせられる,生まれろ,生まれるな,生まれよう,生まれたい,生まれなければ,生まれなきゃ,生まれなくちゃ,рождаться,родиться,рождаюсь,буду рождаться,рождался(ась),родился(ась),рожусь,рожусь,родившись,,,Пассив: рождаться,заставить родиться,быть вынужденным родиться,生まれ,生まれ,る,ru,る,ru,,,,,れ,re,れ,re,て,te,て,te,た,ta,た,ta,られ,rare,ら|れ,ra|re,られ,rare,ら|れ,ra|re,させ,sase,さ|せ,sa|se,させられ,saserare,さ|せ|ら|れ,sa|se|ra|re,ろ,ro,ろ,ro,よう,you,よ|う,yo|u,ra|sa|re|ro|yo,れ,re,れ,re,рождаться,,рождаться,родиться,рождаюсь,буду рождаться,рождался(ась),родился(ась),рожусь,рожусь,родившись,—,—,рождаться,родиться,родиться и затем…,non_agentive,Пассив: рождаться,exclude,grammar_label,заставить родиться,быть вынужденным родиться,1,0,0,0,0,0,0,0,0,0,0,0,1,разрешить родиться
uru,売る,うる,uru,продавать,N5,godan-ru,u,売り,売った,売って,売らない,売れば,売ったら,売れる,,売られる,売らせる,売らせられる,売れ,売るな,売ろう,売りたい,売らなければ,売らなきゃ,売らなくちゃ,продавать,продать,продаю,буду продавать,продавал(а),продал(а),продам,продам,продав,продай,продадим,быть проданным,заставить продать,быть вынужденным продать,売,売,る,ru,る,ru,り,ri,ら,ra,れ,re,れ,re,って,tte,って,tte,った,tta,った,tta,れ,re,れ,re,られ,rare,ら|れ,ra|re,らせ,rase,ら|せ,ra|se,らせられ,raserare,ら|せ|ら|れ,ra|se|ra|re,れ,re,れ,re,ろう,rou,ろ|う,ro|u,ra|ri|re|ro,,,,,продавать,,продавать,продать,продаю,буду продавать,продавал(а),продал(а),продам,продам,продав,продай,продадим,продавать,продать,продать и затем…,agentive,быть проданным,natural,natural,заставить продать,быть вынужденным продать,1,1,1,0,1,1,1,1,1,1,1,1,1,разрешить продать
okiru,起きる,おきる,okiru,вставать,N5,ichidan,oki,起き,起きた,起きて,起きない,起きれば,起きたら,起きられる,起きれる,起きられる,起きさせる,起きさせられる,起きろ,起きるな,起きよう,起きたい,起きなければ,起きなきゃ,起きなくちゃ,вставать,встать,встаю,буду вставать,вставал(а),встал(а),встану,встану,встав,вставай,встанем,Пассив: вставать,заставить встать,быть вынужденным встать,起き,起き,る,ru,る,ru,,,,,れ,re,れ,re,て,te,て,te,た,ta,た,ta,られ,rare,ら|れ,ra|re,られ,rare,ら|れ,ra|re,させ,sase,さ|せ,sa|se,させられ,saserare,さ|せ|ら|れ,sa|se|ra|re,ろ,ro,ろ,ro,よう,you,よ|う,yo|u,ra|sa|re|ro|yo,れ,re,れ,re,"вставать, просыпаться",просыпаться,вставать / просыпаться,встать / проснуться,встаю / просыпаюсь,буду вставать / просыпаться,вставал(а) / просыпался(ась),встал(а) / проснулся(лась),встану / проснусь,встану / проснусь,встав / проснувшись,вставай,встанем,вставать,встать,встать и затем…,agentive,Пассив: вставать,contextual,grammar_label,заставить встать,быть вынужденным встать,1,1,0,1,1,1,1,1,1,1,1,1,1,разрешить встать
oku,置く,おく,oku,класть,N5,godan-ku,ok,置き,置いた,置いて,置かない,置けば,置いたら,置ける,,置かれる,置かせる,置かせられる,置け,置くな,置こう,置きたい,置かなければ,置かなきゃ,置かなくちゃ,класть,положить,кладу,буду класть,клал(а),положил(а),положу,положу,положив,положи,положим,быть поставленным,заставить положить,быть вынужденным положить,置,置,く,ku,く,ku,き,ki,か,ka,け,ke,け,ke,いて,ite,いて,ite,いた,ita,いた,ita,け,ke,け,ke,かれ,kare,か|れ,ka|re,かせ,kase,か|せ,ka|se,かせられ,kaserare,か|せ|ら|れ,ka|se|ra|re,け,ke,け,ke,こう,kou,こ|う,ko|u,ka|ki|ke|ko,,,,,класть; ставить,ставить,класть / ставить,положить / поставить,кладу / ставлю,буду класть / ставить,клал(а) / ставил(а),положил(а) / поставил(а),положу / поставлю,положу / поставлю,положив / поставив,положи / поставь,положим / поставим,класть,положить,положить и затем…,agentive,быть поставленным,natural,natural,заставить положить,быть вынужденным положить,1,1,1,0,1,1,1,1,1,1,1,1,1,разрешить положить
oshieru,教える,おしえる,oshieru,обучать,N5,ichidan,oshie,教え,教えた,教えて,教えない,教えれば,教えたら,教えられる,教えれる,教えられる,教えさせる,教えさせられる,教えろ,教えるな,教えよう,教えたい,教えなければ,教えなきゃ,教えなくちゃ,учить,научить,учу,буду учить,учил(а),научил(а),научу,научу,научив,научи,научим,Пассив: учить,заставить научить,быть вынужденным научить,教え,教え,る,ru,る,ru,,,,,れ,re,れ,re,て,te,て,te,た,ta,た,ta,られ,rare,ら|れ,ra|re,られ,rare,ら|れ,ra|re,させ,sase,さ|せ,sa|se,させられ,saserare,さ|せ|ら|れ,sa|se|ra|re,ろ,ro,ろ,ro,よう,you,よ|う,yo|u,ra|sa|re|ro|yo,れ,re,れ,re,"обучать, сообщать",сообщать,учить / сообщать,научить / сообщить,учу / сообщаю,буду учить / сообщать,учил(а) / сообщал(а),научил(а) / сообщил(а),научу / сообщу,научу / сообщу,научив / сообщив,научи / сообщи,научим / сообщим,учить,научить,научить и затем…,agentive,Пассив: учить,contextual,grammar_label,заставить научить,быть вынужденным научить,1,1,0,1,1,1,1,1,1,1,1,1,1,разрешить научить
osu,押す,おす,osu,нажимать,N5,godan-su,os,押し,押した,押して,押さない,押せば,押したら,押せる,,押される,押させる,押させられる,押せ,押すな,押そう,押したい,押さなければ,押さなきゃ,押さなくちゃ,нажимать,нажать,нажимаю,буду нажимать,нажимал(а),нажал(а),нажму,нажму,нажав,нажми,нажмём,быть нажатым,заставить нажать,быть вынужденным нажать,押,押,す,su,す,su,し,shi,さ,sa,せ,se,せ,se,して,shite,して,shite,した,shita,した,shita,せ,se,せ,se,され,sare,さ|れ,sa|re,させ,sase,さ|せ,sa|se,させられ,saserare,さ|せ|ら|れ,sa|se|ra|re,せ,se,せ,se,そう,sou,そ|う,so|u,sa|shi|se|so,,,,,нажимать; толкать,толкать,нажимать / толкать,нажать / толкнуть,нажимаю / толкаю,буду нажимать / толкать,нажимал(а) / толкал(а),нажал(а) / толкнул(а),нажму / толкну,нажму / толкну,нажав / толкнув,нажми / толкни,нажмём / толкнём,нажимать,нажать,нажать и затем…,agentive,быть нажатым,natural,natural,заставить нажать,быть вынужденным нажать,1,1,1,0,1,1,1,1,1,1,1,1,1,разрешить нажать
oboeru,覚える,おぼえる,oboeru,запоминать,N5,ichidan,oboe,覚え,覚えた,覚えて,覚えない,覚えれば,覚えたら,覚えられる,覚えれる,覚えられる,覚えさせる,覚えさせられる,覚えろ,覚えるな,覚えよう,覚えたい,覚えなければ,覚えなきゃ,覚えなくちゃ,запоминать,запомнить,запоминаю,буду запоминать,запоминал(а),запомнил(а),запомню,запомню,запомнив,запомни,запомним,Пассив: запоминать,заставить запомнить,быть вынужденным запомнить,覚え,覚え,る,ru,る,ru,,,,,れ,re,れ,re,て,te,て,te,た,ta,た,ta,られ,rare,ら|れ,ra|re,られ,rare,ら|れ,ra|re,させ,sase,さ|せ,sa|se,させられ,saserare,さ|せ|ら|れ,sa|se|ra|re,ろ,ro,ろ,ro,よう,you,よ|う,yo|u,ra|sa|re|ro|yo,れ,re,れ,re,запоминать,,запоминать,запомнить,запоминаю,буду запоминать,запоминал(а),запомнил(а),запомню,запомню,запомнив,запомни,запомним,запоминать,запомнить,запомнить и затем…,agentive,Пассив: запоминать,contextual,grammar_label,заставить запомнить,быть вынужденным запомнить,1,1,0,1,1,1,1,1,1,1,1,1,1,разрешить запомнить
oyogu,泳ぐ,およぐ,oyogu,плавать,N5,godan-gu,oyog,泳ぎ,泳いだ,泳いで,泳がない,泳げば,泳いだら,泳げる,,泳がれる,泳がせる,泳がせられる,泳げ,泳ぐな,泳ごう,泳ぎたい,泳がなければ,泳がなきゃ,泳がなくちゃ,плавать,поплавать,плаваю,буду плавать,плавал(а),поплавал(а),поплаваю,поплаваю,поплавав,плавай,поплаваем,Пассив: плавать,заставить поплавать,быть вынужденным поплавать,泳,泳,ぐ,gu,ぐ,gu,ぎ,gi,が,ga,げ,ge,げ,ge,いで,iで,いで,iで,いだ,iだ,いだ,iだ,げ,ge,げ,ge,がれ,gare,が|れ,ga|re,がせ,gase,が|せ,ga|se,がせられ,gaserare,が|せ|ら|れ,ga|se|ra|re,げ,ge,げ,ge,ごう,gou,ご|う,go|u,ga|gi|ge|go,,,,,плавать,,плавать,поплавать,плаваю,буду плавать,плавал(а),поплавал(а),поплаваю,поплаваю,поплавав,плавай,поплаваем,плавать,поплавать,поплавать и затем…,agentive,Пассив: плавать,contextual,grammar_label,заставить поплавать,быть вынужденным поплавать,1,1,0,1,1,1,1,1,1,1,1,1,1,разрешить поплавать
oriru,降りる,おりる,oriru,выходить из транспорта,N5,ichidan,ori,降り,降りた,降りて,降りない,降りれば,降りたら,降りられる,降りれる,降りられる,降りさせる,降りさせられる,降りろ,降りるな,降りよう,降りたい,降りなければ,降りなきゃ,降りなくちゃ,выходить,выйти,выхожу,буду выходить,выходил(а),вышел / вышла,выйду,выйду,выйдя,выходи,выйдем,Пассив: выходить,заставить выйти,быть вынужденным выйти,降り,降り,る,ru,る,ru,,,,,れ,re,れ,re,て,te,て,te,た,ta,た,ta,られ,rare,ら|れ,ra|re,られ,rare,ら|れ,ra|re,させ,sase,さ|せ,sa|se,させられ,saserare,さ|せ|ら|れ,sa|se|ra|re,ろ,ro,ろ,ro,よう,you,よ|う,yo|u,ra|sa|re|ro|yo,れ,re,れ,re,выходить из транспорта; спускаться,спускаться,выходить / спускаться,выйти / спуститься,выхожу / спускаюсь,буду выходить / спускаться,выходил(а) / спускался(ась),вышел / вышла; спустился(ась),выйду / спущусь,выйду / спущусь,выйдя / спустившись,выходи / спускайся,выйдем / спустимся,выходить,выйти,выйти и затем…,agentive,Пассив: выходить,contextual,grammar_label,заставить выйти,быть вынужденным выйти,1,1,0,1,1,1,1,1,1,1,1,1,1,разрешить выйти
kau,買う,かう,kau,покупать,N5,godan-u,ka,買い,買った,買って,買わない,買えば,買ったら,買える,,買われる,買わせる,買わせられる,買え,買うな,買おう,買いたい,買わなければ,買わなきゃ,買わなくちゃ,покупать,купить,покупаю,буду покупать,покупал(а),купил(а),куплю,куплю,купив,купи,купим,быть купленным,заставить купить,быть вынужденным купить,買,買,う,u,う,u,い,i,わ,wa,え,e,え,e,って,tte,って,tte,った,tta,った,tta,え,e,え,e,われ,ware,わ|れ,wa|re,わせ,wase,わ|せ,wa|se,わせられ,waserare,わ|せ|ら|れ,wa|se|ra|re,え,e,え,e,おう,ou,お|う,o|u,wa|i|e|o,,,,,покупать,,покупать,купить,покупаю,буду покупать,покупал(а),купил(а),куплю,куплю,купив,купи,купим,покупать,купить,купить и затем…,agentive,быть купленным,natural,natural,заставить купить,быть вынужденным купить,1,1,1,0,1,1,1,1,1,1,1,1,1,разрешить купить
kaesu,返す,かえす,kaesu,возвращать,N5,godan-su,kaes,返し,返した,返して,返さない,返せば,返したら,返せる,,返される,返させる,返させられる,返せ,返すな,返そう,返したい,返さなければ,返さなきゃ,返さなくちゃ,возвращать,вернуть,возвращаю,буду возвращать,возвращал(а),вернул(а),верну,верну,вернув,верни,вернём,Пассив: возвращать,заставить вернуть,быть вынужденным вернуть,返,返,す,su,す,su,し,shi,さ,sa,せ,se,せ,se,して,shite,して,shite,した,shita,した,shita,せ,se,せ,se,され,sare,さ|れ,sa|re,させ,sase,さ|せ,sa|se,させられ,saserare,さ|せ|ら|れ,sa|se|ra|re,せ,se,せ,se,そう,sou,そ|う,so|u,sa|shi|se|so,,,,,возвращать,,возвращать,вернуть,возвращаю,буду возвращать,возвращал(а),вернул(а),верну,верну,вернув,верни,вернём,возвращать,вернуть,вернуть и затем…,agentive,Пассив: возвращать,contextual,grammar_label,заставить вернуть,быть вынужденным вернуть,1,1,0,1,1,1,1,1,1,1,1,1,1,разрешить вернуть
kaeru,帰る,かえる,kaeru,возвращаться домой,N5,godan-ru,kae,帰り,帰った,帰って,帰らない,帰れば,帰ったら,帰れる,,帰られる,帰らせる,帰らせられる,帰れ,帰るな,帰ろう,帰りたい,帰らなければ,帰らなきゃ,帰らなくちゃ,возвращаться,вернуться,возвращаюсь,буду возвращаться,возвращался(ась),вернулся(лась),вернусь,вернусь,вернувшись,возвращайся,вернёмся,Пассив: возвращаться,заставить вернуться,быть вынужденным вернуться,帰,帰,る,ru,る,ru,り,ri,ら,ra,れ,re,れ,re,って,tte,って,tte,った,tta,った,tta,れ,re,れ,re,られ,rare,ら|れ,ra|re,らせ,rase,ら|せ,ra|se,らせられ,raserare,ら|せ|ら|れ,ra|se|ra|re,れ,re,れ,re,ろう,rou,ろ|う,ro|u,ra|ri|re|ro,,,,,возвращаться домой,,возвращаться,вернуться,возвращаюсь,буду возвращаться,возвращался(ась),вернулся(лась),вернусь,вернусь,вернувшись,возвращайся,вернёмся,возвращаться,вернуться,вернуться и затем…,agentive,Пассив: возвращаться,contextual,grammar_label,заставить вернуться,быть вынужденным вернуться,1,1,0,1,1,1,1,1,1,1,1,1,1,разрешить вернуться
kaku,書く,かく,kaku,писать,N5,godan-ku,kak,書き,書いた,書いて,書かない,書けば,書いたら,書ける,,書かれる,書かせる,書かせられる,書け,書くな,書こう,書きたい,書かなければ,書かなきゃ,書かなくちゃ,писать,написать,пишу,буду писать,писал(а),написал(а),напишу,напишу,написав,пиши,напишем,быть написанным,заставить написать,быть вынужденным написать,書,書,く,ku,く,ku,き,ki,か,ka,け,ke,け,ke,いて,ite,いて,ite,いた,ita,いた,ita,け,ke,け,ke,かれ,kare,か|れ,ka|re,かせ,kase,か|せ,ka|se,かせられ,kaserare,か|せ|ら|れ,ka|se|ra|re,け,ke,け,ke,こう,kou,こ|う,ko|u,ka|ki|ke|ko,,,,,писать,,писать,написать,пишу,буду писать,писал(а),написал(а),напишу,напишу,написав,пиши,напишем,писать,написать,написать и затем…,agentive,быть написанным,natural,natural,заставить написать,быть вынужденным написать,1,1,1,0,1,1,1,1,1,1,1,1,1,разрешить написать
kakeru,掛ける,かける,kakeru,звонить,N5,ichidan,kake,掛け,掛けた,掛けて,掛けない,掛ければ,掛けたら,掛けられる,掛けれる,掛けられる,掛けさせる,掛けさせられる,掛けろ,掛けるな,掛けよう,掛けたい,掛けなければ,掛けなきゃ,掛けなくちゃ,звонить,позвонить,звоню,буду звонить,звонил(а),позвонил(а),позвоню,позвоню,позвонив,позвони,позвоним,Пассив: звонить,заставить позвонить,быть вынужденным позвонить,掛け,掛け,る,ru,る,ru,,,,,れ,re,れ,re,て,te,て,te,た,ta,た,ta,られ,rare,ら|れ,ra|re,られ,rare,ら|れ,ra|re,させ,sase,さ|せ,sa|se,させられ,saserare,さ|せ|ら|れ,sa|se|ra|re,ろ,ro,ろ,ro,よう,you,よ|う,yo|u,ra|sa|re|ro|yo,れ,re,れ,re,вешать; звонить; надевать очки,вешать | надевать очки,вешать / звонить,повесить / позвонить,вешаю / звоню,буду вешать / звонить,вешал(а) / звонил(а),повесил(а) / позвонил(а),повешу / позвоню,повешу / позвоню,повесив / позвонив,повесь / позвони,повесим / позвоним,звонить,позвонить,позвонить и затем…,agentive,Пассив: звонить,contextual,grammar_label,заставить позвонить,быть вынужденным позвонить,1,1,0,1,1,1,1,1,1,1,1,1,1,разрешить позвонить
kasu,貸す,かす,kasu,давать взаймы,N5,godan-su,kas,貸し,貸した,貸して,貸さない,貸せば,貸したら,貸せる,,貸される,貸させる,貸させられる,貸せ,貸すな,貸そう,貸したい,貸さなければ,貸さなきゃ,貸さなくちゃ,давать взаймы,одолжить,даю взаймы,буду давать взаймы,давал(а) взаймы,одолжил(а),одолжу,одолжу,одолжив,одолжи,одолжим,Пассив: давать взаймы,заставить одолжить,быть вынужденным одолжить,貸,貸,す,su,す,su,し,shi,さ,sa,せ,se,せ,se,して,shite,して,shite,した,shita,した,shita,せ,se,せ,se,され,sare,さ|れ,sa|re,させ,sase,さ|せ,sa|se,させられ,saserare,さ|せ|ら|れ,sa|se|ra|re,せ,se,せ,se,そう,sou,そ|う,so|u,sa|shi|se|so,,,,,давать взаймы,,давать взаймы,одолжить,даю взаймы,буду давать взаймы,давал(а) взаймы,одолжил(а),одолжу,одолжу,одолжив,одолжи,одолжим,давать взаймы,одолжить,одолжить и затем…,agentive,Пассив: давать взаймы,contextual,grammar_label,заставить одолжить,быть вынужденным одолжить,1,1,0,1,1,1,1,1,1,1,1,1,1,разрешить одолжить
kaburu,かぶる,かぶる,kaburu,надевать на голову,N5,godan-ru,kabu,かぶり,かぶった,かぶって,かぶらない,かぶれば,かぶったら,かぶれる,,かぶられる,かぶらせる,かぶらせられる,かぶれ,かぶるな,かぶろう,かぶりたい,かぶらなければ,かぶらなきゃ,かぶらなくちゃ,надевать,надеть,надеваю,буду надевать,надевал(а),надел(а),надену,надену,надев,надень,наденем,Пассив: надевать,заставить надеть,быть вынужденным надеть,かぶ,かぶ,る,ru,る,ru,り,ri,ら,ra,れ,re,れ,re,って,tte,って,tte,った,tta,った,tta,れ,re,れ,re,られ,rare,ら|れ,ra|re,らせ,rase,ら|せ,ra|se,らせられ,raserare,ら|せ|ら|れ,ra|se|ra|re,れ,re,れ,re,ろう,rou,ろ|う,ro|u,ra|ri|re|ro,,,,,надевать на голову,,надевать,надеть,надеваю,буду надевать,надевал(а),надел(а),надену,надену,надев,надень,наденем,надевать,надеть,надеть и затем…,agentive,Пассив: надевать,contextual,grammar_label,заставить надеть,быть вынужденным надеть,1,1,0,1,1,1,1,1,1,1,1,1,1,разрешить надеть
kariru,借りる,かりる,kariru,брать взаймы,N5,ichidan,kari,借り,借りた,借りて,借りない,借りれば,借りたら,借りられる,借りれる,借りられる,借りさせる,借りさせられる,借りろ,借りるな,借りよう,借りたい,借りなければ,借りなきゃ,借りなくちゃ,брать взаймы,взять взаймы,беру взаймы,буду брать взаймы,брал(а) взаймы,взял(а) взаймы,возьму взаймы,возьму взаймы,взяв взаймы,возьми взаймы,возьмём взаймы,Пассив: брать взаймы,заставить взять взаймы,быть вынужденным взять взаймы,借り,借り,る,ru,る,ru,,,,,れ,re,れ,re,て,te,て,te,た,ta,た,ta,られ,rare,ら|れ,ra|re,られ,rare,ら|れ,ra|re,させ,sase,さ|せ,sa|se,させられ,saserare,さ|せ|ら|れ,sa|se|ra|re,ろ,ro,ろ,ro,よう,you,よ|う,yo|u,ra|sa|re|ro|yo,れ,re,れ,re,брать взаймы,,брать взаймы,взять взаймы,беру взаймы,буду брать взаймы,брал(а) взаймы,взял(а) взаймы,возьму взаймы,возьму взаймы,взяв взаймы,возьми взаймы,возьмём взаймы,брать взаймы,взять взаймы,взять взаймы и затем…,agentive,Пассив: брать взаймы,contextual,grammar_label,заставить взять взаймы,быть вынужденным взять взаймы,1,1,0,1,1,1,1,1,1,1,1,1,1,разрешить взять взаймы
kieru,消える,きえる,kieru,исчезать,N5,ichidan,kie,消え,消えた,消えて,消えない,消えれば,消えたら,消えられる,消えれる,消えられる,消えさせる,消えさせられる,消えろ,消えるな,消えよう,消えたい,消えなければ,消えなきゃ,消えなくちゃ,исчезать,исчезнуть,исчезаю,буду исчезать,исчезал(а),исчез(ла),исчезну,исчезну,исчезнув,,,Пассив: исчезать,заставить исчезнуть,быть вынужденным исчезнуть,消え,消え,る,ru,る,ru,,,,,れ,re,れ,re,て,te,て,te,た,ta,た,ta,られ,rare,ら|れ,ra|re,られ,rare,ら|れ,ra|re,させ,sase,さ|せ,sa|se,させられ,saserare,さ|せ|ら|れ,sa|se|ra|re,ろ,ro,ろ,ro,よう,you,よ|う,yo|u,ra|sa|re|ro|yo,れ,re,れ,re,исчезать; гаснуть,гаснуть,исчезать / гаснуть,исчезнуть / погаснуть,исчезаю / гасну,буду исчезать / гаснуть,исчезал(а) / гас(ла),исчез(ла) / погас(ла),исчезну / погасну,исчезну / погасну,исчезнув / погаснув,исчезни / погасни,исчезнем / погаснем,исчезать,исчезнуть,исчезнуть и затем…,non_agentive,Пассив: исчезать,exclude,grammar_label,заставить исчезнуть,быть вынужденным исчезнуть,1,0,0,0,0,0,0,0,0,0,0,0,1,разрешить исчезнуть
kiku,聞く,きく,kiku,спрашивать,N5,godan-ku,kik,聞き,聞いた,聞いて,聞かない,聞けば,聞いたら,聞ける,,聞かれる,聞かせる,聞かせられる,聞け,聞くな,聞こう,聞きたい,聞かなければ,聞かなきゃ,聞かなくちゃ,спрашивать,спросить,спрашиваю,буду спрашивать,спрашивал(а),спросил(а),спрошу,спрошу,спросив,спроси,спросим,быть спрошенным,заставить спросить,быть вынужденным спросить,聞,聞,く,ku,く,ku,き,ki,か,ka,け,ke,け,ke,いて,ite,いて,ite,いた,ita,いた,ita,け,ke,け,ke,かれ,kare,か|れ,ka|re,かせ,kase,か|せ,ka|se,かせられ,kaserare,か|せ|ら|れ,ka|se|ra|re,け,ke,け,ke,こう,kou,こ|う,ko|u,ka|ki|ke|ko,,,,,"слушать, спрашивать",слушать,слушать / спрашивать,послушать / спросить,слушаю / спрашиваю,буду слушать / спрашивать,слушал(а) / спрашивал(а),послушал(а) / спросил(а),послушаю / спрошу,послушаю / спрошу,послушав / спросив,слушай / спроси,послушаем / спросим,спрашивать,спросить,спросить и затем…,agentive,быть спрошенным,natural,natural,заставить спросить,быть вынужденным спросить,1,1,1,0,1,1,1,1,1,1,1,1,1,разрешить спросить
kiru,切る,きる,kiru,резать,N5,godan-ru,ki,切り,切った,切って,切らない,切れば,切ったら,切れる,,切られる,切らせる,切らせられる,切れ,切るな,切ろう,切りたい,切らなければ,切らなきゃ,切らなくちゃ,резать,отрезать,режу,буду резать,резал(а),отрезал(а),отрежу,отрежу,отрезав,режь,отрежем,быть разрезанным,заставить отрезать,быть вынужденным отрезать,切,切,る,ru,る,ru,り,ri,ら,ra,れ,re,れ,re,って,tte,って,tte,った,tta,った,tta,れ,re,れ,re,られ,rare,ら|れ,ra|re,らせ,rase,ら|せ,ra|se,らせられ,raserare,ら|せ|ら|れ,ra|se|ra|re,れ,re,れ,re,ろう,rou,ろ|う,ro|u,ra|ri|re|ro,,,,,резать,,резать,отрезать,режу,буду резать,резал(а),отрезал(а),отрежу,отрежу,отрезав,режь,отрежем,резать,отрезать,отрезать и затем…,agentive,быть разрезанным,natural,natural,заставить отрезать,быть вынужденным отрезать,1,1,1,0,1,1,1,1,1,1,1,1,1,разрешить отрезать
kiru,着る,きる,kiru,надевать на верхнюю часть тела,N5,ichidan,ki,着,着た,着て,着ない,着れば,着たら,着られる,着れる,着られる,着させる,着させられる,着ろ,着るな,着よう,着たい,着なければ,着なきゃ,着なくちゃ,надевать,надеть,надеваю,буду надевать,надевал(а),надел(а),надену,надену,надев,надень,наденем,Пассив: надевать,заставить надеть,быть вынужденным надеть,着,着,る,ru,る,ru,,,,,れ,re,れ,re,て,te,て,te,た,ta,た,ta,られ,rare,ら|れ,ra|re,られ,rare,ら|れ,ra|re,させ,sase,さ|せ,sa|se,させられ,saserare,さ|せ|ら|れ,sa|se|ra|re,ろ,ro,ろ,ro,よう,you,よ|う,yo|u,ra|sa|re|ro|yo,れ,re,れ,re,надевать на верхнюю часть тела,,надевать,надеть,надеваю,буду надевать,надевал(а),надел(а),надену,надену,надев,надень,наденем,надевать,надеть,надеть и затем…,agentive,Пассив: надевать,contextual,grammar_label,заставить надеть,быть вынужденным надеть,1,1,0,1,1,1,1,1,1,1,1,1,1,разрешить надеть
kuru,来る,くる,kuru,приходить,N5,kuru,ku,来,来た,来て,来ない,来れば,来たら,来られる,来れる,来られる,来させる,来させられる,来い,来るな,来よう,来たい,来なければ,来なきゃ,来なくちゃ,приходить,прийти,прихожу,буду приходить,приходил(а),пришёл / пришла,приду,приду,придя,приходи,придём,Пассив: приходить,заставить прийти,быть вынужденным прийти,来,来,る,ru,る,ru,∅,ki,∅,ko,れ,kure,∅|れ,ku|re,て,kite,∅|て,ki|te,た,kita,∅|た,ki|ta,られ,korare,∅|ら|れ,ko|ra|re,られ,korare,∅|ら|れ,ko|ra|re,させ,kosase,∅|さ|せ,ko|sa|se,させられ,kosaserare,∅|さ|せ|ら|れ,ko|sa|se|ra|re,い,koi,∅|い,ko|i,よう,koyou,∅|よ|う,ko|yo|u,ki|ko|ku,れ,kore,∅|れ,ko|re,"приходить, приезжать",приезжать,приходить / приезжать,прийти / приехать,прихожу / приезжаю,буду приходить / приезжать,приходил(а) / приезжал(а),пришёл / пришла; приехал(а),приду / приеду,приду / приеду,придя / приехав,приходи / приезжай,придём / приедем,приходить,прийти,прийти и затем…,agentive,Пассив: приходить,contextual,grammar_label,заставить прийти,быть вынужденным прийти,1,1,0,1,1,1,1,1,1,1,1,1,1,разрешить прийти
kesu,消す,けす,kesu,выключать,N5,godan-su,kes,消し,消した,消して,消さない,消せば,消したら,消せる,,消される,消させる,消させられる,消せ,消すな,消そう,消したい,消さなければ,消さなきゃ,消さなくちゃ,выключать,выключить,выключаю,буду выключать,выключал(а),выключил(а),выключу,выключу,выключив,выключи,выключим,Пассив: выключать,заставить выключить,быть вынужденным выключить,消,消,す,su,す,su,し,shi,さ,sa,せ,se,せ,se,して,shite,して,shite,した,shita,した,shita,せ,se,せ,se,され,sare,さ|れ,sa|re,させ,sase,さ|せ,sa|se,させられ,saserare,さ|せ|ら|れ,sa|se|ra|re,せ,se,せ,se,そう,sou,そ|う,so|u,sa|shi|se|so,,,,,выключать; стирать,стирать,выключать / стирать,выключить / стереть,выключаю / стираю,буду выключать / стирать,выключал(а) / стирал(а),выключил(а) / стёр(ла),выключу / сотру,выключу / сотру,выключив / стерев,выключи / сотри,выключим / сотрём,выключать,выключить,выключить и затем…,agentive,Пассив: выключать,contextual,grammar_label,заставить выключить,быть вынужденным выключить,1,1,0,1,1,1,1,1,1,1,1,1,1,разрешить выключить
kotaeru,答える,こたえる,kotaeru,отвечать,N5,ichidan,kotae,答え,答えた,答えて,答えない,答えれば,答えたら,答えられる,答えれる,答えられる,答えさせる,答えさせられる,答えろ,答えるな,答えよう,答えたい,答えなければ,答えなきゃ,答えなくちゃ,отвечать,ответить,отвечаю,буду отвечать,отвечал(а),ответил(а),отвечу,отвечу,ответив,ответь,ответим,Пассив: отвечать,заставить ответить,быть вынужденным ответить,答え,答え,る,ru,る,ru,,,,,れ,re,れ,re,て,te,て,te,た,ta,た,ta,られ,rare,ら|れ,ra|re,られ,rare,ら|れ,ra|re,させ,sase,さ|せ,sa|se,させられ,saserare,さ|せ|ら|れ,sa|se|ra|re,ろ,ro,ろ,ro,よう,you,よ|う,yo|u,ra|sa|re|ro|yo,れ,re,れ,re,отвечать,,отвечать,ответить,отвечаю,буду отвечать,отвечал(а),ответил(а),отвечу,отвечу,ответив,ответь,ответим,отвечать,ответить,ответить и затем…,agentive,Пассив: отвечать,contextual,grammar_label,заставить ответить,быть вынужденным ответить,1,1,0,1,1,1,1,1,1,1,1,1,1,разрешить ответить
komaru,困る,こまる,komaru,быть в затруднении,N5,godan-ru,koma,困り,困った,困って,困らない,困れば,困ったら,困れる,,困られる,困らせる,困らせられる,困れ,困るな,困ろう,困りたい,困らなければ,困らなきゃ,困らなくちゃ,испытывать затруднение,оказаться в затруднении,затрудняюсь,буду испытывать затруднение,затруднялся(ась),оказался(ась) в затруднении,окажусь в затруднении,окажусь в затруднении,оказавшись в затруднении,,,Пассив: испытывать затруднение,заставить оказаться в затруднении,быть вынужденным оказаться в затруднении,困,困,る,ru,る,ru,り,ri,ら,ra,れ,re,れ,re,って,tte,って,tte,った,tta,った,tta,れ,re,れ,re,られ,rare,ら|れ,ra|re,らせ,rase,ら|せ,ra|se,らせられ,raserare,ら|せ|ら|れ,ra|se|ra|re,れ,re,れ,re,ろう,rou,ろ|う,ro|u,ra|ri|re|ro,,,,,быть в затруднении,,испытывать затруднение,оказаться в затруднении,затрудняюсь,буду испытывать затруднение,затруднялся(ась),оказался(ась) в затруднении,окажусь в затруднении,окажусь в затруднении,оказавшись в затруднении,—,—,испытывать затруднение,оказаться в затруднении,оказаться в затруднении и затем…,non_agentive,Пассив: испытывать затруднение,contextual,grammar_label,заставить оказаться в затруднении,быть вынужденным оказаться в затруднении,1,1,0,1,0,0,0,0,1,0,0,0,1,разрешить оказаться в затруднении
saku,咲く,さく,saku,цвести,N5,godan-ku,sak,咲き,咲いた,咲いて,咲かない,咲けば,咲いたら,咲ける,,咲かれる,咲かせる,咲かせられる,咲け,咲くな,咲こう,咲きたい,咲かなければ,咲かなきゃ,咲かなくちゃ,цвести,расцвести,цветёт,буду цвести,цвело,расцвело,расцветёт,расцветёт,расцветая,,,Пассив: цвести,заставить расцвести,быть вынужденным расцвести,咲,咲,く,ku,く,ku,き,ki,か,ka,け,ke,け,ke,いて,ite,いて,ite,いた,ita,いた,ita,け,ke,け,ke,かれ,kare,か|れ,ka|re,かせ,kase,か|せ,ka|se,かせられ,kaserare,か|せ|ら|れ,ka|se|ra|re,け,ke,け,ke,こう,kou,こ|う,ko|u,ka|ki|ke|ko,,,,,цвести; распускаться,распускаться,цвести / распускаться,расцвести / распуститься,цветёт / распускается,буду цвести / распускаться,цвело / распускалось,расцвело / распустилось,расцветёт / распустится,расцветёт / распустится,расцветя / распустившись,—,—,цвести,расцвести,расцвести и затем…,non_agentive,Пассив: цвести,exclude,grammar_label,заставить расцвести,быть вынужденным расцвести,1,0,0,0,0,0,0,0,0,0,0,0,1,разрешить расцвести
sasu,差す,さす,sasu,раскрывать зонт,N5,godan-su,sas,差し,差した,差して,差さない,差せば,差したら,差せる,,差される,差させる,差させられる,差せ,差すな,差そう,差したい,差さなければ,差さなきゃ,差さなくちゃ,раскрывать зонт,раскрыть зонт,раскрываю зонт,буду раскрывать зонт,раскрывал(а) зонт,раскрыл(а) зонт,раскрою зонт,раскрою зонт,раскрыв зонт,раскрой зонт,раскроем зонт,Пассив: раскрывать зонт,заставить раскрыть зонт,быть вынужденным раскрыть зонт,差,差,す,su,す,su,し,shi,さ,sa,せ,se,せ,se,して,shite,して,shite,した,shita,した,shita,せ,se,せ,se,され,sare,さ|れ,sa|re,させ,sase,さ|せ,sa|se,させられ,saserare,さ|せ|ら|れ,sa|se|ra|re,せ,se,せ,se,そう,sou,そ|う,so|u,sa|shi|se|so,,,,,раскрывать зонт; протягивать,протягивать,раскрывать / протягивать,раскрыть / протянуть,раскрываю / протягиваю,буду раскрывать / протягивать,раскрывал(а) / протягивал(а),раскрыл(а) / протянул(а),раскрою / протяну,раскрою / протяну,раскрыв / протянув,раскрой / протяни,раскроем / протянем,раскрывать зонт,раскрыть зонт,раскрыть зонт и затем…,agentive,Пассив: раскрывать зонт,contextual,grammar_label,заставить раскрыть зонт,быть вынужденным раскрыть зонт,1,1,0,1,1,1,1,1,1,1,1,1,1,разрешить раскрыть зонт
shinu,死ぬ,しぬ,shinu,умирать,N5,godan-nu,shin,死に,死んだ,死んで,死なない,死ねば,死んだら,死ねる,,死なれる,死なせる,死なせられる,死ね,死ぬな,死のう,死にたい,死ななければ,死ななきゃ,死ななくちゃ,умирать,умереть,умираю,буду умирать,умирал(а),умер(ла),умру,умру,умерев,не умирай,,Пассив: умирать,заставить умереть,быть вынужденным умереть,死,死,ぬ,nu,ぬ,nu,に,ni,な,na,ね,ne,ね,ne,んで,nで,んで,nで,んだ,nだ,んだ,nだ,ね,ne,ね,ne,なれ,nare,な|れ,na|re,なせ,nase,な|せ,na|se,なせられ,naserare,な|せ|ら|れ,na|se|ra|re,ね,ne,ね,ne,のう,nou,の|う,no|u,na|ni|ne|no,,,,,умирать,,умирать,умереть,умираю,буду умирать,умирал(а),умер(ла),умру,умру,умерев,не умирай,—,умирать,умереть,умереть и затем…,non_agentive,Пассив: умирать,contextual,grammar_label,заставить умереть,быть вынужденным умереть,1,1,0,1,0,0,0,0,1,0,0,0,1,разрешить умереть
shimaru,閉まる,しまる,shimaru,закрываться,N5,godan-ru,shima,閉まり,閉まった,閉まって,閉まらない,閉まれば,閉まったら,閉まれる,,閉まられる,閉まらせる,閉まらせられる,閉まれ,閉まるな,閉まろう,閉まりたい,閉まらなければ,閉まらなきゃ,閉まらなくちゃ,закрываться,закрыться,закрывается,буду закрываться,закрывалось,закрылось,закроется,закроется,закрывшись,закройся,закроемся,Пассив: закрываться,заставить закрыться,быть вынужденным закрыться,閉ま,閉ま,る,ru,る,ru,り,ri,ら,ra,れ,re,れ,re,って,tte,って,tte,った,tta,った,tta,れ,re,れ,re,られ,rare,ら|れ,ra|re,らせ,rase,ら|せ,ra|se,らせられ,raserare,ら|せ|ら|れ,ra|se|ra|re,れ,re,れ,re,ろう,rou,ろ|う,ro|u,ra|ri|re|ro,,,,,закрываться,,закрываться,закрыться,закрывается,буду закрываться,закрывалось,закрылось,закроется,закроется,закрывшись,закройся,закроемся,закрываться,закрыться,закрыться и затем…,agentive,Пассив: закрываться,contextual,grammar_label,заставить закрыться,быть вынужденным закрыться,1,1,0,1,1,1,1,1,1,1,1,1,1,разрешить закрыться
shimeru_2,締める,しめる,shimeru,затягивать,N5,ichidan,shime,締め,締めた,締めて,締めない,締めれば,締めたら,締められる,締めれる,締められる,締めさせる,締めさせられる,締めろ,締めるな,締めよう,締めたい,締めなければ,締めなきゃ,締めなくちゃ,затягивать,затянуть,затягиваю,буду затягивать,затягивал(а),затянул(а),затяну,затяну,затянув,затяни,затянем,Пассив: затягивать,заставить затянуть,быть вынужденным затянуть,締め,締め,る,ru,る,ru,,,,,れ,re,れ,re,て,te,て,te,た,ta,た,ta,られ,rare,ら|れ,ra|re,られ,rare,ら|れ,ra|re,させ,sase,さ|せ,sa|se,させられ,saserare,さ|せ|ら|れ,sa|se|ra|re,ろ,ro,ろ,ro,よう,you,よ|う,yo|u,ra|sa|re|ro|yo,れ,re,れ,re,затягивать; застёгивать,застёгивать,затягивать / застёгивать,затянуть / застегнуть,затягиваю / застёгиваю,буду затягивать / застёгивать,затягивал(а) / застёгивал(а),затянул(а) / застегнул(а),затяну / застегну,затяну / застегну,затянув / застегнув,затяни / застегни,затянем / застегнём,затягивать,затянуть,затянуть и затем…,agentive,Пассив: затягивать,contextual,grammar_label,заставить затянуть,быть вынужденным затянуть,1,1,0,1,1,1,1,1,1,1,1,1,1,разрешить затянуть
shimeru,閉める,しめる,shimeru,закрывать,N5,ichidan,shime,閉め,閉めた,閉めて,閉めない,閉めれば,閉めたら,閉められる,閉めれる,閉められる,閉めさせる,閉めさせられる,閉めろ,閉めるな,閉めよう,閉めたい,閉めなければ,閉めなきゃ,閉めなくちゃ,закрывать,закрыть,закрываю,буду закрывать,закрывал(а),закрыл(а),закрою,закрою,закрыв,закрой,закроем,быть закрытым,заставить закрыть,быть вынужденным закрыть,閉め,閉め,る,ru,る,ru,,,,,れ,re,れ,re,て,te,て,te,た,ta,た,ta,られ,rare,ら|れ,ra|re,られ,rare,ら|れ,ra|re,させ,sase,さ|せ,sa|se,させられ,saserare,さ|せ|ら|れ,sa|se|ra|re,ろ,ro,ろ,ro,よう,you,よ|う,yo|u,ra|sa|re|ro|yo,れ,re,れ,re,закрывать,,закрывать,закрыть,закрываю,буду закрывать,закрывал(а),закрыл(а),закрою,закрою,закрыв,закрой,закроем,закрывать,закрыть,закрыть и затем…,agentive,быть закрытым,natural,natural,заставить закрыть,быть вынужденным закрыть,1,1,1,0,1,1,1,1,1,1,1,1,1,разрешить закрыть
shiru,知る,しる,shiru,знать,N5,godan-ru,shi,知り,知った,知って,知らない,知れば,知ったら,知れる,,知られる,知らせる,知らせられる,知れ,知るな,知ろう,知りたい,知らなければ,知らなきゃ,知らなくちゃ,знать,узнать,знаю,буду знать,знал(а),узнал(а),узнаю,узнаю,узнав,узнай,узнаем,Пассив: знать,заставить узнать,быть вынужденным узнать,知,知,る,ru,る,ru,り,ri,ら,ra,れ,re,れ,re,って,tte,って,tte,った,tta,った,tta,れ,re,れ,re,られ,rare,ら|れ,ra|re,らせ,rase,ら|せ,ra|se,らせられ,raserare,ら|せ|ら|れ,ra|se|ra|re,れ,re,れ,re,ろう,rou,ろ|う,ro|u,ra|ri|re|ro,,,,,знать; узнавать,узнавать,знать / узнавать,узнать,знаю,буду знать / узнавать,знал(а),узнал(а),узнаю,узнаю,узнав,узнай,узнаем,знать,узнать,узнать и затем…,agentive,Пассив: знать,contextual,grammar_label,заставить узнать,быть вынужденным узнать,1,1,0,1,1,1,1,1,1,1,1,1,1,разрешить узнать
suu,吸う,すう,suu,вдыхать,N5,godan-u,su,吸い,吸った,吸って,吸わない,吸えば,吸ったら,吸える,,吸われる,吸わせる,吸わせられる,吸え,吸うな,吸おう,吸いたい,吸わなければ,吸わなきゃ,吸わなくちゃ,вдыхать,вдохнуть,вдыхаю,буду вдыхать,вдыхал(а),вдохнул(а),вдохну,вдохну,вдохнув,вдохни,вдохнём,Пассив: вдыхать,заставить вдохнуть,быть вынужденным вдохнуть,吸,吸,う,u,う,u,い,i,わ,wa,え,e,え,e,って,tte,って,tte,った,tta,った,tta,え,e,え,e,われ,ware,わ|れ,wa|re,わせ,wase,わ|せ,wa|se,わせられ,waserare,わ|せ|ら|れ,wa|se|ra|re,え,e,え,e,おう,ou,お|う,o|u,wa|i|e|o,,,,,вдыхать; курить,курить,вдыхать / курить,вдохнуть / выкурить,вдыхаю / курю,буду вдыхать / курить,вдыхал(а) / курил(а),вдохнул(а) / выкурил(а),вдохну / выкурю,вдохну / выкурю,вдохнув / выкурив,вдохни / выкури,вдохнём / выкурим,вдыхать,вдохнуть,вдохнуть и затем…,agentive,Пассив: вдыхать,contextual,grammar_label,заставить вдохнуть,быть вынужденным вдохнуть,1,1,0,1,1,1,1,1,1,1,1,1,1,разрешить вдохнуть
sumu,住む,すむ,sumu,жить,N5,godan-mu,sum,住み,住んだ,住んで,住まない,住めば,住んだら,住める,,住まれる,住ませる,住ませられる,住め,住むな,住もう,住みたい,住まなければ,住まなきゃ,住まなくちゃ,жить,пожить,живу,буду жить,жил(а),пожил(а),поживу,поживу,пожив,живи,поживём,Пассив: жить,заставить пожить,быть вынужденным пожить,住,住,む,mu,む,mu,み,mi,ま,ma,め,me,め,me,んで,nで,んで,nで,んだ,nだ,んだ,nだ,め,me,め,me,まれ,mare,ま|れ,ma|re,ませ,mase,ま|せ,ma|se,ませられ,maserare,ま|せ|ら|れ,ma|se|ra|re,め,me,め,me,もう,mou,も|う,mo|u,ma|mi|me|mo,,,,,"жить, проживать",проживать,жить,пожить,живу,буду жить,жил(а),пожил(а),поживу,поживу,пожив,живи,поживём,жить,пожить,пожить и затем…,agentive,Пассив: жить,contextual,grammar_label,заставить пожить,быть вынужденным пожить,1,1,0,1,1,1,1,1,1,1,1,1,1,разрешить пожить
suru,する,する,suru,делать,N5,suru,su,し,した,して,しない,すれば,したら,できる,,される,させる,させられる,しろ,するな,しよう,したい,しなければ,しなきゃ,しなくちゃ,делать,сделать,делаю,буду делать,делал(а),сделал(а),сделаю,сделаю,сделав,сделай,сделаем,Пассив: делать,заставить сделать,быть вынужденным сделать,,,する,suru,す|る,su|ru,し,shi,し,shi,すれ,sure,す|れ,su|re,して,shite,し|て,shi|te,した,shita,し|た,shi|ta,でき,deki,でき,deki,され,sare,さ|れ,sa|re,させ,sase,さ|せ,sa|se,させられ,saserare,さ|せ|ら|れ,sa|se|ra|re,しろ,shiro,し|ろ,shi|ro,しよう,shiyou,し|よ|う,shi|yo|u,shi|su|deki|sa,,,,,делать,,делать,сделать,делаю,буду делать,делал(а),сделал(а),сделаю,сделаю,сделав,сделай,сделаем,делать,сделать,сделать и затем…,agentive,Пассив: делать,contextual,grammar_label,заставить сделать,быть вынужденным сделать,1,1,0,1,1,1,1,1,1,1,1,1,1,разрешить сделать
suwaru,座る,すわる,suwaru,сидеть,N5,godan-ru,suwa,座り,座った,座って,座らない,座れば,座ったら,座れる,,座られる,座らせる,座らせられる,座れ,座るな,座ろう,座りたい,座らなければ,座らなきゃ,座らなくちゃ,сидеть,сесть,сижу,буду сидеть,сидел(а),сел(а),сяду,сяду,сев,садись,сядем,Пассив: сидеть,заставить сесть,быть вынужденным сесть,座,座,る,ru,る,ru,り,ri,ら,ra,れ,re,れ,re,って,tte,って,tte,った,tta,った,tta,れ,re,れ,re,られ,rare,ら|れ,ra|re,らせ,rase,ら|せ,ra|se,らせられ,raserare,ら|せ|ら|れ,ra|se|ra|re,れ,re,れ,re,ろう,rou,ろ|う,ro|u,ra|ri|re|ro,,,,,"сидеть, садиться",садиться,сидеть / садиться,сесть,сижу / сажусь,буду сидеть / садиться,сидел(а) / садился(ась),сел(а),сяду,сяду,сев,садись,сядем,сидеть,сесть,сесть и затем…,agentive,Пассив: сидеть,contextual,grammar_label,заставить сесть,быть вынужденным сесть,1,1,0,1,1,1,1,1,1,1,1,1,1,разрешить сесть
tatsu,立つ,たつ,tatsu,стоять,N5,godan-tsu,tats,立ち,立った,立って,立たない,立てば,立ったら,立てる,,立たれる,立たせる,立たせられる,立て,立つな,立とう,立ちたい,立たなければ,立たなきゃ,立たなくちゃ,стоять,встать,стою,буду стоять,стоял(а),встал(а),встану,встану,встав,встань,встанем,Пассив: стоять,заставить встать,быть вынужденным встать,立,立,つ,tsu,つ,tsu,ち,chi,た,ta,て,te,て,te,って,tte,って,tte,った,tta,った,tta,て,te,て,te,たれ,tare,た|れ,ta|re,たせ,tase,た|せ,ta|se,たせられ,taserare,た|せ|ら|れ,ta|se|ra|re,て,te,て,te,とう,tou,と|う,to|u,ta|chi|te|to,,,,,"стоять, вставать",вставать,стоять / вставать,встать,стою / встаю,буду стоять / вставать,стоял(а) / вставал(а),встал(а),встану,встану,встав,встань,встанем,стоять,встать,встать и затем…,agentive,Пассив: стоять,contextual,grammar_label,заставить встать,быть вынужденным встать,1,1,0,1,1,1,1,1,1,1,1,1,1,разрешить встать
tanomu,頼む,たのむ,tanomu,просить,N5,godan-mu,tanom,頼み,頼んだ,頼んで,頼まない,頼めば,頼んだら,頼める,,頼まれる,頼ませる,頼ませられる,頼め,頼むな,頼もう,頼みたい,頼まなければ,頼まなきゃ,頼まなくちゃ,просить,попросить,прошу,буду просить,просил(а),попросил(а),попрошу,попрошу,попросив,попроси,попросим,Пассив: просить,заставить попросить,быть вынужденным попросить,頼,頼,む,mu,む,mu,み,mi,ま,ma,め,me,め,me,んで,nで,んで,nで,んだ,nだ,んだ,nだ,め,me,め,me,まれ,mare,ま|れ,ma|re,ませ,mase,ま|せ,ma|se,ませられ,maserare,ま|せ|ら|れ,ma|se|ra|re,め,me,め,me,もう,mou,も|う,mo|u,ma|mi|me|mo,,,,,просить; заказывать,заказывать,просить / заказывать,попросить / заказать,прошу / заказываю,буду просить / заказывать,просил(а) / заказывал(а),попросил(а) / заказал(а),попрошу / закажу,попрошу / закажу,попросив / заказав,попроси / закажи,попросим / закажем,просить,попросить,попросить и затем…,agentive,Пассив: просить,contextual,grammar_label,заставить попросить,быть вынужденным попросить,1,1,0,1,1,1,1,1,1,1,1,1,1,разрешить попросить
taberu,食べる,たべる,taberu,есть,N5,ichidan,tabe,食べ,食べた,食べて,食べない,食べれば,食べたら,食べられる,食べれる,食べられる,食べさせる,食べさせられる,食べろ,食べるな,食べよう,食べたい,食べなければ,食べなきゃ,食べなくちゃ,есть,поесть,ем,буду есть,ел(а),поел(а),поем,поем,поев,ешь,поедим,быть съеденным,заставить поесть,быть вынужденным поесть,食べ,食べ,る,ru,る,ru,,,,,れ,re,れ,re,て,te,て,te,た,ta,た,ta,られ,rare,ら|れ,ra|re,られ,rare,ら|れ,ra|re,させ,sase,さ|せ,sa|se,させられ,saserare,さ|せ|ら|れ,sa|se|ra|re,ろ,ro,ろ,ro,よう,you,よ|う,yo|u,ra|sa|re|ro|yo,れ,re,れ,re,"есть, кушать",кушать,есть,поесть,ем,буду есть,ел(а),поел(а),поем,поем,поев,ешь,поедим,есть,поесть,поесть и затем…,agentive,быть съеденным,natural,natural,заставить поесть,быть вынужденным поесть,1,1,1,0,1,1,1,1,1,1,1,1,1,разрешить поесть
dasu,出す,だす,dasu,вынимать,N5,godan-su,das,出し,出した,出して,出さない,出せば,出したら,出せる,,出される,出させる,出させられる,出せ,出すな,出そう,出したい,出さなければ,出さなきゃ,出さなくちゃ,вынимать,вынуть,вынимаю,буду вынимать,вынимал(а),вынул(а),выну,выну,вынув,вынь,вынем,Пассив: вынимать,заставить вынуть,быть вынужденным вынуть,出,出,す,su,す,su,し,shi,さ,sa,せ,se,せ,se,して,shite,して,shite,した,shita,した,shita,せ,se,せ,se,され,sare,さ|れ,sa|re,させ,sase,さ|せ,sa|se,させられ,saserare,さ|せ|ら|れ,sa|se|ra|re,せ,se,せ,se,そう,sou,そ|う,so|u,sa|shi|se|so,,,,,"вынимать, выпускать, выставлять",выпускать | выставлять,вынимать / выпускать,вынуть / выпустить,вынимаю / выпускаю,буду вынимать / выпускать,вынимал(а) / выпускал(а),вынул(а) / выпустил(а),выну / выпущу,выну / выпущу,вынув / выпустив,вынь / выпусти,вынем / выпустим,вынимать,вынуть,вынуть и затем…,agentive,Пассив: вынимать,contextual,grammar_label,заставить вынуть,быть вынужденным вынуть,1,1,0,1,1,1,1,1,1,1,1,1,1,разрешить вынуть
chigau,違う,ちがう,chigau,отличаться,N5,godan-u,chiga,違い,違った,違って,違わない,違えば,違ったら,違える,,違われる,違わせる,違わせられる,違え,違うな,違おう,違いたい,違わなければ,違わなきゃ,違わなくちゃ,отличаться,отличиться,отличается,буду отличаться,отличалось,отличилось,будет отличаться,будет отличаться,отличившись,,,Пассив: отличаться,заставить отличиться,быть вынужденным отличиться,違,違,う,u,う,u,い,i,わ,wa,え,e,え,e,って,tte,って,tte,った,tta,った,tta,え,e,え,e,われ,ware,わ|れ,wa|re,わせ,wase,わ|せ,wa|se,わせられ,waserare,わ|せ|ら|れ,wa|se|ra|re,え,e,え,e,おう,ou,お|う,o|u,wa|i|e|o,,,,,отличаться; быть другим,быть другим,отличаться,отличиться,отличается,буду отличаться,отличалось,отличилось,будет отличаться,будет отличаться,отличившись,—,—,отличаться,отличиться,отличиться и затем…,non_agentive,Пассив: отличаться,contextual,grammar_label,заставить отличиться,быть вынужденным отличиться,1,1,0,1,0,0,0,0,1,0,0,0,1,разрешить отличиться
tsukau,使う,つかう,tsukau,использовать,N5,godan-u,tsuka,使い,使った,使って,使わない,使えば,使ったら,使える,,使われる,使わせる,使わせられる,使え,使うな,使おう,使いたい,使わなければ,使わなきゃ,使わなくちゃ,использовать,использовать,использую,буду использовать,использовал(а),использовал(а),использую,использую,использовав,используй,используем,быть использованным,заставить использовать,быть вынужденным использовать,使,使,う,u,う,u,い,i,わ,wa,え,e,え,e,って,tte,って,tte,った,tta,った,tta,え,e,え,e,われ,ware,わ|れ,wa|re,わせ,wase,わ|せ,wa|se,わせられ,waserare,わ|せ|ら|れ,wa|se|ra|re,え,e,え,e,おう,ou,お|う,o|u,wa|i|e|o,,,,,использовать,,использовать,использовать,использую,буду использовать,использовал(а),использовал(а),использую,использую,использовав,используй,используем,использовать,использовать,использовать и затем…,agentive,быть использованным,natural,natural,заставить использовать,быть вынужденным использовать,1,1,1,0,1,1,1,1,1,1,1,1,1,разрешить использовать
tsukareru,疲れる,つかれる,tsukareru,уставать,N5,ichidan,tsukare,疲れ,疲れた,疲れて,疲れない,疲れれば,疲れたら,疲れられる,疲れれる,疲れられる,疲れさせる,疲れさせられる,疲れろ,疲れるな,疲れよう,疲れたい,疲れなければ,疲れなきゃ,疲れなくちゃ,уставать,устать,устаю,буду уставать,уставал(а),устал(а),устану,устану,устав,отдохни,устанем,Пассив: уставать,заставить устать,быть вынужденным устать,疲れ,疲れ,る,ru,る,ru,,,,,れ,re,れ,re,て,te,て,te,た,ta,た,ta,られ,rare,ら|れ,ra|re,られ,rare,ら|れ,ra|re,させ,sase,さ|せ,sa|se,させられ,saserare,さ|せ|ら|れ,sa|se|ra|re,ろ,ro,ろ,ro,よう,you,よ|う,yo|u,ra|sa|re|ro|yo,れ,re,れ,re,уставать,,уставать,устать,устаю,буду уставать,уставал(а),устал(а),устану,устану,устав,отдохни,устанем,уставать,устать,устать и затем…,agentive,Пассив: уставать,contextual,grammar_label,заставить устать,быть вынужденным устать,1,1,0,1,1,1,1,1,1,1,1,1,1,разрешить устать
tsuku,着く,つく,tsuku,прибывать,N5,godan-ku,tsuk,着き,着いた,着いて,着かない,着けば,着いたら,着ける,,着かれる,着かせる,着かせられる,着け,着くな,着こう,着きたい,着かなければ,着かなきゃ,着かなくちゃ,прибывать,прибыть,прибываю,буду прибывать,прибывал(а),прибыл(а),прибуду,прибуду,прибыв,прибудь,прибудем,Пассив: прибывать,заставить прибыть,быть вынужденным прибыть,着,着,く,ku,く,ku,き,ki,か,ka,け,ke,け,ke,いて,ite,いて,ite,いた,ita,いた,ita,け,ke,け,ke,かれ,kare,か|れ,ka|re,かせ,kase,か|せ,ka|se,かせられ,kaserare,か|せ|ら|れ,ka|se|ra|re,け,ke,け,ke,こう,kou,こ|う,ko|u,ka|ki|ke|ko,,,,,прибывать,,прибывать,прибыть,прибываю,буду прибывать,прибывал(а),прибыл(а),прибуду,прибуду,прибыв,прибудь,прибудем,прибывать,прибыть,прибыть и затем…,agentive,Пассив: прибывать,contextual,grammar_label,заставить прибыть,быть вынужденным прибыть,1,1,0,1,1,1,1,1,1,1,1,1,1,разрешить прибыть
tsukuru,作る,つくる,tsukuru,делать,N5,godan-ru,tsuku,作り,作った,作って,作らない,作れば,作ったら,作れる,,作られる,作らせる,作らせられる,作れ,作るな,作ろう,作りたい,作らなければ,作らなきゃ,作らなくちゃ,делать,сделать,делаю,буду делать,делал(а),сделал(а),сделаю,сделаю,сделав,сделай,сделаем,быть сделанным,заставить сделать,быть вынужденным сделать,作,作,る,ru,る,ru,り,ri,ら,ra,れ,re,れ,re,って,tte,って,tte,った,tta,った,tta,れ,re,れ,re,られ,rare,ら|れ,ra|re,らせ,rase,ら|せ,ra|se,らせられ,raserare,ら|せ|ら|れ,ra|se|ra|re,れ,re,れ,re,ろう,rou,ろ|う,ro|u,ra|ri|re|ro,,,,,"делать, создавать",создавать,делать / создавать,сделать / создать,делаю / создаю,буду делать / создавать,делал(а) / создавал(а),сделал(а) / создал(а),сделаю / создам,сделаю / создам,сделав / создав,сделай / создай,сделаем / создадим,делать,сделать,сделать и затем…,agentive,быть сделанным,natural,natural,заставить сделать,быть вынужденным сделать,1,1,1,0,1,1,1,1,1,1,1,1,1,разрешить сделать
tsukeru,つける,つける,tsukeru,включать,N5,ichidan,tsuke,つけ,つけた,つけて,つけない,つければ,つけたら,つけられる,つけれる,つけられる,つけさせる,つけさせられる,つけろ,つけるな,つけよう,つけたい,つけなければ,つけなきゃ,つけなくちゃ,включать,включить,включаю,буду включать,включал(а),включил(а),включу,включу,включив,включи,включим,Пассив: включать,заставить включить,быть вынужденным включить,つけ,つけ,る,ru,る,ru,,,,,れ,re,れ,re,て,te,て,te,た,ta,た,ta,られ,rare,ら|れ,ra|re,られ,rare,ら|れ,ra|re,させ,sase,さ|せ,sa|se,させられ,saserare,さ|せ|ら|れ,sa|se|ra|re,ろ,ro,ろ,ro,よう,you,よ|う,yo|u,ra|sa|re|ro|yo,れ,re,れ,re,включать; прикреплять,прикреплять,включать / прикреплять,включить / прикрепить,включаю / прикрепляю,буду включать / прикреплять,включал(а) / прикреплял(а),включил(а) / прикрепил(а),включу / прикреплю,включу / прикреплю,включив / прикрепив,включи / прикрепи,включим / прикрепим,включать,включить,включить и затем…,agentive,Пассив: включать,contextual,grammar_label,заставить включить,быть вынужденным включить,1,1,0,1,1,1,1,1,1,1,1,1,1,разрешить включить
tsutomeru,勤める,つとめる,tsutomeru,работать в организации,N5,ichidan,tsutome,勤め,勤めた,勤めて,勤めない,勤めれば,勤めたら,勤められる,勤めれる,勤められる,勤めさせる,勤めさせられる,勤めろ,勤めるな,勤めよう,勤めたい,勤めなければ,勤めなきゃ,勤めなくちゃ,работать,поработать,работаю,буду работать,работал(а),поработал(а),поработаю,поработаю,поработав,работай,поработаем,Пассив: работать,заставить поработать,быть вынужденным поработать,勤め,勤め,る,ru,る,ru,,,,,れ,re,れ,re,て,te,て,te,た,ta,た,ta,られ,rare,ら|れ,ra|re,られ,rare,ら|れ,ra|re,させ,sase,さ|せ,sa|se,させられ,saserare,さ|せ|ら|れ,sa|se|ra|re,ろ,ro,ろ,ro,よう,you,よ|う,yo|u,ra|sa|re|ro|yo,れ,re,れ,re,работать в организации,,работать,поработать,работаю,буду работать,работал(а),поработал(а),поработаю,поработаю,поработав,работай,поработаем,работать,поработать,поработать и затем…,agentive,Пассив: работать,contextual,grammar_label,заставить поработать,быть вынужденным поработать,1,1,0,1,1,1,1,1,1,1,1,1,1,разрешить поработать
dekakeru,出かける,でかける,dekakeru,выходить,N5,ichidan,dekake,出かけ,出かけた,出かけて,出かけない,出かければ,出かけたら,出かけられる,出かけれる,出かけられる,出かけさせる,出かけさせられる,出かけろ,出かけるな,出かけよう,出かけたい,出かけなければ,出かけなきゃ,出かけなくちゃ,выходить,выйти,выхожу,буду выходить,выходил(а),вышел / вышла,выйду,выйду,выйдя,выходи,выйдем,Пассив: выходить,заставить выйти,быть вынужденным выйти,出かけ,出かけ,る,ru,る,ru,,,,,れ,re,れ,re,て,te,て,te,た,ta,た,ta,られ,rare,ら|れ,ra|re,られ,rare,ら|れ,ra|re,させ,sase,さ|せ,sa|se,させられ,saserare,さ|せ|ら|れ,sa|se|ra|re,ろ,ro,ろ,ro,よう,you,よ|う,yo|u,ra|sa|re|ro|yo,れ,re,れ,re,выходить; отправляться,отправляться,выходить / отправляться,выйти / отправиться,выхожу / отправляюсь,буду выходить / отправляться,выходил(а) / отправлялся(ась),вышел / вышла; отправился(ась),выйду / отправлюсь,выйду / отправлюсь,выйдя / отправившись,выходи / отправляйся,выйдем / отправимся,выходить,выйти,выйти и затем…,agentive,Пассив: выходить,contextual,grammar_label,заставить выйти,быть вынужденным выйти,1,1,0,1,1,1,1,1,1,1,1,1,1,разрешить выйти
dekiru,できる,できる,dekiru,мочь,N5,ichidan,deki,でき,できた,できて,できない,できれば,できたら,,,できられる,できさせる,できさせられる,できろ,できるな,できよう,できたい,できなければ,できなきゃ,できなくちゃ,мочь,смочь,могу,буду мочь,мог(ла),смог(ла),смогу,смогу,сумев,сумей,сумеем,Пассив: мочь,заставить смочь,быть вынужденным смочь,でき,でき,る,ru,る,ru,,,,,れ,re,れ,re,て,te,て,te,た,ta,た,ta,られ,rare,ら|れ,ra|re,られ,rare,ら|れ,ra|re,させ,sase,さ|せ,sa|se,させられ,saserare,さ|せ|ら|れ,sa|se|ra|re,ろ,ro,ろ,ro,よう,you,よ|う,yo|u,ra|sa|re|ro|yo,,,,,мочь; получаться,получаться,мочь / получаться,смочь / получиться,могу / получается,буду мочь / получаться,мог(ла) / получалось,смог(ла) / получилось,смогу / получится,смогу / получится,сумев / получившись,сумей,сумеем,мочь,смочь,смочь и затем…,agentive,Пассив: мочь,contextual,grammar_label,заставить смочь,быть вынужденным смочь,1,0,0,1,1,1,1,1,1,1,1,1,1,разрешить смочь
deru,出る,でる,deru,выходить,N5,ichidan,de,出,出た,出て,出ない,出れば,出たら,出られる,出れる,出られる,出させる,出させられる,出ろ,出るな,出よう,出たい,出なければ,出なきゃ,出なくちゃ,выходить,выйти,выхожу,буду выходить,выходил(а),вышел / вышла,выйду,выйду,выйдя,выйди,выйдем,Пассив: выходить,заставить выйти,быть вынужденным выйти,出,出,る,ru,る,ru,,,,,れ,re,れ,re,て,te,て,te,た,ta,た,ta,られ,rare,ら|れ,ra|re,られ,rare,ら|れ,ra|re,させ,sase,さ|せ,sa|se,させられ,saserare,さ|せ|ら|れ,sa|se|ra|re,ろ,ro,ろ,ro,よう,you,よ|う,yo|u,ra|sa|re|ro|yo,れ,re,れ,re,"выходить, появляться",появляться,выходить,выйти,выхожу,буду выходить,выходил(а),вышел / вышла,выйду,выйду,выйдя,выйди,выйдем,выходить,выйти,выйти и затем…,agentive,Пассив: выходить,contextual,grammar_label,заставить выйти,быть вынужденным выйти,1,1,0,1,1,1,1,1,1,1,1,1,1,разрешить выйти
tobu,飛ぶ,とぶ,tobu,летать,N5,godan-bu,tob,飛び,飛んだ,飛んで,飛ばない,飛べば,飛んだら,飛べる,,飛ばれる,飛ばせる,飛ばせられる,飛べ,飛ぶな,飛ぼう,飛びたい,飛ばなければ,飛ばなきゃ,飛ばなくちゃ,летать,полететь,летаю,буду летать,летал(а),полетел(а),полетю,полетю,полетев,лети,полетим,Пассив: летать,заставить полететь,быть вынужденным полететь,飛,飛,ぶ,bu,ぶ,bu,び,bi,ば,ba,べ,be,べ,be,んで,nで,んで,nで,んだ,nだ,んだ,nだ,べ,be,べ,be,ばれ,bare,ば|れ,ba|re,ばせ,base,ば|せ,ba|se,ばせられ,baserare,ば|せ|ら|れ,ba|se|ra|re,べ,be,べ,be,ぼう,bou,ぼ|う,bo|u,ba|bi|be|bo,,,,,летать; прыгать,прыгать,летать / прыгать,полететь / прыгнуть,летаю / прыгаю,буду летать / прыгать,летал(а) / прыгал(а),полетел(а) / прыгнул(а),полетю / прыгну,полетю / прыгну,полетев / прыгнув,лети / прыгни,полетим / прыгнем,летать,полететь,полететь и затем…,agentive,Пассив: летать,contextual,grammar_label,заставить полететь,быть вынужденным полететь,1,1,0,1,1,1,1,1,1,1,1,1,1,разрешить полететь
tomaru,止まる,とまる,tomaru,останавливаться,N5,godan-ru,toma,止まり,止まった,止まって,止まらない,止まれば,止まったら,止まれる,,止まられる,止まらせる,止まらせられる,止まれ,止まるな,止まろう,止まりたい,止まらなければ,止まらなきゃ,止まらなくちゃ,останавливаться,остановиться,останавливаюсь,буду останавливаться,останавливался(ась),остановился(ась),остановлюсь,остановлюсь,остановившись,остановись,остановимся,Пассив: останавливаться,заставить остановиться,быть вынужденным остановиться,止ま,止ま,る,ru,る,ru,り,ri,ら,ra,れ,re,れ,re,って,tte,って,tte,った,tta,った,tta,れ,re,れ,re,られ,rare,ら|れ,ra|re,らせ,rase,ら|せ,ra|se,らせられ,raserare,ら|せ|ら|れ,ra|se|ra|re,れ,re,れ,re,ろう,rou,ろ|う,ro|u,ra|ri|re|ro,,,,,останавливаться,,останавливаться,остановиться,останавливаюсь,буду останавливаться,останавливался(ась),остановился(ась),остановлюсь,остановлюсь,остановившись,остановись,остановимся,останавливаться,остановиться,остановиться и затем…,agentive,Пассив: останавливаться,contextual,grammar_label,заставить остановиться,быть вынужденным остановиться,1,1,0,1,1,1,1,1,1,1,1,1,1,разрешить остановиться
toru,取る,とる,toru,брать,N5,godan-ru,to,取り,取った,取って,取らない,取れば,取ったら,取れる,,取られる,取らせる,取らせられる,取れ,取るな,取ろう,取りたい,取らなければ,取らなきゃ,取らなくちゃ,брать,взять,беру,буду брать,брал(а),взял(а),возьму,возьму,взяв,возьми,возьмём,быть взятым,заставить взять,быть вынужденным взять,取,取,る,ru,る,ru,り,ri,ら,ra,れ,re,れ,re,って,tte,って,tte,った,tta,った,tta,れ,re,れ,re,られ,rare,ら|れ,ra|re,らせ,rase,ら|せ,ra|se,らせられ,raserare,ら|せ|ら|れ,ra|se|ra|re,れ,re,れ,re,ろう,rou,ろ|う,ro|u,ra|ri|re|ro,,,,,брать; получать,получать,брать / получать,взять / получить,беру / получаю,буду брать / получать,брал(а) / получал(а),взял(а) / получил(а),возьму / получу,возьму / получу,взяв / получив,возьми / получи,возьмём / получим,брать,взять,взять и затем…,agentive,быть взятым,natural,natural,заставить взять,быть вынужденным взять,1,1,1,0,1,1,1,1,1,1,1,1,1,разрешить взять
toru_2,撮る,とる,toru,фотографировать,N5,godan-ru,to,撮り,撮った,撮って,撮らない,撮れば,撮ったら,撮れる,,撮られる,撮らせる,撮らせられる,撮れ,撮るな,撮ろう,撮りたい,撮らなければ,撮らなきゃ,撮らなくちゃ,фотографировать,сфотографировать,фотографирую,буду фотографировать,фотографировал(а),сфотографировал(а),сфотографирую,сфотографирую,сфотографировав,сфотографируй,сфотографируем,быть сфотографированным,заставить сфотографировать,быть вынужденным сфотографировать,撮,撮,る,ru,る,ru,り,ri,ら,ra,れ,re,れ,re,って,tte,って,tte,った,tta,った,tta,れ,re,れ,re,られ,rare,ら|れ,ra|re,らせ,rase,ら|せ,ra|se,らせられ,raserare,ら|せ|ら|れ,ra|se|ra|re,れ,re,れ,re,ろう,rou,ろ|う,ro|u,ra|ri|re|ro,,,,,фотографировать; снимать,снимать,фотографировать / снимать,сфотографировать / снять,фотографирую / снимаю,буду фотографировать / снимать,фотографировал(а) / снимал(а),сфотографировал(а) / снял(а),сфотографирую / сниму,сфотографирую / сниму,сфотографировав / сняв,сфотографируй / сними,сфотографируем / снимем,фотографировать,сфотографировать,сфотографировать и затем…,agentive,быть сфотографированным,natural,natural,заставить сфотографировать,быть вынужденным сфотографировать,1,1,1,0,1,1,1,1,1,1,1,1,1,разрешить сфотографировать
naku,鳴く,なく,naku,издавать звук (о животных),N5,godan-ku,nak,鳴き,鳴いた,鳴いて,鳴かない,鳴けば,鳴いたら,鳴ける,,鳴かれる,鳴かせる,鳴かせられる,鳴け,鳴くな,鳴こう,鳴きたい,鳴かなければ,鳴かなきゃ,鳴かなくちゃ,кричать,крикнуть,кричит,буду кричать,кричал(а),крикнул(а),крикнет,крикнет,крикнув,,,Пассив: кричать,заставить крикнуть,быть вынужденным крикнуть,鳴,鳴,く,ku,く,ku,き,ki,か,ka,け,ke,け,ke,いて,ite,いて,ite,いた,ita,いた,ita,け,ke,け,ke,かれ,kare,か|れ,ka|re,かせ,kase,か|せ,ka|se,かせられ,kaserare,か|せ|ら|れ,ka|se|ra|re,け,ke,け,ke,こう,kou,こ|う,ko|u,ka|ki|ke|ko,,,,,издавать звук (о животных),,кричать / издавать звук,крикнуть,кричит,буду кричать / издавать звук,кричал(а),крикнул(а),крикнет,крикнет,крикнув,—,—,кричать,крикнуть,крикнуть и затем…,non_agentive,Пассив: кричать,contextual,grammar_label,заставить крикнуть,быть вынужденным крикнуть,1,1,0,1,0,0,0,0,1,0,0,0,1,разрешить крикнуть
nakusu,無くす,なくす,nakusu,терять,N5,godan-su,nakus,無くし,無くした,無くして,無くさない,無くせば,無くしたら,無くせる,,無くされる,無くさせる,無くさせられる,無くせ,無くすな,無くそう,無くしたい,無くさなければ,無くさなきゃ,無くさなくちゃ,терять,потерять,теряю,буду терять,терял(а),потерял(а),потеряю,потеряю,потеряв,не потеряй,не потеряем,Пассив: терять,заставить потерять,быть вынужденным потерять,無く,無く,す,su,す,su,し,shi,さ,sa,せ,se,せ,se,して,shite,して,shite,した,shita,した,shita,せ,se,せ,se,され,sare,さ|れ,sa|re,させ,sase,さ|せ,sa|se,させられ,saserare,さ|せ|ら|れ,sa|se|ra|re,せ,se,せ,se,そう,sou,そ|う,so|u,sa|shi|se|so,,,,,терять,,терять,потерять,теряю,буду терять,терял(а),потерял(а),потеряю,потеряю,потеряв,не потеряй,не потеряем,терять,потерять,потерять и затем…,agentive,Пассив: терять,contextual,grammar_label,заставить потерять,быть вынужденным потерять,1,1,0,1,1,1,1,1,1,1,1,1,1,разрешить потерять
narau,習う,ならう,narau,учиться у кого-то,N5,godan-u,nara,習い,習った,習って,習わない,習えば,習ったら,習える,,習われる,習わせる,習わせられる,習え,習うな,習おう,習いたい,習わなければ,習わなきゃ,習わなくちゃ,учиться,научиться,учусь,буду учиться,учился(ась),научился(ась),научусь,научусь,научившись,учись,научимся,Пассив: учиться,заставить научиться,быть вынужденным научиться,習,習,う,u,う,u,い,i,わ,wa,え,e,え,e,って,tte,って,tte,った,tta,った,tta,え,e,え,e,われ,ware,わ|れ,wa|re,わせ,wase,わ|せ,wa|se,わせられ,waserare,わ|せ|ら|れ,wa|se|ra|re,え,e,え,e,おう,ou,お|う,o|u,wa|i|e|o,,,,,учиться у кого-то; изучать,изучать,учиться / изучать,научиться / изучить,учусь / изучаю,буду учиться / изучать,учился(ась) / изучал(а),научился(ась) / изучил(а),научусь / изучу,научусь / изучу,научившись / изучив,учись / изучи,научимся / изучим,учиться,научиться,научиться и затем…,agentive,Пассив: учиться,contextual,grammar_label,заставить научиться,быть вынужденным научиться,1,1,0,1,1,1,1,1,1,1,1,1,1,разрешить научиться
narabu,並ぶ,ならぶ,narabu,стоять в очереди,N5,godan-bu,narab,並び,並んだ,並んで,並ばない,並べば,並んだら,並べる,,並ばれる,並ばせる,並ばせられる,並べ,並ぶな,並ぼう,並びたい,並ばなければ,並ばなきゃ,並ばなくちゃ,выстраиваться,выстроиться,выстраиваюсь,буду выстраиваться,выстраивался(ась),выстроился(ась),выстроюсь,выстроюсь,выстроившись,выстройся,выстроимся,Пассив: выстраиваться,заставить выстроиться,быть вынужденным выстроиться,並,並,ぶ,bu,ぶ,bu,び,bi,ば,ba,べ,be,べ,be,んで,nで,んで,nで,んだ,nだ,んだ,nだ,べ,be,べ,be,ばれ,bare,ば|れ,ba|re,ばせ,base,ば|せ,ba|se,ばせられ,baserare,ば|せ|ら|れ,ba|se|ra|re,べ,be,べ,be,ぼう,bou,ぼ|う,bo|u,ba|bi|be|bo,,,,,стоять в очереди; выстраиваться,выстраиваться,выстраиваться,выстроиться,выстраиваюсь,буду выстраиваться,выстраивался(ась),выстроился(ась),выстроюсь,выстроюсь,выстроившись,выстройся,выстроимся,выстраиваться,выстроиться,выстроиться и затем…,agentive,Пассив: выстраиваться,contextual,grammar_label,заставить выстроиться,быть вынужденным выстроиться,1,1,0,1,1,1,1,1,1,1,1,1,1,разрешить выстроиться
naraberu,並べる,ならべる,naraberu,расставлять в ряд,N5,ichidan,narabe,並べ,並べた,並べて,並べない,並べれば,並べたら,並べられる,並べれる,並べられる,並べさせる,並べさせられる,並べろ,並べるな,並べよう,並べたい,並べなければ,並べなきゃ,並べなくちゃ,расставлять,расставить,расставляю,буду расставлять,расставлял(а),расставил(а),расставлю,расставлю,расставив,расставь,расставим,Пассив: расставлять,заставить расставить,быть вынужденным расставить,並べ,並べ,る,ru,る,ru,,,,,れ,re,れ,re,て,te,て,te,た,ta,た,ta,られ,rare,ら|れ,ra|re,られ,rare,ら|れ,ra|re,させ,sase,さ|せ,sa|se,させられ,saserare,さ|せ|ら|れ,sa|se|ra|re,ろ,ro,ろ,ro,よう,you,よ|う,yo|u,ra|sa|re|ro|yo,れ,re,れ,re,расставлять в ряд,,расставлять,расставить,расставляю,буду расставлять,расставлял(а),расставил(а),расставлю,расставлю,расставив,расставь,расставим,расставлять,расставить,расставить и затем…,agentive,Пассив: расставлять,contextual,grammar_label,заставить расставить,быть вынужденным расставить,1,1,0,1,1,1,1,1,1,1,1,1,1,разрешить расставить
naru,なる,なる,naru,становиться,N5,godan-ru,na,なり,なった,なって,ならない,なれば,なったら,なれる,,なられる,ならせる,ならせられる,なれ,なるな,なろう,なりたい,ならなければ,ならなきゃ,ならなくちゃ,становиться,стать,становлюсь,буду становиться,становился(ась),стал(а),стану,стану,став,стань,станем,Пассив: становиться,заставить стать,быть вынужденным стать,な,な,る,ru,る,ru,り,ri,ら,ra,れ,re,れ,re,って,tte,って,tte,った,tta,った,tta,れ,re,れ,re,られ,rare,ら|れ,ra|re,らせ,rase,ら|せ,ra|se,らせられ,raserare,ら|せ|ら|れ,ra|se|ra|re,れ,re,れ,re,ろう,rou,ろ|う,ro|u,ra|ri|re|ro,,,,,становиться,,становиться,стать,становлюсь,буду становиться,становился(ась),стал(а),стану,стану,став,стань,станем,становиться,стать,стать и затем…,agentive,Пассив: становиться,contextual,grammar_label,заставить стать,быть вынужденным стать,1,1,0,1,1,1,1,1,1,1,1,1,1,разрешить стать
nugu,脱ぐ,ぬぐ,nugu,снимать одежду,N5,godan-gu,nug,脱ぎ,脱いだ,脱いで,脱がない,脱げば,脱いだら,脱げる,,脱がれる,脱がせる,脱がせられる,脱げ,脱ぐな,脱ごう,脱ぎたい,脱がなければ,脱がなきゃ,脱がなくちゃ,снимать,снять,снимаю,буду снимать,снимал(а),снял(а),сниму,сниму,сняв,сними,снимем,Пассив: снимать,заставить снять,быть вынужденным снять,脱,脱,ぐ,gu,ぐ,gu,ぎ,gi,が,ga,げ,ge,げ,ge,いで,iで,いで,iで,いだ,iだ,いだ,iだ,げ,ge,げ,ge,がれ,gare,が|れ,ga|re,がせ,gase,が|せ,ga|se,がせられ,gaserare,が|せ|ら|れ,ga|se|ra|re,げ,ge,げ,ge,ごう,gou,ご|う,go|u,ga|gi|ge|go,,,,,снимать одежду,,снимать,снять,снимаю,буду снимать,снимал(а),снял(а),сниму,сниму,сняв,сними,снимем,снимать,снять,снять и затем…,agentive,Пассив: снимать,contextual,grammar_label,заставить снять,быть вынужденным снять,1,1,0,1,1,1,1,1,1,1,1,1,1,разрешить снять
neru,寝る,ねる,neru,спать,N5,ichidan,ne,寝,寝た,寝て,寝ない,寝れば,寝たら,寝られる,寝れる,寝られる,寝させる,寝させられる,寝ろ,寝るな,寝よう,寝たい,寝なければ,寝なきゃ,寝なくちゃ,спать,поспать,сплю,буду спать,спал(а),поспал(а),посплю,посплю,поспав,спи,поспим,Пассив: спать,заставить поспать,быть вынужденным поспать,寝,寝,る,ru,る,ru,,,,,れ,re,れ,re,て,te,て,te,た,ta,た,ta,られ,rare,ら|れ,ra|re,られ,rare,ら|れ,ra|re,させ,sase,さ|せ,sa|se,させられ,saserare,さ|せ|ら|れ,sa|se|ra|re,ろ,ro,ろ,ro,よう,you,よ|う,yo|u,ra|sa|re|ro|yo,れ,re,れ,re,спать; ложиться,ложиться,спать / ложиться,поспать / лечь,сплю / ложусь,буду спать / ложиться,спал(а) / ложился(ась),поспал(а) / лёг(ла),посплю / лягу,посплю / лягу,поспав / лёгши,спи / ложись,поспим / ляжем,спать,поспать,поспать и затем…,agentive,Пассив: спать,contextual,grammar_label,заставить поспать,быть вынужденным поспать,1,1,0,1,1,1,1,1,1,1,1,1,1,разрешить поспать
noboru,登る,のぼる,noboru,подниматься,N5,godan-ru,nobo,登り,登った,登って,登らない,登れば,登ったら,登れる,,登られる,登らせる,登らせられる,登れ,登るな,登ろう,登りたい,登らなければ,登らなきゃ,登らなくちゃ,подниматься,подняться,поднимаюсь,буду подниматься,поднимался(ась),поднялся(ась),поднимусь,поднимусь,поднявшись,поднимайся,поднимемся,Пассив: подниматься,заставить подняться,быть вынужденным подняться,登,登,る,ru,る,ru,り,ri,ら,ra,れ,re,れ,re,って,tte,って,tte,った,tta,った,tta,れ,re,れ,re,られ,rare,ら|れ,ra|re,らせ,rase,ら|せ,ra|se,らせられ,raserare,ら|せ|ら|れ,ra|se|ra|re,れ,re,れ,re,ろう,rou,ろ|う,ro|u,ra|ri|re|ro,,,,,подниматься; взбираться,взбираться,подниматься / взбираться,подняться / взобраться,поднимаюсь / взбираюсь,буду подниматься / взбираться,поднимался(ась) / взбирался(ась),поднялся(ась) / взобрался(ась),поднимусь / взберусь,поднимусь / взберусь,поднявшись / взобравшись,поднимайся,поднимемся,подниматься,подняться,подняться и затем…,agentive,Пассив: подниматься,contextual,grammar_label,заставить подняться,быть вынужденным подняться,1,1,0,1,1,1,1,1,1,1,1,1,1,разрешить подняться
nomu,飲む,のむ,nomu,пить,N5,godan-mu,nom,飲み,飲んだ,飲んで,飲まない,飲めば,飲んだら,飲める,,飲まれる,飲ませる,飲ませられる,飲め,飲むな,飲もう,飲みたい,飲まなければ,飲まなきゃ,飲まなくちゃ,пить,выпить,пью,буду пить,пил(а),выпил(а),выпью,выпью,выпив,пей,выпьем,Пассив: пить,заставить выпить,быть вынужденным выпить,飲,飲,む,mu,む,mu,み,mi,ま,ma,め,me,め,me,んで,nで,んで,nで,んだ,nだ,んだ,nだ,め,me,め,me,まれ,mare,ま|れ,ma|re,ませ,mase,ま|せ,ma|se,ませられ,maserare,ま|せ|ら|れ,ma|se|ra|re,め,me,め,me,もう,mou,も|う,mo|u,ma|mi|me|mo,,,,,пить,,пить,выпить,пью,буду пить,пил(а),выпил(а),выпью,выпью,выпив,пей,выпьем,пить,выпить,выпить и затем…,agentive,Пассив: пить,contextual,grammar_label,заставить выпить,быть вынужденным выпить,1,1,0,1,1,1,1,1,1,1,1,1,1,разрешить выпить
noru,乗る,のる,noru,садиться в транспорт,N5,godan-ru,no,乗り,乗った,乗って,乗らない,乗れば,乗ったら,乗れる,,乗られる,乗らせる,乗らせられる,乗れ,乗るな,乗ろう,乗りたい,乗らなければ,乗らなきゃ,乗らなくちゃ,ездить,сесть,еду,буду ездить,ездил(а),сел(а),сяду,сяду,сев,садись,сядем,Пассив: ездить,заставить сесть,быть вынужденным сесть,乗,乗,る,ru,る,ru,り,ri,ら,ra,れ,re,れ,re,って,tte,って,tte,った,tta,った,tta,れ,re,れ,re,られ,rare,ら|れ,ra|re,らせ,rase,ら|せ,ra|se,らせられ,raserare,ら|せ|ら|れ,ra|se|ra|re,れ,re,れ,re,ろう,rou,ろ|う,ro|u,ra|ri|re|ro,,,,,"садиться в транспорт, ехать на",ехать на,ездить / садиться,сесть / поехать,еду / сажусь,буду ездить / садиться,ездил(а) / садился(ась),сел(а) / поехал(а),сяду / поеду,сяду / поеду,сев / поехав,садись,сядем / поедем,ездить,сесть,сесть и затем…,agentive,Пассив: ездить,contextual,grammar_label,заставить сесть,быть вынужденным сесть,1,1,0,1,1,1,1,1,1,1,1,1,1,разрешить сесть
hairu,入る,はいる,hairu,входить,N5,godan-ru,hai,入り,入った,入って,入らない,入れば,入ったら,入れる,,入られる,入らせる,入らせられる,入れ,入るな,入ろう,入りたい,入らなければ,入らなきゃ,入らなくちゃ,входить,войти,вхожу,буду входить,входил(а),вошёл / вошла,войду,войду,войдя,войди,войдем,Пассив: входить,заставить войти,быть вынужденным войти,入,入,る,ru,る,ru,り,ri,ら,ra,れ,re,れ,re,って,tte,って,tte,った,tta,った,tta,れ,re,れ,re,られ,rare,ら|れ,ra|re,らせ,rase,ら|せ,ra|se,らせられ,raserare,ら|せ|ら|れ,ra|se|ra|re,れ,re,れ,re,ろう,rou,ろ|う,ro|u,ra|ri|re|ro,,,,,входить,,входить,войти,вхожу,буду входить,входил(а),вошёл / вошла,войду,войду,войдя,войди,войдем,входить,войти,войти и затем…,agentive,Пассив: входить,contextual,grammar_label,заставить войти,быть вынужденным войти,1,1,0,1,1,1,1,1,1,1,1,1,1,разрешить войти
haku,はく,はく,haku,надевать на нижнюю часть тела,N5,godan-ku,hak,はき,はいた,はいて,はかない,はけば,はいたら,はける,,はかれる,はかせる,はかせられる,はけ,はくな,はこう,はきたい,はかなければ,はかなきゃ,はかなくちゃ,надевать,надеть,надеваю,буду надевать,надевал(а),надел(а),надену,надену,надев,надень,наденем,Пассив: надевать,заставить надеть,быть вынужденным надеть,は,は,く,ku,く,ku,き,ki,か,ka,け,ke,け,ke,いて,ite,いて,ite,いた,ita,いた,ita,け,ke,け,ke,かれ,kare,か|れ,ka|re,かせ,kase,か|せ,ka|se,かせられ,kaserare,か|せ|ら|れ,ka|se|ra|re,け,ke,け,ke,こう,kou,こ|う,ko|u,ka|ki|ke|ko,,,,,надевать на нижнюю часть тела,,надевать,надеть,надеваю,буду надевать,надевал(а),надел(а),надену,надену,надев,надень,наденем,надевать,надеть,надеть и затем…,agentive,Пассив: надевать,contextual,grammar_label,заставить надеть,быть вынужденным надеть,1,1,0,1,1,1,1,1,1,1,1,1,1,разрешить надеть
hashiru,走る,はしる,hashiru,бегать,N5,godan-ru,hashi,走り,走った,走って,走らない,走れば,走ったら,走れる,,走られる,走らせる,走らせられる,走れ,走るな,走ろう,走りたい,走らなければ,走らなきゃ,走らなくちゃ,бегать,побежать,бегу,буду бегать,бегал(а),побежал(а),побегу,побегу,побежав,беги,побежим,Пассив: бегать,заставить побежать,быть вынужденным побежать,走,走,る,ru,る,ru,り,ri,ら,ra,れ,re,れ,re,って,tte,って,tte,った,tta,った,tta,れ,re,れ,re,られ,rare,ら|れ,ra|re,らせ,rase,ら|せ,ra|se,らせられ,raserare,ら|せ|ら|れ,ra|se|ra|re,れ,re,れ,re,ろう,rou,ろ|う,ro|u,ra|ri|re|ro,,,,,бегать; бежать,бежать,бегать / бежать,побежать,бегу,буду бегать / бежать,бегал(а),побежал(а),побегу,побегу,побежав,беги,побежим,бегать,побежать,побежать и затем…,agentive,Пассив: бегать,contextual,grammar_label,заставить побежать,быть вынужденным побежать,1,1,0,1,1,1,1,1,1,1,1,1,1,разрешить побежать
hataraku,働く,はたらく,hataraku,работать,N5,godan-ku,hatarak,働き,働いた,働いて,働かない,働けば,働いたら,働ける,,働かれる,働かせる,働かせられる,働け,働くな,働こう,働きたい,働かなければ,働かなきゃ,働かなくちゃ,работать,поработать,работаю,буду работать,работал(а),поработал(а),поработаю,поработаю,поработав,работай,поработаем,Пассив: работать,заставить поработать,быть вынужденным поработать,働,働,く,ku,く,ku,き,ki,か,ka,け,ke,け,ke,いて,ite,いて,ite,いた,ita,いた,ita,け,ke,け,ke,かれ,kare,か|れ,ka|re,かせ,kase,か|せ,ka|se,かせられ,kaserare,か|せ|ら|れ,ka|se|ra|re,け,ke,け,ke,こう,kou,こ|う,ko|u,ka|ki|ke|ko,,,,,работать,,работать,поработать,работаю,буду работать,работал(а),поработал(а),поработаю,поработаю,поработав,работай,поработаем,работать,поработать,поработать и затем…,agentive,Пассив: работать,contextual,grammar_label,заставить поработать,быть вынужденным поработать,1,1,0,1,1,1,1,1,1,1,1,1,1,разрешить поработать
hanasu,話す,はなす,hanasu,говорить,N5,godan-su,hanas,話し,話した,話して,話さない,話せば,話したら,話せる,,話される,話させる,話させられる,話せ,話すな,話そう,話したい,話さなければ,話さなきゃ,話さなくちゃ,говорить,поговорить,говорю,буду говорить,говорил(а),поговорил(а),поговорю,поговорю,поговорив,говори,поговорим,Пассив: говорить,заставить поговорить,быть вынужденным поговорить,話,話,す,su,す,su,し,shi,さ,sa,せ,se,せ,se,して,shite,して,shite,した,shita,した,shita,せ,se,せ,se,され,sare,さ|れ,sa|re,させ,sase,さ|せ,sa|se,させられ,saserare,さ|せ|ら|れ,sa|se|ra|re,せ,se,せ,se,そう,sou,そ|う,so|u,sa|shi|se|so,,,,,"говорить, разговаривать",разговаривать,говорить / разговаривать,поговорить,говорю / разговариваю,буду говорить / разговаривать,говорил(а) / разговаривал(а),поговорил(а),поговорю,поговорю,поговорив,говори,поговорим,говорить,поговорить,поговорить и затем…,agentive,Пассив: говорить,contextual,grammar_label,заставить поговорить,быть вынужденным поговорить,1,1,0,1,1,1,1,1,1,1,1,1,1,разрешить поговорить
haru,貼る,はる,haru,наклеивать,N5,godan-ru,ha,貼り,貼った,貼って,貼らない,貼れば,貼ったら,貼れる,,貼られる,貼らせる,貼らせられる,貼れ,貼るな,貼ろう,貼りたい,貼らなければ,貼らなきゃ,貼らなくちゃ,наклеивать,наклеить,наклеиваю,буду наклеивать,наклеивал(а),наклеил(а),наклею,наклею,наклеив,наклей,наклеим,Пассив: наклеивать,заставить наклеить,быть вынужденным наклеить,貼,貼,る,ru,る,ru,り,ri,ら,ra,れ,re,れ,re,って,tte,って,tte,った,tta,った,tta,れ,re,れ,re,られ,rare,ら|れ,ra|re,らせ,rase,ら|せ,ra|se,らせられ,raserare,ら|せ|ら|れ,ra|se|ra|re,れ,re,れ,re,ろう,rou,ろ|う,ro|u,ra|ri|re|ro,,,,,наклеивать; прикреплять,прикреплять,наклеивать / прикреплять,наклеить / прикрепить,наклеиваю / прикрепляю,буду наклеивать / прикреплять,наклеивал(а) / прикреплял(а),наклеил(а) / прикрепил(а),наклею / прикреплю,наклею / прикреплю,наклеив / прикрепив,наклей / прикрепи,наклеим / прикрепим,наклеивать,наклеить,наклеить и затем…,agentive,Пассив: наклеивать,contextual,grammar_label,заставить наклеить,быть вынужденным наклеить,1,1,0,1,1,1,1,1,1,1,1,1,1,разрешить наклеить
hareru,晴れる,はれる,hareru,проясняться (о погоде),N5,ichidan,hare,晴れ,晴れた,晴れて,晴れない,晴れれば,晴れたら,晴れられる,晴れれる,晴れられる,晴れさせる,晴れさせられる,晴れろ,晴れるな,晴れよう,晴れたい,晴れなければ,晴れなきゃ,晴れなくちゃ,проясняться,проясниться,проясняется,буду проясняться,прояснялось,прояснилось,прояснится,прояснится,прояснившись,,,Пассив: проясняться,заставить проясниться,быть вынужденным проясниться,晴れ,晴れ,る,ru,る,ru,,,,,れ,re,れ,re,て,te,て,te,た,ta,た,ta,られ,rare,ら|れ,ra|re,られ,rare,ら|れ,ra|re,させ,sase,さ|せ,sa|se,させられ,saserare,さ|せ|ら|れ,sa|se|ra|re,ろ,ro,ろ,ro,よう,you,よ|う,yo|u,ra|sa|re|ro|yo,れ,re,れ,re,проясняться (о погоде),,проясняться,проясниться,проясняется,буду проясняться,прояснялось,прояснилось,прояснится,прояснится,прояснившись,—,—,проясняться,проясниться,проясниться и затем…,non_agentive,Пассив: проясняться,exclude,grammar_label,заставить проясниться,быть вынужденным проясниться,1,0,0,0,0,0,0,0,0,0,0,0,1,разрешить проясниться
hiku,引く,ひく,hiku,тянуть,N5,godan-ku,hik,引き,引いた,引いて,引かない,引けば,引いたら,引ける,,引かれる,引かせる,引かせられる,引け,引くな,引こう,引きたい,引かなければ,引かなきゃ,引かなくちゃ,тянуть,потянуть,тяну,буду тянуть,тянул(а),потянул(а),потяну,потяну,потянув,тяни,потянем,Пассив: тянуть,заставить потянуть,быть вынужденным потянуть,引,引,く,ku,く,ku,き,ki,か,ka,け,ke,け,ke,いて,ite,いて,ite,いた,ita,いた,ita,け,ke,け,ke,かれ,kare,か|れ,ka|re,かせ,kase,か|せ,ka|se,かせられ,kaserare,か|せ|ら|れ,ka|se|ra|re,け,ke,け,ke,こう,kou,こ|う,ko|u,ka|ki|ke|ko,,,,,тянуть; вычитать,вычитать,тянуть / вычитать,потянуть / вычесть,тяну / вычитаю,буду тянуть / вычитать,тянул(а) / вычитал(а),потянул(а) / вычел(ла),потяну / вычту,потяну / вычту,потянув / вычтя,тяни / вычти,потянем / вычтем,тянуть,потянуть,потянуть и затем…,agentive,Пассив: тянуть,contextual,grammar_label,заставить потянуть,быть вынужденным потянуть,1,1,0,1,1,1,1,1,1,1,1,1,1,разрешить потянуть
hiku_2,弾く,ひく,hiku,играть на инструменте,N5,godan-ku,hik,弾き,弾いた,弾いて,弾かない,弾けば,弾いたら,弾ける,,弾かれる,弾かせる,弾かせられる,弾け,弾くな,弾こう,弾きたい,弾かなければ,弾かなきゃ,弾かなくちゃ,играть,сыграть,играю,буду играть,играл(а),сыграл(а),сыграю,сыграю,сыграв,сыграй,сыграем,Пассив: играть,заставить сыграть,быть вынужденным сыграть,弾,弾,く,ku,く,ku,き,ki,か,ka,け,ke,け,ke,いて,ite,いて,ite,いた,ita,いた,ita,け,ke,け,ke,かれ,kare,か|れ,ka|re,かせ,kase,か|せ,ka|se,かせられ,kaserare,か|せ|ら|れ,ka|se|ra|re,け,ke,け,ke,こう,kou,こ|う,ko|u,ka|ki|ke|ko,,,,,играть на инструменте,,играть,сыграть,играю,буду играть,играл(а),сыграл(а),сыграю,сыграю,сыграв,сыграй,сыграем,играть,сыграть,сыграть и затем…,agentive,Пассив: играть,contextual,grammar_label,заставить сыграть,быть вынужденным сыграть,1,1,0,1,1,1,1,1,1,1,1,1,1,разрешить сыграть
fuku,吹く,ふく,fuku,дуть,N5,godan-ku,fuk,吹き,吹いた,吹いて,吹かない,吹けば,吹いたら,吹ける,,吹かれる,吹かせる,吹かせられる,吹け,吹くな,吹こう,吹きたい,吹かなければ,吹かなきゃ,吹かなくちゃ,дуть,подуть,дую,буду дуть,дул(а),подул(а),подую,подую,подув,дуй,подуем,Пассив: дуть,заставить подуть,быть вынужденным подуть,吹,吹,く,ku,く,ku,き,ki,か,ka,け,ke,け,ke,いて,ite,いて,ite,いた,ita,いた,ita,け,ke,け,ke,かれ,kare,か|れ,ka|re,かせ,kase,か|せ,ka|se,かせられ,kaserare,か|せ|ら|れ,ka|se|ra|re,け,ke,け,ke,こう,kou,こ|う,ko|u,ka|ki|ke|ko,,,,,дуть; играть на духовом инструменте,играть на духовом инструменте,дуть / играть,подуть / сыграть,дую / играю,буду дуть / играть,дул(а) / играл(а),подул(а) / сыграл(а),подую / сыграю,подую / сыграю,подув / сыграв,дуй / сыграй,подуем / сыграем,дуть,подуть,подуть и затем…,agentive,Пассив: дуть,contextual,grammar_label,заставить подуть,быть вынужденным подуть,1,1,0,1,1,1,1,1,1,1,1,1,1,разрешить подуть
furu,降る,ふる,furu,"идти (о дожде, снеге)",N5,godan-ru,fu,降り,降った,降って,降らない,降れば,降ったら,降れる,,降られる,降らせる,降らせられる,降れ,降るな,降ろう,降りたい,降らなければ,降らなきゃ,降らなくちゃ,идти,пойти,идёт,буду идти,шёл,пошёл,пойдёт,пойдёт,выпав,,,Пассив: идти,заставить пойти,быть вынужденным пойти,降,降,る,ru,る,ru,り,ri,ら,ra,れ,re,れ,re,って,tte,って,tte,った,tta,った,tta,れ,re,れ,re,られ,rare,ら|れ,ra|re,らせ,rase,ら|せ,ra|se,らせられ,raserare,ら|せ|ら|れ,ra|se|ra|re,れ,re,れ,re,ろう,rou,ろ|う,ro|u,ra|ri|re|ro,,,,,"идти (о дожде, снеге)",,идти / выпадать,пойти / выпасть,идёт / выпадает,буду идти / выпадать,шёл / выпадал,пошёл / выпал,пойдёт / выпадет,пойдёт / выпадет,выпав,—,—,идти,пойти,пойти и затем…,non_agentive,Пассив: идти,exclude,grammar_label,заставить пойти,быть вынужденным пойти,1,0,0,0,0,0,0,0,0,0,0,0,1,разрешить пойти
benkyousuru,勉強する,べんきょうする,benkyousuru,учиться,N5,suru,benkyousu,勉強し,勉強した,勉強して,勉強しない,勉強すれば,勉強したら,勉強できる,,勉強される,勉強させる,勉強させられる,勉強しろ,勉強するな,勉強しよう,勉強したい,勉強しなければ,勉強しなきゃ,勉強しなくちゃ,учиться,позаниматься,учусь,буду учиться,учился(ась),позанимался(ась),позанимаюсь,позанимаюсь,позанимавшись,учись,позанимаемся,Пассив: учиться,заставить позаниматься,быть вынужденным позаниматься,勉強,勉強,する,suru,す|る,su|ru,し,shi,し,shi,すれ,sure,す|れ,su|re,して,shite,し|て,shi|te,した,shita,し|た,shi|ta,でき,deki,でき,deki,され,sare,さ|れ,sa|re,させ,sase,さ|せ,sa|se,させられ,saserare,さ|せ|ら|れ,sa|se|ra|re,しろ,shiro,し|ろ,shi|ro,しよう,shiyou,し|よ|う,shi|yo|u,shi|su|deki|sa,,,,,"учиться, заниматься",заниматься,учиться / заниматься,позаниматься,учусь / занимаюсь,буду учиться / заниматься,учился(ась) / занимался(ась),позанимался(ась),позанимаюсь,позанимаюсь,позанимавшись,учись / занимайся,позанимаемся,учиться,позаниматься,позаниматься и затем…,agentive,Пассив: учиться,contextual,grammar_label,заставить позаниматься,быть вынужденным позаниматься,1,1,0,1,1,1,1,1,1,1,1,1,1,разрешить позаниматься
magaru,曲がる,まがる,magaru,поворачивать,N5,godan-ru,maga,曲がり,曲がった,曲がって,曲がらない,曲がれば,曲がったら,曲がれる,,曲がられる,曲がらせる,曲がらせられる,曲がれ,曲がるな,曲がろう,曲がりたい,曲がらなければ,曲がらなきゃ,曲がらなくちゃ,поворачивать,повернуть,поворачиваю,буду поворачивать,поворачивал(а),повернул(а),поверну,поверну,повернув,поверни,повернём,Пассив: поворачивать,заставить повернуть,быть вынужденным повернуть,曲が,曲が,る,ru,る,ru,り,ri,ら,ra,れ,re,れ,re,って,tte,って,tte,った,tta,った,tta,れ,re,れ,re,られ,rare,ら|れ,ra|re,らせ,rase,ら|せ,ra|se,らせられ,raserare,ら|せ|ら|れ,ra|se|ra|re,れ,re,れ,re,ろう,rou,ろ|う,ro|u,ra|ri|re|ro,,,,,поворачивать; изгибаться,изгибаться,поворачивать / изгибаться,повернуть / изогнуться,поворачиваю / изгибаюсь,буду поворачивать / изгибаться,поворачивал(а) / изгибался(ась),повернул(а) / изогнулся(лась),поверну / изогнусь,поверну / изогнусь,повернув / изогнувшись,поверни,повернём,поворачивать,повернуть,повернуть и затем…,agentive,Пассив: поворачивать,contextual,grammar_label,заставить повернуть,быть вынужденным повернуть,1,1,0,1,1,1,1,1,1,1,1,1,1,разрешить повернуть
matsu,待つ,まつ,matsu,ждать,N5,godan-tsu,mats,待ち,待った,待って,待たない,待てば,待ったら,待てる,,待たれる,待たせる,待たせられる,待て,待つな,待とう,待ちたい,待たなければ,待たなきゃ,待たなくちゃ,ждать,подождать,жду,буду ждать,ждал(а),подождал(а),подожду,подожду,подождав,подожди,подождём,Пассив: ждать,заставить подождать,быть вынужденным подождать,待,待,つ,tsu,つ,tsu,ち,chi,た,ta,て,te,て,te,って,tte,って,tte,った,tta,った,tta,て,te,て,te,たれ,tare,た|れ,ta|re,たせ,tase,た|せ,ta|se,たせられ,taserare,た|せ|ら|れ,ta|se|ra|re,て,te,て,te,とう,tou,と|う,to|u,ta|chi|te|to,,,,,ждать,,ждать,подождать,жду,буду ждать,ждал(а),подождал(а),подожду,подожду,подождав,подожди,подождём,ждать,подождать,подождать и затем…,agentive,Пассив: ждать,contextual,grammar_label,заставить подождать,быть вынужденным подождать,1,1,0,1,1,1,1,1,1,1,1,1,1,разрешить подождать
migaku,磨く,みがく,migaku,чистить,N5,godan-ku,migak,磨き,磨いた,磨いて,磨かない,磨けば,磨いたら,磨ける,,磨かれる,磨かせる,磨かせられる,磨け,磨くな,磨こう,磨きたい,磨かなければ,磨かなきゃ,磨かなくちゃ,чистить,почистить,чищу,буду чистить,чистил(а),почистил(а),почищу,почищу,почистив,почисти,почистим,Пассив: чистить,заставить почистить,быть вынужденным почистить,磨,磨,く,ku,く,ku,き,ki,か,ka,け,ke,け,ke,いて,ite,いて,ite,いた,ita,いた,ita,け,ke,け,ke,かれ,kare,か|れ,ka|re,かせ,kase,か|せ,ka|se,かせられ,kaserare,か|せ|ら|れ,ka|se|ra|re,け,ke,け,ke,こう,kou,こ|う,ko|u,ka|ki|ke|ko,,,,,чистить; полировать,полировать,чистить / полировать,почистить / отполировать,чищу / полирую,буду чистить / полировать,чистил(а) / полировал(а),почистил(а) / отполировал(а),почищу / отполирую,почищу / отполирую,почистив / отполировав,почисти / отполируй,почистим / отполируем,чистить,почистить,почистить и затем…,agentive,Пассив: чистить,contextual,grammar_label,заставить почистить,быть вынужденным почистить,1,1,0,1,1,1,1,1,1,1,1,1,1,разрешить почистить
miseru,見せる,みせる,miseru,показывать,N5,ichidan,mise,見せ,見せた,見せて,見せない,見せれば,見せたら,見せられる,見せれる,見せられる,見せさせる,見せさせられる,見せろ,見せるな,見せよう,見せたい,見せなければ,見せなきゃ,見せなくちゃ,показывать,показать,показываю,буду показывать,показывал(а),показал(а),покажу,покажу,показав,покажи,покажем,быть показанным,заставить показать,быть вынужденным показать,見せ,見せ,る,ru,る,ru,,,,,れ,re,れ,re,て,te,て,te,た,ta,た,ta,られ,rare,ら|れ,ra|re,られ,rare,ら|れ,ra|re,させ,sase,さ|せ,sa|se,させられ,saserare,さ|せ|ら|れ,sa|se|ra|re,ろ,ro,ろ,ro,よう,you,よ|う,yo|u,ra|sa|re|ro|yo,れ,re,れ,re,показывать,,показывать,показать,показываю,буду показывать,показывал(а),показал(а),покажу,покажу,показав,покажи,покажем,показывать,показать,показать и затем…,agentive,быть показанным,natural,natural,заставить показать,быть вынужденным показать,1,1,1,0,1,1,1,1,1,1,1,1,1,разрешить показать
miru,見る,みる,miru,смотреть,N5,ichidan,mi,見,見た,見て,見ない,見れば,見たら,見られる,見れる,見られる,見させる,見させられる,見ろ,見るな,見よう,見たい,見なければ,見なきゃ,見なくちゃ,смотреть,посмотреть,смотрю,буду смотреть,смотрел(а),посмотрел(а),посмотрю,посмотрю,посмотрев,смотри,посмотрим,Пассив: смотреть,заставить посмотреть,быть вынужденным посмотреть,見,見,る,ru,る,ru,,,,,れ,re,れ,re,て,te,て,te,た,ta,た,ta,られ,rare,ら|れ,ra|re,られ,rare,ら|れ,ra|re,させ,sase,さ|せ,sa|se,させられ,saserare,さ|せ|ら|れ,sa|se|ra|re,ろ,ro,ろ,ro,よう,you,よ|う,yo|u,ra|sa|re|ro|yo,れ,re,れ,re,"смотреть, видеть",видеть,смотреть,посмотреть,смотрю,буду смотреть,смотрел(а),посмотрел(а),посмотрю,посмотрю,посмотрев,смотри,посмотрим,смотреть,посмотреть,посмотреть и затем…,agentive,Пассив: смотреть,contextual,grammar_label,заставить посмотреть,быть вынужденным посмотреть,1,1,0,1,1,1,1,1,1,1,1,1,1,разрешить посмотреть
motsu,持つ,もつ,motsu,держать,N5,godan-tsu,mots,持ち,持った,持って,持たない,持てば,持ったら,持てる,,持たれる,持たせる,持たせられる,持て,持つな,持とう,持ちたい,持たなければ,持たなきゃ,持たなくちゃ,держать,взять,держу,буду держать,держал(а),взял(а),возьму,возьму,взяв,держи,возьмём,Пассив: держать,заставить взять,быть вынужденным взять,持,持,つ,tsu,つ,tsu,ち,chi,た,ta,て,te,て,te,って,tte,って,tte,った,tta,った,tta,て,te,て,te,たれ,tare,た|れ,ta|re,たせ,tase,た|せ,ta|se,たせられ,taserare,た|せ|ら|れ,ta|se|ra|re,て,te,て,te,とう,tou,と|う,to|u,ta|chi|te|to,,,,,держать; иметь; нести,иметь | нести,держать / иметь,взять / понести,держу / имею,буду держать / иметь,держал(а) / имел(а),взял(а) / понёс(ла),возьму / понесу,возьму / понесу,взяв / понеся,держи / возьми,возьмём / понесём,держать,взять,взять и затем…,agentive,Пассив: держать,contextual,grammar_label,заставить взять,быть вынужденным взять,1,1,0,1,1,1,1,1,1,1,1,1,1,разрешить взять
yasumu,休む,やすむ,yasumu,отдыхать,N5,godan-mu,yasum,休み,休んだ,休んで,休まない,休めば,休んだら,休める,,休まれる,休ませる,休ませられる,休め,休むな,休もう,休みたい,休まなければ,休まなきゃ,休まなくちゃ,отдыхать,отдохнуть,отдыхаю,буду отдыхать,отдыхал(а),отдохнул(а),отдохну,отдохну,отдохнув,отдохни,отдохнём,Пассив: отдыхать,заставить отдохнуть,быть вынужденным отдохнуть,休,休,む,mu,む,mu,み,mi,ま,ma,め,me,め,me,んで,nで,んで,nで,んだ,nだ,んだ,nだ,め,me,め,me,まれ,mare,ま|れ,ma|re,ませ,mase,ま|せ,ma|se,ませられ,maserare,ま|せ|ら|れ,ma|se|ra|re,め,me,め,me,もう,mou,も|う,mo|u,ma|mi|me|mo,,,,,отдыхать; брать выходной,брать выходной,отдыхать,отдохнуть,отдыхаю,буду отдыхать,отдыхал(а),отдохнул(а),отдохну,отдохну,отдохнув,отдохни,отдохнём,отдыхать,отдохнуть,отдохнуть и затем…,agentive,Пассив: отдыхать,contextual,grammar_label,заставить отдохнуть,быть вынужденным отдохнуть,1,1,0,1,1,1,1,1,1,1,1,1,1,разрешить отдохнуть
yaru,やる,やる,yaru,делать,N5,godan-ru,ya,やり,やった,やって,やらない,やれば,やったら,やれる,,やられる,やらせる,やらせられる,やれ,やるな,やろう,やりたい,やらなければ,やらなきゃ,やらなくちゃ,делать,сделать,делаю,буду делать,делал(а),сделал(а),сделаю,сделаю,сделав,сделай,сделаем,Пассив: делать,заставить сделать,быть вынужденным сделать,や,や,る,ru,る,ru,り,ri,ら,ra,れ,re,れ,re,って,tte,って,tte,った,tta,った,tta,れ,re,れ,re,られ,rare,ら|れ,ra|re,らせ,rase,ら|せ,ra|se,らせられ,raserare,ら|せ|ら|れ,ra|se|ra|re,れ,re,れ,re,ろう,rou,ろ|う,ro|u,ra|ri|re|ro,,,,,делать; давать,давать,делать / давать,сделать / дать,делаю / даю,буду делать / давать,делал(а) / давал(а),сделал(а) / дал(а),сделаю / дам,сделаю / дам,сделав / дав,сделай / дай,сделаем / дадим,делать,сделать,сделать и затем…,agentive,Пассив: делать,contextual,grammar_label,заставить сделать,быть вынужденным сделать,1,1,0,1,1,1,1,1,1,1,1,1,1,разрешить сделать
yobu,呼ぶ,よぶ,yobu,звать,N5,godan-bu,yob,呼び,呼んだ,呼んで,呼ばない,呼べば,呼んだら,呼べる,,呼ばれる,呼ばせる,呼ばせられる,呼べ,呼ぶな,呼ぼう,呼びたい,呼ばなければ,呼ばなきゃ,呼ばなくちゃ,звать,позвать,зову,буду звать,звал(а),позвал(а),позову,позову,позвав,позови,позовём,быть позванным,заставить позвать,быть вынужденным позвать,呼,呼,ぶ,bu,ぶ,bu,び,bi,ば,ba,べ,be,べ,be,んで,nで,んで,nで,んだ,nだ,んだ,nだ,べ,be,べ,be,ばれ,bare,ば|れ,ba|re,ばせ,base,ば|せ,ba|se,ばせられ,baserare,ば|せ|ら|れ,ba|se|ra|re,べ,be,べ,be,ぼう,bou,ぼ|う,bo|u,ba|bi|be|bo,,,,,звать; вызывать,вызывать,звать / вызывать,позвать / вызвать,зову / вызываю,буду звать / вызывать,звал(а) / вызывал(а),позвал(а) / вызвал(а),позову / вызову,позову / вызову,позвав / вызвав,позови / вызови,позовём / вызовем,звать,позвать,позвать и затем…,agentive,быть позванным,natural,natural,заставить позвать,быть вынужденным позвать,1,1,1,0,1,1,1,1,1,1,1,1,1,разрешить позвать
yomu,読む,よむ,yomu,читать,N5,godan-mu,yom,読み,読んだ,読んで,読まない,読めば,読んだら,読める,,読まれる,読ませる,読ませられる,読め,読むな,読もう,読みたい,読まなければ,読まなきゃ,読まなくちゃ,читать,прочитать,читаю,буду читать,читал(а),прочитал(а),прочитаю,прочитаю,прочитав,читай,прочитаем,быть прочитанным,заставить прочитать,быть вынужденным прочитать,読,読,む,mu,む,mu,み,mi,ま,ma,め,me,め,me,んで,nで,んで,nで,んだ,nだ,んだ,nだ,め,me,め,me,まれ,mare,ま|れ,ma|re,ませ,mase,ま|せ,ma|se,ませられ,maserare,ま|せ|ら|れ,ma|se|ra|re,め,me,め,me,もう,mou,も|う,mo|u,ma|mi|me|mo,,,,,читать,,читать,прочитать,читаю,буду читать,читал(а),прочитал(а),прочитаю,прочитаю,прочитав,читай,прочитаем,читать,прочитать,прочитать и затем…,agentive,быть прочитанным,natural,natural,заставить прочитать,быть вынужденным прочитать,1,1,1,0,1,1,1,1,1,1,1,1,1,разрешить прочитать
wakaru,分かる,わかる,wakaru,понимать,N5,godan-ru,waka,分かり,分かった,分かって,分からない,分かれば,分かったら,分かれる,,分かられる,分からせる,分からせられる,分かれ,分かるな,分かろう,分かりたい,分からなければ,分からなきゃ,分からなくちゃ,понимать,понять,понимаю,буду понимать,понимал(а),понял(а),пойму,пойму,поняв,пойми,поймём,Пассив: понимать,заставить понять,быть вынужденным понять,分か,分か,る,ru,る,ru,り,ri,ら,ra,れ,re,れ,re,って,tte,って,tte,った,tta,った,tta,れ,re,れ,re,られ,rare,ら|れ,ra|re,らせ,rase,ら|せ,ra|se,らせられ,raserare,ら|せ|ら|れ,ra|se|ra|re,れ,re,れ,re,ろう,rou,ろ|う,ro|u,ra|ri|re|ro,,,,,понимать,,понимать,понять,понимаю,буду понимать,понимал(а),понял(а),пойму,пойму,поняв,пойми,поймём,понимать,понять,понять и затем…,agentive,Пассив: понимать,contextual,grammar_label,заставить понять,быть вынужденным понять,1,0,0,1,1,1,1,1,1,1,1,1,1,разрешить понять
wasureru,忘れる,わすれる,wasureru,забывать,N5,ichidan,wasure,忘れ,忘れた,忘れて,忘れない,忘れれば,忘れたら,忘れられる,忘れれる,忘れられる,忘れさせる,忘れさせられる,忘れろ,忘れるな,忘れよう,忘れたい,忘れなければ,忘れなきゃ,忘れなくちゃ,забывать,забыть,забываю,буду забывать,забывал(а),забыл(а),забуду,забуду,забыв,не забудь,не забудем,Пассив: забывать,заставить забыть,быть вынужденным забыть,忘れ,忘れ,る,ru,る,ru,,,,,れ,re,れ,re,て,te,て,te,た,ta,た,ta,られ,rare,ら|れ,ra|re,られ,rare,ら|れ,ra|re,させ,sase,さ|せ,sa|se,させられ,saserare,さ|せ|ら|れ,sa|se|ra|re,ろ,ro,ろ,ro,よう,you,よ|う,yo|u,ra|sa|re|ro|yo,れ,re,れ,re,забывать,,забывать,забыть,забываю,буду забывать,забывал(а),забыл(а),забуду,забуду,забыв,не забудь,не забудем,забывать,забыть,забыть и затем…,agentive,Пассив: забывать,contextual,grammar_label,заставить забыть,быть вынужденным забыть,1,1,0,1,1,1,1,1,1,1,1,1,1,разрешить забыть
watasu,渡す,わたす,watasu,передавать,N5,godan-su,watas,渡し,渡した,渡して,渡さない,渡せば,渡したら,渡せる,,渡される,渡させる,渡させられる,渡せ,渡すな,渡そう,渡したい,渡さなければ,渡さなきゃ,渡さなくちゃ,передавать,передать,передаю,буду передавать,передавал(а),передал(а),передам,передам,передав,передай,передадим,Пассив: передавать,заставить передать,быть вынужденным передать,渡,渡,す,su,す,su,し,shi,さ,sa,せ,se,せ,se,して,shite,して,shite,した,shita,した,shita,せ,se,せ,se,され,sare,さ|れ,sa|re,させ,sase,さ|せ,sa|se,させられ,saserare,さ|せ|ら|れ,sa|se|ra|re,せ,se,せ,se,そう,sou,そ|う,so|u,sa|shi|se|so,,,,,передавать; вручать,вручать,передавать / вручать,передать / вручить,передаю / вручаю,буду передавать / вручать,передавал(а) / вручал(а),передал(а) / вручил(а),передам / вручу,передам / вручу,передав / вручив,передай / вручи,передадим / вручим,передавать,передать,передать и затем…,agentive,Пассив: передавать,contextual,grammar_label,заставить передать,быть вынужденным передать,1,1,0,1,1,1,1,1,1,1,1,1,1,разрешить передать
wataru,渡る,わたる,wataru,переходить,N5,godan-ru,wata,渡り,渡った,渡って,渡らない,渡れば,渡ったら,渡れる,,渡られる,渡らせる,渡らせられる,渡れ,渡るな,渡ろう,渡りたい,渡らなければ,渡らなきゃ,渡らなくちゃ,переходить,перейти,перехожу,буду переходить,переходил(а),перешёл / перешла,перейду,перейду,перейдя,перейди,перейдём,Пассив: переходить,заставить перейти,быть вынужденным перейти,渡,渡,る,ru,る,ru,り,ri,ら,ra,れ,re,れ,re,って,tte,って,tte,った,tta,った,tta,れ,re,れ,re,られ,rare,ら|れ,ra|re,らせ,rase,ら|せ,ra|se,らせられ,raserare,ら|せ|ら|れ,ra|se|ra|re,れ,re,れ,re,ろう,rou,ろ|う,ro|u,ra|ri|re|ro,,,,,переходить; пересекать,пересекать,переходить / пересекать,перейти / пересечь,перехожу / пересекаю,буду переходить / пересекать,переходил(а) / пересекал(а),перешёл / перешла; пересёк(ла),перейду / пересеку,перейду / пересеку,перейдя / пересекая,перейди / пересеки,перейдём / пересечём,переходить,перейти,перейти и затем…,agentive,Пассив: переходить,contextual,grammar_label,заставить перейти,быть вынужденным перейти,1,1,0,1,1,1,1,1,1,1,1,1,1,разрешить перейти
kopi_suru,コピーする,コピーする,kopiーsuru,копировать,N5,suru,kopiーsu,コピーし,コピーした,コピーして,コピーしない,コピーすれば,コピーしたら,コピーできる,,コピーされる,コピーさせる,コピーさせられる,コピーしろ,コピーするな,コピーしよう,コピーしたい,コピーしなければ,コピーしなきゃ,コピーしなくちゃ,копировать,скопировать,копирую,буду копировать,копировал(а),скопировал(а),скопирую,скопирую,скопировав,скопируй,скопируем,Пассив: копировать,заставить скопировать,быть вынужденным скопировать,コピー,コピー,する,suru,す|る,su|ru,し,shi,し,shi,すれ,sure,す|れ,su|re,して,shite,し|て,shi|te,した,shita,し|た,shi|ta,でき,deki,でき,deki,され,sare,さ|れ,sa|re,させ,sase,さ|せ,sa|se,させられ,saserare,さ|せ|ら|れ,sa|se|ra|re,しろ,shiro,し|ろ,shi|ro,しよう,shiyou,し|よ|う,shi|yo|u,shi|su|deki|sa,,,,,копировать,,копировать,скопировать,копирую,буду копировать,копировал(а),скопировал(а),скопирую,скопирую,скопировав,скопируй,скопируем,копировать,скопировать,скопировать и затем…,agentive,Пассив: копировать,contextual,grammar_label,заставить скопировать,быть вынужденным скопировать,1,1,0,1,1,1,1,1,1,1,1,1,1,разрешить скопировать
au_2,合う,あう,au,подходить,N4,godan-u,a,合い,合った,合って,合わない,合えば,合ったら,合える,,合われる,合わせる,合わせられる,合え,合うな,合おう,合いたい,合わなければ,合わなきゃ,合わなくちゃ,подходить,подойти,подходит,буду подходить,подходило,подошло,подойдёт,подойдёт,подойдя,,,Пассив: подходить,заставить подойти,быть вынужденным подойти,合,合,う,u,う,u,い,i,わ,wa,え,e,え,e,って,tte,って,tte,った,tta,った,tta,え,e,え,e,われ,ware,わ|れ,wa|re,わせ,wase,わ|せ,wa|se,わせられ,waserare,わ|せ|ら|れ,wa|se|ra|re,え,e,え,e,おう,ou,お|う,o|u,wa|i|e|o,,,,,подходить; совпадать,совпадать,подходить / совпадать,подойти / совпасть,подходит / совпадает,буду подходить / совпадать,подходило / совпадало,подошло / совпало,подойдёт / совпадёт,подойдёт / совпадёт,подойдя / совпав,—,—,подходить,подойти,подойти и затем…,non_agentive,Пассив: подходить,contextual,grammar_label,заставить подойти,быть вынужденным подойти,1,1,0,1,0,0,0,0,1,0,0,0,1,разрешить подойти
agaru,上がる,あがる,agaru,подниматься,N4,godan-ru,aga,上がり,上がった,上がって,上がらない,上がれば,上がったら,上がれる,,上がられる,上がらせる,上がらせられる,上がれ,上がるな,上がろう,上がりたい,上がらなければ,上がらなきゃ,上がらなくちゃ,подниматься,подняться,поднимаюсь,буду подниматься,поднимался(ась),поднялся(ась),поднимусь,поднимусь,поднявшись,поднимайся,поднимемся,Пассив: подниматься,заставить подняться,быть вынужденным подняться,上が,上が,る,ru,る,ru,り,ri,ら,ra,れ,re,れ,re,って,tte,って,tte,った,tta,った,tta,れ,re,れ,re,られ,rare,ら|れ,ra|re,らせ,rase,ら|せ,ra|se,らせられ,raserare,ら|せ|ら|れ,ra|se|ra|re,れ,re,れ,re,ろう,rou,ろ|う,ro|u,ra|ri|re|ro,,,,,подниматься,,подниматься,подняться,поднимаюсь,буду подниматься,поднимался(ась),поднялся(ась),поднимусь,поднимусь,поднявшись,поднимайся,поднимемся,подниматься,подняться,подняться и затем…,agentive,Пассив: подниматься,contextual,grammar_label,заставить подняться,быть вынужденным подняться,1,1,0,1,1,1,1,1,1,1,1,1,1,разрешить подняться
ageru_2,あげる,あげる,ageru,давать кому-то,N4,ichidan,age,あげ,あげた,あげて,あげない,あげれば,あげたら,あげられる,あげれる,あげられる,あげさせる,あげさせられる,あげろ,あげるな,あげよう,あげたい,あげなければ,あげなきゃ,あげなくちゃ,давать,дать,даю,буду давать,давал(а),дал(а),дам,дам,дав,дай,дадим,Пассив: давать,заставить дать,быть вынужденным дать,あげ,あげ,る,ru,る,ru,,,,,れ,re,れ,re,て,te,て,te,た,ta,た,ta,られ,rare,ら|れ,ra|re,られ,rare,ら|れ,ra|re,させ,sase,さ|せ,sa|se,させられ,saserare,さ|せ|ら|れ,sa|se|ra|re,ろ,ro,ろ,ro,よう,you,よ|う,yo|u,ra|sa|re|ro|yo,れ,re,れ,re,давать кому-то,,давать,дать,даю,буду давать,давал(а),дал(а),дам,дам,дав,дай,дадим,давать,дать,дать и затем…,agentive,Пассив: давать,contextual,grammar_label,заставить дать,быть вынужденным дать,1,1,0,1,1,1,1,1,1,1,1,1,1,разрешить дать
atsumaru,集まる,あつまる,atsumaru,собираться,N4,godan-ru,atsuma,集まり,集まった,集まって,集まらない,集まれば,集まったら,集まれる,,集まられる,集まらせる,集まらせられる,集まれ,集まるな,集まろう,集まりたい,集まらなければ,集まらなきゃ,集まらなくちゃ,собираться,собраться,собираюсь,буду собираться,собирался(ась),собрался(ась),соберусь,соберусь,собравшись,собирайся,соберёмся,Пассив: собираться,заставить собраться,быть вынужденным собраться,集ま,集ま,る,ru,る,ru,り,ri,ら,ra,れ,re,れ,re,って,tte,って,tte,った,tta,った,tta,れ,re,れ,re,られ,rare,ら|れ,ra|re,らせ,rase,ら|せ,ra|se,らせられ,raserare,ら|せ|ら|れ,ra|se|ra|re,れ,re,れ,re,ろう,rou,ろ|う,ro|u,ra|ri|re|ro,,,,,собираться,,собираться,собраться,собираюсь,буду собираться,собирался(ась),собрался(ась),соберусь,соберусь,собравшись,собирайся,соберёмся,собираться,собраться,собраться и затем…,agentive,Пассив: собираться,contextual,grammar_label,заставить собраться,быть вынужденным собраться,1,1,0,1,1,1,1,1,1,1,1,1,1,разрешить собраться
atsumeru,集める,あつめる,atsumeru,собирать,N4,ichidan,atsume,集め,集めた,集めて,集めない,集めれば,集めたら,集められる,集めれる,集められる,集めさせる,集めさせられる,集めろ,集めるな,集めよう,集めたい,集めなければ,集めなきゃ,集めなくちゃ,собирать,собрать,собираю,буду собирать,собирал(а),собрал(а),соберу,соберу,собрав,собери,соберём,Пассив: собирать,заставить собрать,быть вынужденным собрать,集め,集め,る,ru,る,ru,,,,,れ,re,れ,re,て,te,て,te,た,ta,た,ta,られ,rare,ら|れ,ra|re,られ,rare,ら|れ,ra|re,させ,sase,さ|せ,sa|se,させられ,saserare,さ|せ|ら|れ,sa|se|ra|re,ろ,ro,ろ,ro,よう,you,よ|う,yo|u,ra|sa|re|ro|yo,れ,re,れ,re,собирать,,собирать,собрать,собираю,буду собирать,собирал(а),собрал(а),соберу,соберу,собрав,собери,соберём,собирать,собрать,собрать и затем…,agentive,Пассив: собирать,contextual,grammar_label,заставить собрать,быть вынужденным собрать,1,1,0,1,1,1,1,1,1,1,1,1,1,разрешить собрать
ayamaru,謝る,あやまる,ayamaru,извиняться,N4,godan-ru,ayama,謝り,謝った,謝って,謝らない,謝れば,謝ったら,謝れる,,謝られる,謝らせる,謝らせられる,謝れ,謝るな,謝ろう,謝りたい,謝らなければ,謝らなきゃ,謝らなくちゃ,извиняться,извиниться,извиняюсь,буду извиняться,извинялся(ась),извинился(ась),извинюсь,извинюсь,извинившись,извинись,извинимся,Пассив: извиняться,заставить извиниться,быть вынужденным извиниться,謝,謝,る,ru,る,ru,り,ri,ら,ra,れ,re,れ,re,って,tte,って,tte,った,tta,った,tta,れ,re,れ,re,られ,rare,ら|れ,ra|re,らせ,rase,ら|せ,ra|se,らせられ,raserare,ら|せ|ら|れ,ra|se|ra|re,れ,re,れ,re,ろう,rou,ろ|う,ro|u,ra|ri|re|ro,,,,,извиняться,,извиняться,извиниться,извиняюсь,буду извиняться,извинялся(ась),извинился(ась),извинюсь,извинюсь,извинившись,извинись,извинимся,извиняться,извиниться,извиниться и затем…,agentive,Пассив: извиняться,contextual,grammar_label,заставить извиниться,быть вынужденным извиниться,1,1,0,1,1,1,1,1,1,1,1,1,1,разрешить извиниться
ikiru,生きる,いきる,ikiru,жить,N4,ichidan,iki,生き,生きた,生きて,生きない,生きれば,生きたら,生きられる,生きれる,生きられる,生きさせる,生きさせられる,生きろ,生きるな,生きよう,生きたい,生きなければ,生きなきゃ,生きなくちゃ,жить,прожить,живу,буду жить,жил(а),прожил(а),проживу,проживу,прожив,живи,проживём,Пассив: жить,заставить прожить,быть вынужденным прожить,生き,生き,る,ru,る,ru,,,,,れ,re,れ,re,て,te,て,te,た,ta,た,ta,られ,rare,ら|れ,ra|re,られ,rare,ら|れ,ra|re,させ,sase,さ|せ,sa|se,させられ,saserare,さ|せ|ら|れ,sa|se|ra|re,ろ,ro,ろ,ro,よう,you,よ|う,yo|u,ra|sa|re|ro|yo,れ,re,れ,re,жить,,жить,прожить,живу,буду жить,жил(а),прожил(а),проживу,проживу,прожив,живи,проживём,жить,прожить,прожить и затем…,agentive,Пассив: жить,contextual,grammar_label,заставить прожить,быть вынужденным прожить,1,1,0,1,1,1,1,1,1,1,1,1,1,разрешить прожить
ijimeru,いじめる,いじめる,ijimeru,дразнить,N4,ichidan,ijime,いじめ,いじめた,いじめて,いじめない,いじめれば,いじめたら,いじめられる,いじめれる,いじめられる,いじめさせる,いじめさせられる,いじめろ,いじめるな,いじめよう,いじめたい,いじめなければ,いじめなきゃ,いじめなくちゃ,дразнить,задразнить,дразню,буду дразнить,дразнил(а),задразнил(а),задразню,задразню,задразнив,не дразни,не задразним,Пассив: дразнить,заставить задразнить,быть вынужденным задразнить,いじめ,いじめ,る,ru,る,ru,,,,,れ,re,れ,re,て,te,て,te,た,ta,た,ta,られ,rare,ら|れ,ra|re,られ,rare,ら|れ,ra|re,させ,sase,さ|せ,sa|se,させられ,saserare,さ|せ|ら|れ,sa|se|ra|re,ろ,ro,ろ,ro,よう,you,よ|う,yo|u,ra|sa|re|ro|yo,れ,re,れ,re,дразнить; травить,травить,дразнить / травить,задразнить / затравить,дразню / травлю,буду дразнить / травить,дразнил(а) / травил(а),задразнил(а) / затравил(а),задразню / затравлю,задразню / затравлю,задразнив / затравив,не дразни,не задразним,дразнить,задразнить,задразнить и затем…,agentive,Пассив: дразнить,contextual,grammar_label,заставить задразнить,быть вынужденным задразнить,1,1,0,1,1,1,1,1,1,1,1,1,1,разрешить задразнить
isogu,急ぐ,いそぐ,isogu,спешить,N4,godan-gu,isog,急ぎ,急いだ,急いで,急がない,急げば,急いだら,急げる,,急がれる,急がせる,急がせられる,急げ,急ぐな,急ごう,急ぎたい,急がなければ,急がなきゃ,急がなくちゃ,спешить,поспешить,спешу,буду спешить,спешил(а),поспешил(а),поспешу,поспешу,поспешив,спеши,поспешим,Пассив: спешить,заставить поспешить,быть вынужденным поспешить,急,急,ぐ,gu,ぐ,gu,ぎ,gi,が,ga,げ,ge,げ,ge,いで,iで,いで,iで,いだ,iだ,いだ,iだ,げ,ge,げ,ge,がれ,gare,が|れ,ga|re,がせ,gase,が|せ,ga|se,がせられ,gaserare,が|せ|ら|れ,ga|se|ra|re,げ,ge,げ,ge,ごう,gou,ご|う,go|u,ga|gi|ge|go,,,,,спешить,,спешить,поспешить,спешу,буду спешить,спешил(а),поспешил(а),поспешу,поспешу,поспешив,спеши,поспешим,спешить,поспешить,поспешить и затем…,agentive,Пассив: спешить,contextual,grammar_label,заставить поспешить,быть вынужденным поспешить,1,1,0,1,1,1,1,1,1,1,1,1,1,разрешить поспешить
inoru,祈る,いのる,inoru,молиться,N4,godan-ru,ino,祈り,祈った,祈って,祈らない,祈れば,祈ったら,祈れる,,祈られる,祈らせる,祈らせられる,祈れ,祈るな,祈ろう,祈りたい,祈らなければ,祈らなきゃ,祈らなくちゃ,молиться,помолиться,молюсь,буду молиться,молился(ась),помолился(ась),помолюсь,помолюсь,помолившись,молись,помолимся,Пассив: молиться,заставить помолиться,быть вынужденным помолиться,祈,祈,る,ru,る,ru,り,ri,ら,ra,れ,re,れ,re,って,tte,って,tte,った,tta,った,tta,れ,re,れ,re,られ,rare,ら|れ,ra|re,らせ,rase,ら|せ,ra|se,らせられ,raserare,ら|せ|ら|れ,ra|se|ra|re,れ,re,れ,re,ろう,rou,ろ|う,ro|u,ra|ri|re|ro,,,,,молиться; желать,желать,молиться / желать,помолиться / пожелать,молюсь / желаю,буду молиться / желать,молился(ась) / желал(а),помолился(ась) / пожелал(а),помолюсь / пожелаю,помолюсь / пожелаю,помолившись / пожелав,молись / пожелай,помолимся / пожелаем,молиться,помолиться,помолиться и затем…,agentive,Пассив: молиться,contextual,grammar_label,заставить помолиться,быть вынужденным помолиться,1,1,0,1,1,1,1,1,1,1,1,1,1,разрешить помолиться
ueru,植える,うえる,ueru,сажать растения,N4,ichidan,ue,植え,植えた,植えて,植えない,植えれば,植えたら,植えられる,植えれる,植えられる,植えさせる,植えさせられる,植えろ,植えるな,植えよう,植えたい,植えなければ,植えなきゃ,植えなくちゃ,сажать,посадить,сажаю,буду сажать,сажал(а),посадил(а),посажу,посажу,посадив,посади,посадим,Пассив: сажать,заставить посадить,быть вынужденным посадить,植え,植え,る,ru,る,ru,,,,,れ,re,れ,re,て,te,て,te,た,ta,た,ta,られ,rare,ら|れ,ra|re,られ,rare,ら|れ,ra|re,させ,sase,さ|せ,sa|se,させられ,saserare,さ|せ|ら|れ,sa|se|ra|re,ろ,ro,ろ,ro,よう,you,よ|う,yo|u,ra|sa|re|ro|yo,れ,re,れ,re,сажать растения,,сажать,посадить,сажаю,буду сажать,сажал(а),посадил(а),посажу,посажу,посадив,посади,посадим,сажать,посадить,посадить и затем…,agentive,Пассив: сажать,contextual,grammar_label,заставить посадить,быть вынужденным посадить,1,1,0,1,1,1,1,1,1,1,1,1,1,разрешить посадить
ukagau,伺う,うかがう,ukagau,спрашивать,N4,godan-u,ukaga,伺い,伺った,伺って,伺わない,伺えば,伺ったら,伺える,,伺われる,伺わせる,伺わせられる,伺え,伺うな,伺おう,伺いたい,伺わなければ,伺わなきゃ,伺わなくちゃ,спрашивать,спросить,спрашиваю,буду спрашивать,спрашивал(а),спросил(а),спрошу,спрошу,спросив,спроси,спросим,Пассив: спрашивать,заставить спросить,быть вынужденным спросить,伺,伺,う,u,う,u,い,i,わ,wa,え,e,え,e,って,tte,って,tte,った,tta,った,tta,え,e,え,e,われ,ware,わ|れ,wa|re,わせ,wase,わ|せ,wa|se,わせられ,waserare,わ|せ|ら|れ,wa|se|ra|re,え,e,え,e,おう,ou,お|う,o|u,wa|i|e|o,,,,,спрашивать; посещать (вежливо),посещать (вежливо),спрашивать / посещать,спросить / посетить,спрашиваю / посещаю,буду спрашивать / посещать,спрашивал(а) / посещал(а),спросил(а) / посетил(а),спрошу / посещу,спрошу / посещу,спросив / посетив,спроси / посети,спросим / посетим,спрашивать,спросить,спросить и затем…,agentive,Пассив: спрашивать,contextual,grammar_label,заставить спросить,быть вынужденным спросить,1,1,0,1,1,1,1,1,1,1,1,1,1,разрешить спросить
ukeru,受ける,うける,ukeru,получать,N4,ichidan,uke,受け,受けた,受けて,受けない,受ければ,受けたら,受けられる,受けれる,受けられる,受けさせる,受けさせられる,受けろ,受けるな,受けよう,受けたい,受けなければ,受けなきゃ,受けなくちゃ,получать,получить,получаю,буду получать,получал(а),получил(а),получу,получу,получив,получи,получим,Пассив: получать,заставить получить,быть вынужденным получить,受け,受け,る,ru,る,ru,,,,,れ,re,れ,re,て,te,て,te,た,ta,た,ta,られ,rare,ら|れ,ra|re,られ,rare,ら|れ,ra|re,させ,sase,さ|せ,sa|se,させられ,saserare,さ|せ|ら|れ,sa|se|ra|re,ろ,ro,ろ,ro,よう,you,よ|う,yo|u,ra|sa|re|ro|yo,れ,re,れ,re,получать; проходить экзамен,проходить экзамен,получать / проходить,получить / пройти,получаю / прохожу,буду получать / проходить,получал(а) / проходил(а),получил(а) / прошёл(ла),получу / пройду,получу / пройду,получив / пройдя,получи / пройди,получим / пройдём,получать,получить,получить и затем…,agentive,Пассив: получать,contextual,grammar_label,заставить получить,быть вынужденным получить,1,1,0,1,1,1,1,1,1,1,1,1,1,разрешить получить
ugoku,動く,うごく,ugoku,двигаться,N4,godan-ku,ugok,動き,動いた,動いて,動かない,動けば,動いたら,動ける,,動かれる,動かせる,動かせられる,動け,動くな,動こう,動きたい,動かなければ,動かなきゃ,動かなくちゃ,двигаться,сдвинуться,двигаюсь,буду двигаться,двигался(ась),сдвинулся(ась),сдвинусь,сдвинусь,сдвинувшись,двигайся,сдвинемся,Пассив: двигаться,заставить сдвинуться,быть вынужденным сдвинуться,動,動,く,ku,く,ku,き,ki,か,ka,け,ke,け,ke,いて,ite,いて,ite,いた,ita,いた,ita,け,ke,け,ke,かれ,kare,か|れ,ka|re,かせ,kase,か|せ,ka|se,かせられ,kaserare,か|せ|ら|れ,ka|se|ra|re,け,ke,け,ke,こう,kou,こ|う,ko|u,ka|ki|ke|ko,,,,,двигаться; работать (о механизме),работать (о механизме),двигаться / работать,сдвинуться / заработать,двигаюсь / работает,буду двигаться / работать,двигался(ась) / работал,сдвинулся(ась) / заработал,сдвинусь / заработает,сдвинусь / заработает,сдвинувшись / заработав,двигайся,сдвинемся,двигаться,сдвинуться,сдвинуться и затем…,agentive,Пассив: двигаться,contextual,grammar_label,заставить сдвинуться,быть вынужденным сдвинуться,1,1,0,1,1,1,1,1,1,1,1,1,1,разрешить сдвинуться
utsu,打つ,うつ,utsu,ударять,N4,godan-tsu,uts,打ち,打った,打って,打たない,打てば,打ったら,打てる,,打たれる,打たせる,打たせられる,打て,打つな,打とう,打ちたい,打たなければ,打たなきゃ,打たなくちゃ,ударять,ударить,ударяю,буду ударять,ударял(а),ударил(а),ударю,ударю,ударив,ударь,ударим,быть ударенным,заставить ударить,быть вынужденным ударить,打,打,つ,tsu,つ,tsu,ち,chi,た,ta,て,te,て,te,って,tte,って,tte,った,tta,った,tta,て,te,て,te,たれ,tare,た|れ,ta|re,たせ,tase,た|せ,ta|se,たせられ,taserare,た|せ|ら|れ,ta|se|ra|re,て,te,て,te,とう,tou,と|う,to|u,ta|chi|te|to,,,,,ударять; печатать,печатать,ударять / печатать,ударить / напечатать,ударяю / печатаю,буду ударять / печатать,ударял(а) / печатал(а),ударил(а) / напечатал(а),ударю / напечатаю,ударю / напечатаю,ударив / напечатав,ударь / напечатай,ударим / напечатаем,ударять,ударить,ударить и затем…,agentive,быть ударенным,natural,natural,заставить ударить,быть вынужденным ударить,1,1,1,0,1,1,1,1,1,1,1,1,1,разрешить ударить
utsusu,写す,うつす,utsusu,переписывать,N4,godan-su,utsus,写し,写した,写して,写さない,写せば,写したら,写せる,,写される,写させる,写させられる,写せ,写すな,写そう,写したい,写さなければ,写さなきゃ,写さなくちゃ,переписывать,переписать,переписываю,буду переписывать,переписывал(а),переписал(а),перепишу,перепишу,переписав,перепиши,перепишем,быть переписанным,заставить переписать,быть вынужденным переписать,写,写,す,su,す,su,し,shi,さ,sa,せ,se,せ,se,して,shite,して,shite,した,shita,した,shita,せ,se,せ,se,され,sare,さ|れ,sa|re,させ,sase,さ|せ,sa|se,させられ,saserare,さ|せ|ら|れ,sa|se|ra|re,せ,se,せ,se,そう,sou,そ|う,so|u,sa|shi|se|so,,,,,переписывать; фотографировать,фотографировать,переписывать / фотографировать,переписать / сфотографировать,переписываю / фотографирую,буду переписывать / фотографировать,переписывал(а) / фотографировал(а),переписал(а) / сфотографировал(а),перепишу / сфотографирую,перепишу / сфотографирую,переписав / сфотографировав,перепиши / сфотографируй,перепишем / сфотографируем,переписывать,переписать,переписать и затем…,agentive,быть переписанным,natural,natural,заставить переписать,быть вынужденным переписать,1,1,1,0,1,1,1,1,1,1,1,1,1,разрешить переписать
utsuru,移る,うつる,utsuru,переходить,N4,godan-ru,utsu,移り,移った,移って,移らない,移れば,移ったら,移れる,,移られる,移らせる,移らせられる,移れ,移るな,移ろう,移りたい,移らなければ,移らなきゃ,移らなくちゃ,переходить,перейти,перехожу,буду переходить,переходил(а),перешёл(ла),перейду,перейду,перейдя,,,Пассив: переходить,заставить перейти,быть вынужденным перейти,移,移,る,ru,る,ru,り,ri,ら,ra,れ,re,れ,re,って,tte,って,tte,った,tta,った,tta,れ,re,れ,re,られ,rare,ら|れ,ra|re,らせ,rase,ら|せ,ra|se,らせられ,raserare,ら|せ|ら|れ,ra|se|ra|re,れ,re,れ,re,ろう,rou,ろ|う,ro|u,ra|ri|re|ro,,,,,переходить; перемещаться,перемещаться,переходить / перемещаться,перейти / переместиться,перехожу / перемещаюсь,буду переходить / перемещаться,переходил(а) / перемещался(ась),перешёл(ла) / переместился(ась),перейду / перемещусь,перейду / перемещусь,перейдя / переместившись,перейди / переместись,перейдём / переместимся,переходить,перейти,перейти и затем…,non_agentive,Пассив: переходить,exclude,grammar_label,заставить перейти,быть вынужденным перейти,1,0,0,0,0,0,0,0,0,0,0,0,1,разрешить перейти
erabu,選ぶ,えらぶ,erabu,выбирать,N4,godan-bu,erab,選び,選んだ,選んで,選ばない,選べば,選んだら,選べる,,選ばれる,選ばせる,選ばせられる,選べ,選ぶな,選ぼう,選びたい,選ばなければ,選ばなきゃ,選ばなくちゃ,выбирать,выбрать,выбираю,буду выбирать,выбирал(а),выбрал(а),выберу,выберу,выбрав,выбери,выберем,быть выбранным,заставить выбрать,быть вынужденным выбрать,選,選,ぶ,bu,ぶ,bu,び,bi,ば,ba,べ,be,べ,be,んで,nで,んで,nで,んだ,nだ,んだ,nだ,べ,be,べ,be,ばれ,bare,ば|れ,ba|re,ばせ,base,ば|せ,ba|se,ばせられ,baserare,ば|せ|ら|れ,ba|se|ra|re,べ,be,べ,be,ぼう,bou,ぼ|う,bo|u,ba|bi|be|bo,,,,,выбирать,,выбирать,выбрать,выбираю,буду выбирать,выбирал(а),выбрал(а),выберу,выберу,выбрав,выбери,выберем,выбирать,выбрать,выбрать и затем…,agentive,быть выбранным,natural,natural,заставить выбрать,быть вынужденным выбрать,1,1,1,0,1,1,1,1,1,1,1,1,1,разрешить выбрать
okuru,送る,おくる,okuru,отправлять,N4,godan-ru,oku,送り,送った,送って,送らない,送れば,送ったら,送れる,,送られる,送らせる,送らせられる,送れ,送るな,送ろう,送りたい,送らなければ,送らなきゃ,送らなくちゃ,отправлять,отправить,отправляю,буду отправлять,отправлял(а),отправил(а),отправлю,отправлю,отправив,отправь,отправим,быть отправленным,заставить отправить,быть вынужденным отправить,送,送,る,ru,る,ru,り,ri,ら,ra,れ,re,れ,re,って,tte,って,tte,った,tta,った,tta,れ,re,れ,re,られ,rare,ら|れ,ra|re,らせ,rase,ら|せ,ra|se,らせられ,raserare,ら|せ|ら|れ,ra|se|ra|re,れ,re,れ,re,ろう,rou,ろ|う,ro|u,ra|ri|re|ro,,,,,"отправлять, провожать",провожать,отправлять / провожать,отправить / проводить,отправляю / провожаю,буду отправлять / провожать,отправлял(а) / провожал(а),отправил(а) / проводил(а),отправлю / провожу,отправлю / провожу,отправив / проводив,отправь / проводи,отправим / проводим,отправлять,отправить,отправить и затем…,agentive,быть отправленным,natural,natural,заставить отправить,быть вынужденным отправить,1,1,1,0,1,1,1,1,1,1,1,1,1,разрешить отправить
okureru,遅れる,おくれる,okureru,опаздывать,N4,ichidan,okure,遅れ,遅れた,遅れて,遅れない,遅れれば,遅れたら,遅れられる,遅れれる,遅れられる,遅れさせる,遅れさせられる,遅れろ,遅れるな,遅れよう,遅れたい,遅れなければ,遅れなきゃ,遅れなくちゃ,опаздывать,опоздать,опаздываю,буду опаздывать,опаздывал(а),опоздал(а),опоздаю,опоздаю,опоздав,не опоздай,не опоздаем,Пассив: опаздывать,заставить опоздать,быть вынужденным опоздать,遅れ,遅れ,る,ru,る,ru,,,,,れ,re,れ,re,て,te,て,te,た,ta,た,ta,られ,rare,ら|れ,ra|re,られ,rare,ら|れ,ra|re,させ,sase,さ|せ,sa|se,させられ,saserare,さ|せ|ら|れ,sa|se|ra|re,ろ,ro,ろ,ro,よう,you,よ|う,yo|u,ra|sa|re|ro|yo,れ,re,れ,re,опаздывать,,опаздывать,опоздать,опаздываю,буду опаздывать,опаздывал(а),опоздал(а),опоздаю,опоздаю,опоздав,не опоздай,не опоздаем,опаздывать,опоздать,опоздать и затем…,agentive,Пассив: опаздывать,contextual,grammar_label,заставить опоздать,быть вынужденным опоздать,1,1,0,1,1,1,1,1,1,1,1,1,1,разрешить опоздать
okosu,起こす,おこす,okosu,будить,N4,godan-su,okos,起こし,起こした,起こして,起こさない,起こせば,起こしたら,起こせる,,起こされる,起こさせる,起こさせられる,起こせ,起こすな,起こそう,起こしたい,起こさなければ,起こさなきゃ,起こさなくちゃ,будить,разбудить,бужу,буду будить,будил(а),разбудил(а),разбужу,разбужу,разбудив,разбуди,разбудим,Пассив: будить,заставить разбудить,быть вынужденным разбудить,起こ,起こ,す,su,す,su,し,shi,さ,sa,せ,se,せ,se,して,shite,して,shite,した,shita,した,shita,せ,se,せ,se,され,sare,さ|れ,sa|re,させ,sase,さ|せ,sa|se,させられ,saserare,さ|せ|ら|れ,sa|se|ra|re,せ,se,せ,se,そう,sou,そ|う,so|u,sa|shi|se|so,,,,,будить; вызывать,вызывать,будить / вызывать,разбудить / вызвать,бужу / вызываю,буду будить / вызывать,будил(а) / вызывал(а),разбудил(а) / вызвал(а),разбужу / вызову,разбужу / вызову,разбудив / вызвав,разбуди / вызови,разбудим / вызовем,будить,разбудить,разбудить и затем…,agentive,Пассив: будить,contextual,grammar_label,заставить разбудить,быть вынужденным разбудить,1,1,0,1,1,1,1,1,1,1,1,1,1,разрешить разбудить
okonau,行う,おこなう,okonau,проводить,N4,godan-u,okona,行い,行った,行って,行わない,行えば,行ったら,行える,,行われる,行わせる,行わせられる,行え,行うな,行おう,行いたい,行わなければ,行わなきゃ,行わなくちゃ,проводить,провести,провожу,буду проводить,проводил(а),провёл(ла),проведу,проведу,проведя,проведи,проведём,Пассив: проводить,заставить провести,быть вынужденным провести,行,行,う,u,う,u,い,i,わ,wa,え,e,え,e,って,tte,って,tte,った,tta,った,tta,え,e,え,e,われ,ware,わ|れ,wa|re,わせ,wase,わ|せ,wa|se,わせられ,waserare,わ|せ|ら|れ,wa|se|ra|re,え,e,え,e,おう,ou,お|う,o|u,wa|i|e|o,,,,,проводить; осуществлять,осуществлять,проводить / осуществлять,провести / осуществить,провожу / осуществляю,буду проводить / осуществлять,проводил(а) / осуществлял(а),провёл(ла) / осуществил(а),проведу / осуществлю,проведу / осуществлю,проведя / осуществив,проведи / осуществи,проведём / осуществим,проводить,провести,провести и затем…,agentive,Пассив: проводить,contextual,grammar_label,заставить провести,быть вынужденным провести,1,1,0,1,1,1,1,1,1,1,1,1,1,разрешить провести
okoru,怒る,おこる,okoru,сердиться,N4,godan-ru,oko,怒り,怒った,怒って,怒らない,怒れば,怒ったら,怒れる,,怒られる,怒らせる,怒らせられる,怒れ,怒るな,怒ろう,怒りたい,怒らなければ,怒らなきゃ,怒らなくちゃ,сердиться,рассердиться,сержусь,буду сердиться,сердился(ась),рассердился(ась),рассержусь,рассержусь,рассердившись,не сердись,не рассердимся,Пассив: сердиться,заставить рассердиться,быть вынужденным рассердиться,怒,怒,る,ru,る,ru,り,ri,ら,ra,れ,re,れ,re,って,tte,って,tte,った,tta,った,tta,れ,re,れ,re,られ,rare,ら|れ,ra|re,らせ,rase,ら|せ,ra|se,らせられ,raserare,ら|せ|ら|れ,ra|se|ra|re,れ,re,れ,re,ろう,rou,ろ|う,ro|u,ra|ri|re|ro,,,,,сердиться; ругать,ругать,сердиться / ругать,рассердиться / отругать,сержусь / ругаю,буду сердиться / ругать,сердился(ась) / ругал(а),рассердился(ась) / отругал(а),рассержусь / отругаю,рассержусь / отругаю,рассердившись / отругав,не сердись / отругай,не рассердимся / отругаем,сердиться,рассердиться,рассердиться и затем…,agentive,Пассив: сердиться,contextual,grammar_label,заставить рассердиться,быть вынужденным рассердиться,1,1,0,1,1,1,1,1,1,1,1,1,1,разрешить рассердиться
ochiru,落ちる,おちる,ochiru,падать,N4,ichidan,ochi,落ち,落ちた,落ちて,落ちない,落ちれば,落ちたら,落ちられる,落ちれる,落ちられる,落ちさせる,落ちさせられる,落ちろ,落ちるな,落ちよう,落ちたい,落ちなければ,落ちなきゃ,落ちなくちゃ,падать,упасть,падаю,буду падать,падал(а),упал(а),упаду,упаду,упав,,,Пассив: падать,заставить упасть,быть вынужденным упасть,落ち,落ち,る,ru,る,ru,,,,,れ,re,れ,re,て,te,て,te,た,ta,た,ta,られ,rare,ら|れ,ra|re,られ,rare,ら|れ,ra|re,させ,sase,さ|せ,sa|se,させられ,saserare,さ|せ|ら|れ,sa|se|ra|re,ろ,ro,ろ,ro,よう,you,よ|う,yo|u,ra|sa|re|ro|yo,れ,re,れ,re,падать,,падать,упасть,падаю,буду падать,падал(а),упал(а),упаду,упаду,упав,не падай,не упадём,падать,упасть,упасть и затем…,non_agentive,Пассив: падать,exclude,grammar_label,заставить упасть,быть вынужденным упасть,1,0,0,0,0,0,0,0,0,0,0,0,1,разрешить упасть
otosu,落とす,おとす,otosu,ронять,N4,godan-su,otos,落とし,落とした,落として,落とさない,落とせば,落としたら,落とせる,,落とされる,落とさせる,落とさせられる,落とせ,落とすな,落とそう,落としたい,落とさなければ,落とさなきゃ,落とさなくちゃ,ронять,уронить,роняю,буду ронять,ронял(а),уронил(а),уроню,уроню,уронив,не урони,не уроним,быть уроненным,заставить уронить,быть вынужденным уронить,落と,落と,す,su,す,su,し,shi,さ,sa,せ,se,せ,se,して,shite,して,shite,した,shita,した,shita,せ,se,せ,se,され,sare,さ|れ,sa|re,させ,sase,さ|せ,sa|se,させられ,saserare,さ|せ|ら|れ,sa|se|ra|re,せ,se,せ,se,そう,sou,そ|う,so|u,sa|shi|se|so,,,,,ронять; терять,терять,ронять / терять,уронить / потерять,роняю / теряю,буду ронять / терять,ронял(а) / терял(а),уронил(а) / потерял(а),уроню / потеряю,уроню / потеряю,уронив / потеряв,не урони / не потеряй,не уроним / не потеряем,ронять,уронить,уронить и затем…,agentive,быть уроненным,natural,natural,заставить уронить,быть вынужденным уронить,1,1,1,0,1,1,1,1,1,1,1,1,1,разрешить уронить
odoru,踊る,おどる,odoru,танцевать,N4,godan-ru,odo,踊り,踊った,踊って,踊らない,踊れば,踊ったら,踊れる,,踊られる,踊らせる,踊らせられる,踊れ,踊るな,踊ろう,踊りたい,踊らなければ,踊らなきゃ,踊らなくちゃ,танцевать,станцевать,танцую,буду танцевать,танцевал(а),станцевал(а),станцую,станцую,станцевав,танцуй,станцуем,Пассив: танцевать,заставить станцевать,быть вынужденным станцевать,踊,踊,る,ru,る,ru,り,ri,ら,ra,れ,re,れ,re,って,tte,って,tte,った,tta,った,tta,れ,re,れ,re,られ,rare,ら|れ,ra|re,らせ,rase,ら|せ,ra|se,らせられ,raserare,ら|せ|ら|れ,ra|se|ra|re,れ,re,れ,re,ろう,rou,ろ|う,ro|u,ra|ri|re|ro,,,,,танцевать,,танцевать,станцевать,танцую,буду танцевать,танцевал(а),станцевал(а),станцую,станцую,станцевав,танцуй,станцуем,танцевать,станцевать,станцевать и затем…,agentive,Пассив: танцевать,contextual,grammar_label,заставить станцевать,быть вынужденным станцевать,1,1,0,1,1,1,1,1,1,1,1,1,1,разрешить станцевать
odoroku,驚く,おどろく,odoroku,удивляться,N4,godan-ku,odorok,驚き,驚いた,驚いて,驚かない,驚けば,驚いたら,驚ける,,驚かれる,驚かせる,驚かせられる,驚け,驚くな,驚こう,驚きたい,驚かなければ,驚かなきゃ,驚かなくちゃ,удивляться,удивиться,удивляюсь,буду удивляться,удивлялся(ась),удивился(ась),удивлюсь,удивлюсь,удивившись,удивись,удивимся,Пассив: удивляться,заставить удивиться,быть вынужденным удивиться,驚,驚,く,ku,く,ku,き,ki,か,ka,け,ke,け,ke,いて,ite,いて,ite,いた,ita,いた,ita,け,ke,け,ke,かれ,kare,か|れ,ka|re,かせ,kase,か|せ,ka|se,かせられ,kaserare,か|せ|ら|れ,ka|se|ra|re,け,ke,け,ke,こう,kou,こ|う,ko|u,ka|ki|ke|ko,,,,,удивляться,,удивляться,удивиться,удивляюсь,буду удивляться,удивлялся(ась),удивился(ась),удивлюсь,удивлюсь,удивившись,удивись,удивимся,удивляться,удивиться,удивиться и затем…,agentive,Пассив: удивляться,contextual,grammar_label,заставить удивиться,быть вынужденным удивиться,1,1,0,1,1,1,1,1,1,1,1,1,1,разрешить удивиться
omoidasu,思い出す,おもいだす,omoidasu,вспоминать,N4,godan-su,omoidas,思い出し,思い出した,思い出して,思い出さない,思い出せば,思い出したら,思い出せる,,思い出される,思い出させる,思い出させられる,思い出せ,思い出すな,思い出そう,思い出したい,思い出さなければ,思い出さなきゃ,思い出さなくちゃ,вспоминать,вспомнить,вспоминаю,буду вспоминать,вспоминал(а),вспомнил(а),вспомню,вспомню,вспомнив,вспомни,вспомним,Пассив: вспоминать,заставить вспомнить,быть вынужденным вспомнить,思い出,思い出,す,su,す,su,し,shi,さ,sa,せ,se,せ,se,して,shite,して,shite,した,shita,した,shita,せ,se,せ,se,され,sare,さ|れ,sa|re,させ,sase,さ|せ,sa|se,させられ,saserare,さ|せ|ら|れ,sa|se|ra|re,せ,se,せ,se,そう,sou,そ|う,so|u,sa|shi|se|so,,,,,вспоминать,,вспоминать,вспомнить,вспоминаю,буду вспоминать,вспоминал(а),вспомнил(а),вспомню,вспомню,вспомнив,вспомни,вспомним,вспоминать,вспомнить,вспомнить и затем…,agentive,Пассив: вспоминать,contextual,grammar_label,заставить вспомнить,быть вынужденным вспомнить,1,1,0,1,1,1,1,1,1,1,1,1,1,разрешить вспомнить
omou,思う,おもう,omou,думать,N4,godan-u,omo,思い,思った,思って,思わない,思えば,思ったら,思える,,思われる,思わせる,思わせられる,思え,思うな,思おう,思いたい,思わなければ,思わなきゃ,思わなくちゃ,думать,подумать,думаю,буду думать,думал(а),подумал(а),подумаю,подумаю,подумав,подумай,подумаем,Пассив: думать,заставить подумать,быть вынужденным подумать,思,思,う,u,う,u,い,i,わ,wa,え,e,え,e,って,tte,って,tte,った,tta,った,tta,え,e,え,e,われ,ware,わ|れ,wa|re,わせ,wase,わ|せ,wa|se,わせられ,waserare,わ|せ|ら|れ,wa|se|ra|re,え,e,え,e,おう,ou,お|う,o|u,wa|i|e|o,,,,,думать; считать,считать,думать / считать,подумать / посчитать,думаю / считаю,буду думать / считать,думал(а) / считал(а),подумал(а) / посчитал(а),подумаю / посчитаю,подумаю / посчитаю,подумав / посчитав,подумай / посчитай,подумаем / посчитаем,думать,подумать,подумать и затем…,agentive,Пассив: думать,contextual,grammar_label,заставить подумать,быть вынужденным подумать,1,1,0,1,1,1,1,1,1,1,1,1,1,разрешить подумать
oriru_2,下りる,おりる,oriru,спускаться,N4,ichidan,ori,下り,下りた,下りて,下りない,下りれば,下りたら,下りられる,下りれる,下りられる,下りさせる,下りさせられる,下りろ,下りるな,下りよう,下りたい,下りなければ,下りなきゃ,下りなくちゃ,спускаться,спуститься,спускаюсь,буду спускаться,спускался(ась),спустился(ась),спущусь,спущусь,спустившись,спускайся,спустимся,Пассив: спускаться,заставить спуститься,быть вынужденным спуститься,下り,下り,る,ru,る,ru,,,,,れ,re,れ,re,て,te,て,te,た,ta,た,ta,られ,rare,ら|れ,ra|re,られ,rare,ら|れ,ra|re,させ,sase,さ|せ,sa|se,させられ,saserare,さ|せ|ら|れ,sa|se|ra|re,ろ,ro,ろ,ro,よう,you,よ|う,yo|u,ra|sa|re|ro|yo,れ,re,れ,re,спускаться; выходить,выходить,спускаться / выходить,спуститься / выйти,спускаюсь / выхожу,буду спускаться / выходить,спускался(ась) / выходил(а),спустился(ась) / вышел(ла),спущусь / выйду,спущусь / выйду,спустившись / выйдя,спускайся / выходи,спустимся / выйдем,спускаться,спуститься,спуститься и затем…,agentive,Пассив: спускаться,contextual,grammar_label,заставить спуститься,быть вынужденным спуститься,1,1,0,1,1,1,1,1,1,1,1,1,1,разрешить спуститься
oru,折る,おる,oru,ломать,N4,godan-ru,o,折り,折った,折って,折らない,折れば,折ったら,折れる,,折られる,折らせる,折らせられる,折れ,折るな,折ろう,折りたい,折らなければ,折らなきゃ,折らなくちゃ,ломать,сломать,ломаю,буду ломать,ломал(а),сломал(а),сломаю,сломаю,сломав,сломай,сломаем,Пассив: ломать,заставить сломать,быть вынужденным сломать,折,折,る,ru,る,ru,り,ri,ら,ra,れ,re,れ,re,って,tte,って,tte,った,tta,った,tta,れ,re,れ,re,られ,rare,ら|れ,ra|re,らせ,rase,ら|せ,ra|se,らせられ,raserare,ら|せ|ら|れ,ra|se|ra|re,れ,re,れ,re,ろう,rou,ろ|う,ro|u,ra|ri|re|ro,,,,,ломать; сгибать,сгибать,ломать / сгибать,сломать / согнуть,ломаю / сгибаю,буду ломать / сгибать,ломал(а) / сгибал(а),сломал(а) / согнул(а),сломаю / согну,сломаю / согну,сломав / согнув,сломай / согни,сломаем / согнём,ломать,сломать,сломать и затем…,agentive,Пассив: ломать,contextual,grammar_label,заставить сломать,быть вынужденным сломать,1,1,0,1,1,1,1,1,1,1,1,1,1,разрешить сломать
oreru,折れる,おれる,oreru,ломаться,N4,ichidan,ore,折れ,折れた,折れて,折れない,折れれば,折れたら,折れられる,折れれる,折れられる,折れさせる,折れさせられる,折れろ,折れるな,折れよう,折れたい,折れなければ,折れなきゃ,折れなくちゃ,ломаться,сломаться,ломается,буду ломаться,ломалось,сломалось,сломается,сломается,сломавшись,,,Пассив: ломаться,заставить сломаться,быть вынужденным сломаться,折れ,折れ,る,ru,る,ru,,,,,れ,re,れ,re,て,te,て,te,た,ta,た,ta,られ,rare,ら|れ,ra|re,られ,rare,ら|れ,ra|re,させ,sase,さ|せ,sa|se,させられ,saserare,さ|せ|ら|れ,sa|se|ra|re,ろ,ro,ろ,ro,よう,you,よ|う,yo|u,ra|sa|re|ro|yo,れ,re,れ,re,ломаться; сгибаться,сгибаться,ломаться / сгибаться,сломаться / согнуться,ломается / сгибается,буду ломаться / сгибаться,ломалось / сгибалось,сломалось / согнулось,сломается / согнётся,сломается / согнётся,сломавшись / согнувшись,—,—,ломаться,сломаться,сломаться и затем…,non_agentive,Пассив: ломаться,exclude,grammar_label,заставить сломаться,быть вынужденным сломаться,1,0,0,0,0,0,0,0,0,0,0,0,1,разрешить сломаться
owaru,終わる,おわる,owaru,заканчиваться,N4,godan-ru,owa,終わり,終わった,終わって,終わらない,終われば,終わったら,終われる,,終わられる,終わらせる,終わらせられる,終われ,終わるな,終わろう,終わりたい,終わらなければ,終わらなきゃ,終わらなくちゃ,заканчиваться,закончиться,заканчивается,буду заканчиваться,заканчивалось,закончилось,закончится,закончится,закончившись,,,Пассив: заканчиваться,заставить закончиться,быть вынужденным закончиться,終わ,終わ,る,ru,る,ru,り,ri,ら,ra,れ,re,れ,re,って,tte,って,tte,った,tta,った,tta,れ,re,れ,re,られ,rare,ら|れ,ra|re,らせ,rase,ら|せ,ra|se,らせられ,raserare,ら|せ|ら|れ,ra|se|ra|re,れ,re,れ,re,ろう,rou,ろ|う,ro|u,ra|ri|re|ro,,,,,"заканчиваться, заканчивать",заканчивать,заканчиваться,закончиться,заканчивается,буду заканчиваться,заканчивалось,закончилось,закончится,закончится,закончившись,—,—,заканчиваться,закончиться,закончиться и затем…,non_agentive,Пассив: заканчиваться,exclude,grammar_label,заставить закончиться,быть вынужденным закончиться,1,0,0,0,0,0,0,0,0,0,0,0,1,разрешить закончиться
kaeru,変える,かえる,kaeru,менять,N4,ichidan,kae,変え,変えた,変えて,変えない,変えれば,変えたら,変えられる,変えれる,変えられる,変えさせる,変えさせられる,変えろ,変えるな,変えよう,変えたい,変えなければ,変えなきゃ,変えなくちゃ,менять,изменить,меняю,буду менять,менял(а),изменил(а),изменю,изменю,изменив,измени,изменим,быть изменённым,заставить изменить,быть вынужденным изменить,変え,変え,る,ru,る,ru,,,,,れ,re,れ,re,て,te,て,te,た,ta,た,ta,られ,rare,ら|れ,ra|re,られ,rare,ら|れ,ra|re,させ,sase,さ|せ,sa|se,させられ,saserare,さ|せ|ら|れ,sa|se|ra|re,ろ,ro,ろ,ro,よう,you,よ|う,yo|u,ra|sa|re|ro|yo,れ,re,れ,re,менять,,менять,изменить,меняю,буду менять,менял(а),изменил(а),изменю,изменю,изменив,измени,изменим,менять,изменить,изменить и затем…,agentive,быть изменённым,natural,natural,заставить изменить,быть вынужденным изменить,1,1,1,0,1,1,1,1,1,1,1,1,1,разрешить изменить
kazaru,飾る,かざる,kazaru,украшать,N4,godan-ru,kaza,飾り,飾った,飾って,飾らない,飾れば,飾ったら,飾れる,,飾られる,飾らせる,飾らせられる,飾れ,飾るな,飾ろう,飾りたい,飾らなければ,飾らなきゃ,飾らなくちゃ,украшать,украсить,украшаю,буду украшать,украшал(а),украсил(а),украшу,украшу,украсив,укрась,украсим,Пассив: украшать,заставить украсить,быть вынужденным украсить,飾,飾,る,ru,る,ru,り,ri,ら,ra,れ,re,れ,re,って,tte,って,tte,った,tta,った,tta,れ,re,れ,re,られ,rare,ら|れ,ra|re,らせ,rase,ら|せ,ra|se,らせられ,raserare,ら|せ|ら|れ,ra|se|ra|re,れ,re,れ,re,ろう,rou,ろ|う,ro|u,ra|ri|re|ro,,,,,украшать,,украшать,украсить,украшаю,буду украшать,украшал(а),украсил(а),украшу,украшу,украсив,укрась,украсим,украшать,украсить,украсить и затем…,agentive,Пассив: украшать,contextual,grammar_label,заставить украсить,быть вынужденным украсить,1,1,0,1,1,1,1,1,1,1,1,1,1,разрешить украсить
katazukeru,片付ける,かたづける,katazukeru,убирать,N4,ichidan,katazuke,片付け,片付けた,片付けて,片付けない,片付ければ,片付けたら,片付けられる,片付けれる,片付けられる,片付けさせる,片付けさせられる,片付けろ,片付けるな,片付けよう,片付けたい,片付けなければ,片付けなきゃ,片付けなくちゃ,убирать,убрать,убираю,буду убирать,убирал(а),убрал(а),уберу,уберу,убрав,убери,уберём,Пассив: убирать,заставить убрать,быть вынужденным убрать,片付け,片付け,る,ru,る,ru,,,,,れ,re,れ,re,て,te,て,te,た,ta,た,ta,られ,rare,ら|れ,ra|re,られ,rare,ら|れ,ra|re,させ,sase,さ|せ,sa|se,させられ,saserare,さ|せ|ら|れ,sa|se|ra|re,ろ,ro,ろ,ro,よう,you,よ|う,yo|u,ra|sa|re|ro|yo,れ,re,れ,re,убирать; приводить в порядок,приводить в порядок,убирать / приводить в порядок,убрать / привести в порядок,убираю,буду убирать / приводить в порядок,убирал(а),убрал(а),уберу,уберу,убрав,убери,уберём,убирать,убрать,убрать и затем…,agentive,Пассив: убирать,contextual,grammar_label,заставить убрать,быть вынужденным убрать,1,1,0,1,1,1,1,1,1,1,1,1,1,разрешить убрать
katsu,勝つ,かつ,katsu,побеждать,N4,godan-tsu,kats,勝ち,勝った,勝って,勝たない,勝てば,勝ったら,勝てる,,勝たれる,勝たせる,勝たせられる,勝て,勝つな,勝とう,勝ちたい,勝たなければ,勝たなきゃ,勝たなくちゃ,побеждать,победить,побеждаю,буду побеждать,побеждал(а),победил(а),побежу,побежу,победив,победи,победим,Пассив: побеждать,заставить победить,быть вынужденным победить,勝,勝,つ,tsu,つ,tsu,ち,chi,た,ta,て,te,て,te,って,tte,って,tte,った,tta,った,tta,て,te,て,te,たれ,tare,た|れ,ta|re,たせ,tase,た|せ,ta|se,たせられ,taserare,た|せ|ら|れ,ta|se|ra|re,て,te,て,te,とう,tou,と|う,to|u,ta|chi|te|to,,,,,побеждать,,побеждать,победить,побеждаю,буду побеждать,побеждал(а),победил(а),побежу,побежу,победив,победи,победим,побеждать,победить,победить и затем…,agentive,Пассив: побеждать,contextual,grammar_label,заставить победить,быть вынужденным победить,1,1,0,1,1,1,1,1,1,1,1,1,1,разрешить победить
kamau,かまう,かまう,kamau,возражать,N4,godan-u,kama,かまい,かまった,かまって,かまわない,かまえば,かまったら,かまえる,,かまわれる,かまわせる,かまわせられる,かまえ,かまうな,かまおう,かまいたい,かまわなければ,かまわなきゃ,かまわなくちゃ,возражать,возразить,возражаю,буду возражать,возражал(а),возразил(а),возражу,возражу,возразив,не беспокойся,не побеспокоимся,Пассив: возражать,заставить возразить,быть вынужденным возразить,かま,かま,う,u,う,u,い,i,わ,wa,え,e,え,e,って,tte,って,tte,った,tta,った,tta,え,e,え,e,われ,ware,わ|れ,wa|re,わせ,wase,わ|せ,wa|se,わせられ,waserare,わ|せ|ら|れ,wa|se|ra|re,え,e,え,e,おう,ou,お|う,o|u,wa|i|e|o,,,,,возражать; беспокоиться,беспокоиться,возражать / беспокоиться,возразить / побеспокоиться,возражаю / беспокоюсь,буду возражать / беспокоиться,возражал(а) / беспокоился(ась),возразил(а) / побеспокоился(ась),возражу / побеспокоюсь,возражу / побеспокоюсь,возразив / побеспокоившись,не беспокойся,не побеспокоимся,возражать,возразить,возразить и затем…,agentive,Пассив: возражать,contextual,grammar_label,заставить возразить,быть вынужденным возразить,1,1,0,1,1,1,1,1,1,1,1,1,1,разрешить возразить
kamu,噛む,かむ,kamu,кусать,N4,godan-mu,kam,噛み,噛んだ,噛んで,噛まない,噛めば,噛んだら,噛める,,噛まれる,噛ませる,噛ませられる,噛め,噛むな,噛もう,噛みたい,噛まなければ,噛まなきゃ,噛まなくちゃ,кусать,укусить,кусаю,буду кусать,кусал(а),укусил(а),укушу,укушу,укусив,укуси,укусим,Пассив: кусать,заставить укусить,быть вынужденным укусить,噛,噛,む,mu,む,mu,み,mi,ま,ma,め,me,め,me,んで,nで,んで,nで,んだ,nだ,んだ,nだ,め,me,め,me,まれ,mare,ま|れ,ma|re,ませ,mase,ま|せ,ma|se,ませられ,maserare,ま|せ|ら|れ,ma|se|ra|re,め,me,め,me,もう,mou,も|う,mo|u,ma|mi|me|mo,,,,,кусать; жевать,жевать,кусать / жевать,укусить / прожевать,кусаю / жую,буду кусать / жевать,кусал(а) / жевал(а),укусил(а) / прожевал(а),укушу / прожую,укушу / прожую,укусив / прожевав,укуси / прожуй,укусим / прожуем,кусать,укусить,укусить и затем…,agentive,Пассив: кусать,contextual,grammar_label,заставить укусить,быть вынужденным укусить,1,1,0,1,1,1,1,1,1,1,1,1,1,разрешить укусить
kayou,通う,かよう,kayou,регулярно ходить,N4,godan-u,kayo,通い,通った,通って,通わない,通えば,通ったら,通える,,通われる,通わせる,通わせられる,通え,通うな,通おう,通いたい,通わなければ,通わなきゃ,通わなくちゃ,ходить,сходить,хожу,буду ходить,ходил(а),сходил(а),схожу,схожу,сходив,ходи,сходим,Пассив: ходить,заставить сходить,быть вынужденным сходить,通,通,う,u,う,u,い,i,わ,wa,え,e,え,e,って,tte,って,tte,った,tta,った,tta,え,e,え,e,われ,ware,わ|れ,wa|re,わせ,wase,わ|せ,wa|se,わせられ,waserare,わ|せ|ら|れ,wa|se|ra|re,え,e,え,e,おう,ou,お|う,o|u,wa|i|e|o,,,,,регулярно ходить; ездить,ездить,ходить / ездить,сходить / съездить,хожу / езжу,буду ходить / ездить,ходил(а) / ездил(а),сходил(а) / съездил(а),схожу / съезжу,схожу / съезжу,сходив / съездив,ходи / езди,сходим / съездим,ходить,сходить,сходить и затем…,agentive,Пассив: ходить,contextual,grammar_label,заставить сходить,быть вынужденным сходить,1,1,0,1,1,1,1,1,1,1,1,1,1,разрешить сходить
kawaku,乾く,かわく,kawaku,высыхать,N4,godan-ku,kawak,乾き,乾いた,乾いて,乾かない,乾けば,乾いたら,乾ける,,乾かれる,乾かせる,乾かせられる,乾け,乾くな,乾こう,乾きたい,乾かなければ,乾かなきゃ,乾かなくちゃ,высыхать,высохнуть,высыхает,буду высыхать,высыхало,высохло,высохнет,высохнет,высохнув,,,Пассив: высыхать,заставить высохнуть,быть вынужденным высохнуть,乾,乾,く,ku,く,ku,き,ki,か,ka,け,ke,け,ke,いて,ite,いて,ite,いた,ita,いた,ita,け,ke,け,ke,かれ,kare,か|れ,ka|re,かせ,kase,か|せ,ka|se,かせられ,kaserare,か|せ|ら|れ,ka|se|ra|re,け,ke,け,ke,こう,kou,こ|う,ko|u,ka|ki|ke|ko,,,,,высыхать,,высыхать,высохнуть,высыхает,буду высыхать,высыхало,высохло,высохнет,высохнет,высохнув,—,—,высыхать,высохнуть,высохнуть и затем…,non_agentive,Пассив: высыхать,exclude,grammar_label,заставить высохнуть,быть вынужденным высохнуть,1,0,0,0,0,0,0,0,0,0,0,0,1,разрешить высохнуть
kawaru,変わる,かわる,kawaru,меняться,N4,godan-ru,kawa,変わり,変わった,変わって,変わらない,変われば,変わったら,変われる,,変わられる,変わらせる,変わらせられる,変われ,変わるな,変わろう,変わりたい,変わらなければ,変わらなきゃ,変わらなくちゃ,меняться,измениться,меняюсь,буду меняться,менялся(ась),изменился(ась),изменюсь,изменюсь,изменившись,,,Пассив: меняться,заставить измениться,быть вынужденным измениться,変わ,変わ,る,ru,る,ru,り,ri,ら,ra,れ,re,れ,re,って,tte,って,tte,った,tta,った,tta,れ,re,れ,re,られ,rare,ら|れ,ra|re,らせ,rase,ら|せ,ra|se,らせられ,raserare,ら|せ|ら|れ,ra|se|ra|re,れ,re,れ,re,ろう,rou,ろ|う,ro|u,ra|ri|re|ro,,,,,меняться,,меняться,измениться,меняюсь,буду меняться,менялся(ась),изменился(ась),изменюсь,изменюсь,изменившись,изменись,изменимся,меняться,измениться,измениться и затем…,non_agentive,Пассив: меняться,exclude,grammar_label,заставить измениться,быть вынужденным измениться,1,0,0,0,0,0,0,0,0,0,0,0,1,разрешить измениться
kangaeru,考える,かんがえる,kangaeru,думать,N4,ichidan,kangae,考え,考えた,考えて,考えない,考えれば,考えたら,考えられる,考えれる,考えられる,考えさせる,考えさせられる,考えろ,考えるな,考えよう,考えたい,考えなければ,考えなきゃ,考えなくちゃ,думать,обдумать,думаю,буду думать,думал(а),обдумал(а),обдумаю,обдумаю,обдумав,подумай,обдумаем,Пассив: думать,заставить обдумать,быть вынужденным обдумать,考え,考え,る,ru,る,ru,,,,,れ,re,れ,re,て,te,て,te,た,ta,た,ta,られ,rare,ら|れ,ra|re,られ,rare,ら|れ,ra|re,させ,sase,さ|せ,sa|se,させられ,saserare,さ|せ|ら|れ,sa|se|ra|re,ろ,ro,ろ,ro,よう,you,よ|う,yo|u,ra|sa|re|ro|yo,れ,re,れ,re,"думать, обдумывать",обдумывать,думать / обдумывать,обдумать,думаю / обдумываю,буду думать / обдумывать,думал(а) / обдумывал(а),обдумал(а),обдумаю,обдумаю,обдумав,подумай,обдумаем,думать,обдумать,обдумать и затем…,agentive,Пассив: думать,contextual,grammar_label,заставить обдумать,быть вынужденным обдумать,1,1,0,1,1,1,1,1,1,1,1,1,1,разрешить обдумать
ganbaru,頑張る,がんばる,ganbaru,стараться,N4,godan-ru,ganba,頑張り,頑張った,頑張って,頑張らない,頑張れば,頑張ったら,頑張れる,,頑張られる,頑張らせる,頑張らせられる,頑張れ,頑張るな,頑張ろう,頑張りたい,頑張らなければ,頑張らなきゃ,頑張らなくちゃ,стараться,постараться,стараюсь,буду стараться,старался(ась),постарался(ась),постараюсь,постараюсь,постаравшись,постарайся,постараемся,Пассив: стараться,заставить постараться,быть вынужденным постараться,頑張,頑張,る,ru,る,ru,り,ri,ら,ra,れ,re,れ,re,って,tte,って,tte,った,tta,った,tta,れ,re,れ,re,られ,rare,ら|れ,ra|re,らせ,rase,ら|せ,ra|se,らせられ,raserare,ら|せ|ら|れ,ra|se|ra|re,れ,re,れ,re,ろう,rou,ろ|う,ro|u,ra|ri|re|ro,,,,,стараться,,стараться,постараться,стараюсь,буду стараться,старался(ась),постарался(ась),постараюсь,постараюсь,постаравшись,постарайся,постараемся,стараться,постараться,постараться и затем…,agentive,Пассив: стараться,contextual,grammar_label,заставить постараться,быть вынужденным постараться,1,1,0,1,1,1,1,1,1,1,1,1,1,разрешить постараться
kikoeru,聞こえる,きこえる,kikoeru,быть слышимым,N4,ichidan,kikoe,聞こえ,聞こえた,聞こえて,聞こえない,聞こえれば,聞こえたら,聞こえられる,聞こえれる,聞こえられる,聞こえさせる,聞こえさせられる,聞こえろ,聞こえるな,聞こえよう,聞こえたい,聞こえなければ,聞こえなきゃ,聞こえなくちゃ,слышаться,послышаться,слышится,буду слышаться,слышалось,послышалось,послышится,послышится,послышавшись,,,Пассив: слышаться,заставить послышаться,быть вынужденным послышаться,聞こえ,聞こえ,る,ru,る,ru,,,,,れ,re,れ,re,て,te,て,te,た,ta,た,ta,られ,rare,ら|れ,ra|re,られ,rare,ら|れ,ra|re,させ,sase,さ|せ,sa|se,させられ,saserare,さ|せ|ら|れ,sa|se|ra|re,ろ,ro,ろ,ro,よう,you,よ|う,yo|u,ra|sa|re|ro|yo,れ,re,れ,re,быть слышимым; слышаться,слышаться,слышаться,послышаться,слышится,буду слышаться,слышалось,послышалось,послышится,послышится,послышавшись,—,—,слышаться,послышаться,послышаться и затем…,non_agentive,Пассив: слышаться,exclude,grammar_label,заставить послышаться,быть вынужденным послышаться,1,0,0,0,0,0,0,0,0,0,0,0,1,разрешить послышаться
kimaru,決まる,きまる,kimaru,решаться,N4,godan-ru,kima,決まり,決まった,決まって,決まらない,決まれば,決まったら,決まれる,,決まられる,決まらせる,決まらせられる,決まれ,決まるな,決まろう,決まりたい,決まらなければ,決まらなきゃ,決まらなくちゃ,решаться,решиться,решается,буду решаться,решалось,решилось,решится,решится,решившись,,,Пассив: решаться,заставить решиться,быть вынужденным решиться,決ま,決ま,る,ru,る,ru,り,ri,ら,ra,れ,re,れ,re,って,tte,って,tte,った,tta,った,tta,れ,re,れ,re,られ,rare,ら|れ,ra|re,らせ,rase,ら|せ,ra|se,らせられ,raserare,ら|せ|ら|れ,ra|se|ra|re,れ,re,れ,re,ろう,rou,ろ|う,ro|u,ra|ri|re|ro,,,,,"решаться, определяться",определяться,решаться / определяться,решиться / определиться,решается / определяется,буду решаться / определяться,решалось / определялось,решилось / определилось,решится / определится,решится / определится,решившись / определившись,—,—,решаться,решиться,решиться и затем…,non_agentive,Пассив: решаться,exclude,grammar_label,заставить решиться,быть вынужденным решиться,1,0,0,0,0,0,0,0,0,0,0,0,1,разрешить решиться
kimeru,決める,きめる,kimeru,решать,N4,ichidan,kime,決め,決めた,決めて,決めない,決めれば,決めたら,決められる,決めれる,決められる,決めさせる,決めさせられる,決めろ,決めるな,決めよう,決めたい,決めなければ,決めなきゃ,決めなくちゃ,решать,решить,решаю,буду решать,решал(а),решил(а),решу,решу,решив,реши,решим,быть решённым,заставить решить,быть вынужденным решить,決め,決め,る,ru,る,ru,,,,,れ,re,れ,re,て,te,て,te,た,ta,た,ta,られ,rare,ら|れ,ra|re,られ,rare,ら|れ,ra|re,させ,sase,さ|せ,sa|se,させられ,saserare,さ|せ|ら|れ,sa|se|ra|re,ろ,ro,ろ,ro,よう,you,よ|う,yo|u,ra|sa|re|ro|yo,れ,re,れ,re,"решать, определять",определять,решать,решить,решаю,буду решать,решал(а),решил(а),решу,решу,решив,реши,решим,решать,решить,решить и затем…,agentive,быть решённым,natural,natural,заставить решить,быть вынужденным решить,1,1,1,0,1,1,1,1,1,1,1,1,1,разрешить решить
kuraberu,比べる,くらべる,kuraberu,сравнивать,N4,ichidan,kurabe,比べ,比べた,比べて,比べない,比べれば,比べたら,比べられる,比べれる,比べられる,比べさせる,比べさせられる,比べろ,比べるな,比べよう,比べたい,比べなければ,比べなきゃ,比べなくちゃ,сравнивать,сравнить,сравниваю,буду сравнивать,сравнивал(а),сравнил(а),сравню,сравню,сравнив,сравни,сравним,Пассив: сравнивать,заставить сравнить,быть вынужденным сравнить,比べ,比べ,る,ru,る,ru,,,,,れ,re,れ,re,て,te,て,te,た,ta,た,ta,られ,rare,ら|れ,ra|re,られ,rare,ら|れ,ra|re,させ,sase,さ|せ,sa|se,させられ,saserare,さ|せ|ら|れ,sa|se|ra|re,ろ,ro,ろ,ro,よう,you,よ|う,yo|u,ra|sa|re|ro|yo,れ,re,れ,re,сравнивать,,сравнивать,сравнить,сравниваю,буду сравнивать,сравнивал(а),сравнил(а),сравню,сравню,сравнив,сравни,сравним,сравнивать,сравнить,сравнить и затем…,agentive,Пассив: сравнивать,contextual,grammar_label,заставить сравнить,быть вынужденным сравнить,1,1,0,1,1,1,1,1,1,1,1,1,1,разрешить сравнить
kureru,くれる,くれる,kureru,давать мне/нам,N4,kureru,kure,くれ,くれた,くれて,くれない,くれれば,くれたら,くれられる,くれれる,くれられる,くれさせる,くれさせられる,くれ,くれるな,くれよう,くれたい,くれなければ,くれなきゃ,くれなくちゃ,давать,дать,даёт,буду давать,давал(а),дал(а),даст,даст,дав,дай,дадим,Пассив: давать,заставить дать,быть вынужденным дать,くれ,くれ,る,ru,る,ru,,,,,れ,re,れ,re,て,te,て,te,た,ta,た,ta,られ,rare,ら|れ,ra|re,られ,rare,ら|れ,ra|re,させ,sase,さ|せ,sa|se,させられ,saserare,さ|せ|ら|れ,sa|se|ra|re,,,,,よう,you,よ|う,yo|u,ra|sa|re|ro|yo,,,,,давать мне/нам,,давать,дать,даёт,буду давать,давал(а),дал(а),даст,даст,дав,дай,дадим,давать,дать,дать и затем…,agentive,Пассив: давать,contextual,grammar_label,заставить дать,быть вынужденным дать,1,1,0,1,1,1,1,1,1,1,1,1,1,разрешить дать
komu,込む,こむ,komu,быть переполненным,N4,godan-mu,kom,込み,込んだ,込んで,込まない,込めば,込んだら,込める,,込まれる,込ませる,込ませられる,込め,込むな,込もう,込みたい,込まなければ,込まなきゃ,込まなくちゃ,быть людным,стать людным,людно,буду быть людным,было людно,стало людно,станет людно,станет людно,,,,Пассив: быть людным,заставить стать людным,быть вынужденным стать людным,込,込,む,mu,む,mu,み,mi,ま,ma,め,me,め,me,んで,nで,んで,nで,んだ,nだ,んだ,nだ,め,me,め,me,まれ,mare,ま|れ,ma|re,ませ,mase,ま|せ,ma|se,ませられ,maserare,ま|せ|ら|れ,ma|se|ra|re,め,me,め,me,もう,mou,も|う,mo|u,ma|mi|me|mo,,,,,быть переполненным; быть людным,быть людным,быть людным,стать людным,людно / переполнено,буду быть людным,было людно / переполнено,стало людно / переполнено,станет людно / переполнено,станет людно / переполнено,—,—,—,быть людным,стать людным,стать людным и затем…,agentive,Пассив: быть людным,contextual,grammar_label,заставить стать людным,быть вынужденным стать людным,1,1,0,1,1,1,0,0,1,1,1,1,1,разрешить стать людным
kowasu,壊す,こわす,kowasu,ломать,N4,godan-su,kowas,壊し,壊した,壊して,壊さない,壊せば,壊したら,壊せる,,壊される,壊させる,壊させられる,壊せ,壊すな,壊そう,壊したい,壊さなければ,壊さなきゃ,壊さなくちゃ,ломать,сломать,ломаю,буду ломать,ломал(а),сломал(а),сломаю,сломаю,сломав,сломай,сломаем,быть сломанным,заставить сломать,быть вынужденным сломать,壊,壊,す,su,す,su,し,shi,さ,sa,せ,se,せ,se,して,shite,して,shite,した,shita,した,shita,せ,se,せ,se,され,sare,さ|れ,sa|re,させ,sase,さ|せ,sa|se,させられ,saserare,さ|せ|ら|れ,sa|se|ra|re,せ,se,せ,se,そう,sou,そ|う,so|u,sa|shi|se|so,,,,,ломать; разрушать,разрушать,ломать / разрушать,сломать / разрушить,ломаю / разрушаю,буду ломать / разрушать,ломал(а) / разрушал(а),сломал(а) / разрушил(а),сломаю / разрушу,сломаю / разрушу,сломав / разрушив,сломай / разрушь,сломаем / разрушим,ломать,сломать,сломать и затем…,agentive,быть сломанным,natural,natural,заставить сломать,быть вынужденным сломать,1,1,1,0,1,1,1,1,1,1,1,1,1,разрешить сломать
kowareru,壊れる,こわれる,kowareru,ломаться,N4,ichidan,koware,壊れ,壊れた,壊れて,壊れない,壊れれば,壊れたら,壊れられる,壊れれる,壊れられる,壊れさせる,壊れさせられる,壊れろ,壊れるな,壊れよう,壊れたい,壊れなければ,壊れなきゃ,壊れなくちゃ,ломаться,сломаться,ломается,буду ломаться,ломалось,сломалось,сломается,сломается,сломавшись,,,Пассив: ломаться,заставить сломаться,быть вынужденным сломаться,壊れ,壊れ,る,ru,る,ru,,,,,れ,re,れ,re,て,te,て,te,た,ta,た,ta,られ,rare,ら|れ,ra|re,られ,rare,ら|れ,ra|re,させ,sase,さ|せ,sa|se,させられ,saserare,さ|せ|ら|れ,sa|se|ra|re,ろ,ro,ろ,ro,よう,you,よ|う,yo|u,ra|sa|re|ro|yo,れ,re,れ,re,ломаться,,ломаться,сломаться,ломается,буду ломаться,ломалось,сломалось,сломается,сломается,сломавшись,—,—,ломаться,сломаться,сломаться и затем…,non_agentive,Пассив: ломаться,exclude,grammar_label,заставить сломаться,быть вынужденным сломаться,1,0,0,0,0,0,0,0,0,0,0,0,1,разрешить сломаться
sagasu,探す,さがす,sagasu,искать,N4,godan-su,sagas,探し,探した,探して,探さない,探せば,探したら,探せる,,探される,探させる,探させられる,探せ,探すな,探そう,探したい,探さなければ,探さなきゃ,探さなくちゃ,искать,найти,ищу,буду искать,искал(а),нашёл / нашла,найду,найду,найдя,ищи,найдём,Пассив: искать,заставить найти,быть вынужденным найти,探,探,す,su,す,su,し,shi,さ,sa,せ,se,せ,se,して,shite,して,shite,した,shita,した,shita,せ,se,せ,se,され,sare,さ|れ,sa|re,させ,sase,さ|せ,sa|se,させられ,saserare,さ|せ|ら|れ,sa|se|ra|re,せ,se,せ,se,そう,sou,そ|う,so|u,sa|shi|se|so,,,,,искать,,искать,найти,ищу,буду искать,искал(а),нашёл / нашла,найду,найду,найдя,ищи,найдём,искать,найти,найти и затем…,agentive,Пассив: искать,contextual,grammar_label,заставить найти,быть вынужденным найти,1,1,0,1,1,1,1,1,1,1,1,1,1,разрешить найти
sagaru,下がる,さがる,sagaru,опускаться,N4,godan-ru,saga,下がり,下がった,下がって,下がらない,下がれば,下がったら,下がれる,,下がられる,下がらせる,下がらせられる,下がれ,下がるな,下がろう,下がりたい,下がらなければ,下がらなきゃ,下がらなくちゃ,опускаться,опуститься,опускается,буду опускаться,опускалось,опустилось,опустится,опустится,опустившись,,,Пассив: опускаться,заставить опуститься,быть вынужденным опуститься,下が,下が,る,ru,る,ru,り,ri,ら,ra,れ,re,れ,re,って,tte,って,tte,った,tta,った,tta,れ,re,れ,re,られ,rare,ら|れ,ra|re,らせ,rase,ら|せ,ra|se,らせられ,raserare,ら|せ|ら|れ,ra|se|ra|re,れ,re,れ,re,ろう,rou,ろ|う,ro|u,ra|ri|re|ro,,,,,опускаться; снижаться,снижаться,опускаться / снижаться,опуститься / снизиться,опускается / снижается,буду опускаться / снижаться,опускалось / снижалось,опустилось / снизилось,опустится / снизится,опустится / снизится,опустившись / снизившись,—,—,опускаться,опуститься,опуститься и затем…,non_agentive,Пассив: опускаться,exclude,grammar_label,заставить опуститься,быть вынужденным опуститься,1,0,0,0,0,0,0,0,0,0,0,0,1,разрешить опуститься
sageru,下げる,さげる,sageru,опускать,N4,ichidan,sage,下げ,下げた,下げて,下げない,下げれば,下げたら,下げられる,下げれる,下げられる,下げさせる,下げさせられる,下げろ,下げるな,下げよう,下げたい,下げなければ,下げなきゃ,下げなくちゃ,опускать,опустить,опускаю,буду опускать,опускал(а),опустил(а),опущу,опущу,опустив,опусти,опустим,Пассив: опускать,заставить опустить,быть вынужденным опустить,下げ,下げ,る,ru,る,ru,,,,,れ,re,れ,re,て,te,て,te,た,ta,た,ta,られ,rare,ら|れ,ra|re,られ,rare,ら|れ,ra|re,させ,sase,さ|せ,sa|se,させられ,saserare,さ|せ|ら|れ,sa|se|ra|re,ろ,ro,ろ,ro,よう,you,よ|う,yo|u,ra|sa|re|ro|yo,れ,re,れ,re,опускать; снижать,снижать,опускать / снижать,опустить / снизить,опускаю / снижаю,буду опускать / снижать,опускал(а) / снижал(а),опустил(а) / снизил(а),опущу / снижу,опущу / снижу,опустив / снизив,опусти / снизь,опустим / снизим,опускать,опустить,опустить и затем…,agentive,Пассив: опускать,contextual,grammar_label,заставить опустить,быть вынужденным опустить,1,1,0,1,1,1,1,1,1,1,1,1,1,разрешить опустить
sawagu,騒ぐ,さわぐ,sawagu,шуметь,N4,godan-gu,sawag,騒ぎ,騒いだ,騒いで,騒がない,騒げば,騒いだら,騒げる,,騒がれる,騒がせる,騒がせられる,騒げ,騒ぐな,騒ごう,騒ぎたい,騒がなければ,騒がなきゃ,騒がなくちゃ,шуметь,пошуметь,шумлю,буду шуметь,шумел(а),пошумел(а),пошумлю,пошумлю,пошумев,не шуми,не пошумим,Пассив: шуметь,заставить пошуметь,быть вынужденным пошуметь,騒,騒,ぐ,gu,ぐ,gu,ぎ,gi,が,ga,げ,ge,げ,ge,いで,iで,いで,iで,いだ,iだ,いだ,iだ,げ,ge,げ,ge,がれ,gare,が|れ,ga|re,がせ,gase,が|せ,ga|se,がせられ,gaserare,が|せ|ら|れ,ga|se|ra|re,げ,ge,げ,ge,ごう,gou,ご|う,go|u,ga|gi|ge|go,,,,,шуметь,,шуметь,пошуметь,шумлю,буду шуметь,шумел(а),пошумел(а),пошумлю,пошумлю,пошумев,не шуми,не пошумим,шуметь,пошуметь,пошуметь и затем…,agentive,Пассив: шуметь,contextual,grammar_label,заставить пошуметь,быть вынужденным пошуметь,1,1,0,1,1,1,1,1,1,1,1,1,1,разрешить пошуметь
sawaru,触る,さわる,sawaru,трогать,N4,godan-ru,sawa,触り,触った,触って,触らない,触れば,触ったら,触れる,,触られる,触らせる,触らせられる,触れ,触るな,触ろう,触りたい,触らなければ,触らなきゃ,触らなくちゃ,трогать,потрогать,трогаю,буду трогать,трогал(а),потрогал(а),потрогаю,потрогаю,потрогав,потрогай,потрогаем,Пассив: трогать,заставить потрогать,быть вынужденным потрогать,触,触,る,ru,る,ru,り,ri,ら,ra,れ,re,れ,re,って,tte,って,tte,った,tta,った,tta,れ,re,れ,re,られ,rare,ら|れ,ra|re,らせ,rase,ら|せ,ra|se,らせられ,raserare,ら|せ|ら|れ,ra|se|ra|re,れ,re,れ,re,ろう,rou,ろ|う,ro|u,ra|ri|re|ro,,,,,трогать; касаться,касаться,трогать / касаться,потрогать / коснуться,трогаю / касаюсь,буду трогать / касаться,трогал(а) / касался(ась),потрогал(а) / коснулся(лась),потрогаю / коснусь,потрогаю / коснусь,потрогав / коснувшись,потрогай / коснись,потрогаем / коснёмся,трогать,потрогать,потрогать и затем…,agentive,Пассив: трогать,contextual,grammar_label,заставить потрогать,быть вынужденным потрогать,1,1,0,1,1,1,1,1,1,1,1,1,1,разрешить потрогать
shikaru,叱る,しかる,shikaru,ругать,N4,godan-ru,shika,叱り,叱った,叱って,叱らない,叱れば,叱ったら,叱れる,,叱られる,叱らせる,叱らせられる,叱れ,叱るな,叱ろう,叱りたい,叱らなければ,叱らなきゃ,叱らなくちゃ,ругать,отругать,ругаю,буду ругать,ругал(а),отругал(а),отругаю,отругаю,отругав,отругай,отругаем,быть отруганным,заставить отругать,быть вынужденным отругать,叱,叱,る,ru,る,ru,り,ri,ら,ra,れ,re,れ,re,って,tte,って,tte,った,tta,った,tta,れ,re,れ,re,られ,rare,ら|れ,ra|re,らせ,rase,ら|せ,ra|se,らせられ,raserare,ら|せ|ら|れ,ra|se|ra|re,れ,re,れ,re,ろう,rou,ろ|う,ro|u,ra|ri|re|ro,,,,,ругать; отчитывать,отчитывать,ругать,отругать,ругаю,буду ругать,ругал(а),отругал(а),отругаю,отругаю,отругав,отругай,отругаем,ругать,отругать,отругать и затем…,agentive,быть отруганным,natural,natural,заставить отругать,быть вынужденным отругать,1,1,1,0,1,1,1,1,1,1,1,1,1,разрешить отругать
shiraseru,知らせる,しらせる,shiraseru,сообщать,N4,ichidan,shirase,知らせ,知らせた,知らせて,知らせない,知らせれば,知らせたら,知らせられる,知らせれる,知らせられる,知らせさせる,知らせさせられる,知らせろ,知らせるな,知らせよう,知らせたい,知らせなければ,知らせなきゃ,知らせなくちゃ,сообщать,сообщить,сообщаю,буду сообщать,сообщал(а),сообщил(а),сообщу,сообщу,сообщив,сообщи,сообщим,Пассив: сообщать,заставить сообщить,быть вынужденным сообщить,知らせ,知らせ,る,ru,る,ru,,,,,れ,re,れ,re,て,te,て,te,た,ta,た,ta,られ,rare,ら|れ,ra|re,られ,rare,ら|れ,ra|re,させ,sase,さ|せ,sa|se,させられ,saserare,さ|せ|ら|れ,sa|se|ra|re,ろ,ro,ろ,ro,よう,you,よ|う,yo|u,ra|sa|re|ro|yo,れ,re,れ,re,сообщать; уведомлять,уведомлять,сообщать / уведомлять,сообщить / уведомить,сообщаю / уведомляю,буду сообщать / уведомлять,сообщал(а) / уведомлял(а),сообщил(а) / уведомил(а),сообщу / уведомлю,сообщу / уведомлю,сообщив / уведомив,сообщи / уведоми,сообщим / уведомим,сообщать,сообщить,сообщить и затем…,agentive,Пассив: сообщать,contextual,grammar_label,заставить сообщить,быть вынужденным сообщить,1,1,0,1,1,1,1,1,1,1,1,1,1,разрешить сообщить
shiraberu,調べる,しらべる,shiraberu,проверять,N4,ichidan,shirabe,調べ,調べた,調べて,調べない,調べれば,調べたら,調べられる,調べれる,調べられる,調べさせる,調べさせられる,調べろ,調べるな,調べよう,調べたい,調べなければ,調べなきゃ,調べなくちゃ,проверять,проверить,проверяю,буду проверять,проверял(а),проверил(а),проверю,проверю,проверив,проверь,проверим,быть проверенным,заставить проверить,быть вынужденным проверить,調べ,調べ,る,ru,る,ru,,,,,れ,re,れ,re,て,te,て,te,た,ta,た,ta,られ,rare,ら|れ,ra|re,られ,rare,ら|れ,ra|re,させ,sase,さ|せ,sa|se,させられ,saserare,さ|せ|ら|れ,sa|se|ra|re,ろ,ro,ろ,ro,よう,you,よ|う,yo|u,ra|sa|re|ro|yo,れ,re,れ,re,"проверять, исследовать",исследовать,проверять / исследовать,проверить / исследовать,проверяю / исследую,буду проверять / исследовать,проверял(а) / исследовал(а),проверил(а) / исследовал(а),проверю / исследую,проверю / исследую,проверив / исследовав,проверь / исследуй,проверим / исследуем,проверять,проверить,проверить и затем…,agentive,быть проверенным,natural,natural,заставить проверить,быть вынужденным проверить,1,1,1,0,1,1,1,1,1,1,1,1,1,разрешить проверить
sugiru,過ぎる,すぎる,sugiru,проходить,N4,ichidan,sugi,過ぎ,過ぎた,過ぎて,過ぎない,過ぎれば,過ぎたら,過ぎられる,過ぎれる,過ぎられる,過ぎさせる,過ぎさせられる,過ぎろ,過ぎるな,過ぎよう,過ぎたい,過ぎなければ,過ぎなきゃ,過ぎなくちゃ,проходить,пройти,проходит,буду проходить,проходило,прошло,пройдёт,пройдёт,пройдя,,,Пассив: проходить,заставить пройти,быть вынужденным пройти,過ぎ,過ぎ,る,ru,る,ru,,,,,れ,re,れ,re,て,te,て,te,た,ta,た,ta,られ,rare,ら|れ,ra|re,られ,rare,ら|れ,ra|re,させ,sase,さ|せ,sa|se,させられ,saserare,さ|せ|ら|れ,sa|se|ra|re,ろ,ro,ろ,ro,よう,you,よ|う,yo|u,ra|sa|re|ro|yo,れ,re,れ,re,проходить; превышать,превышать,проходить / превышать,пройти / превысить,проходит / превышает,буду проходить / превышать,проходило / превышало,прошло / превысило,пройдёт / превысит,пройдёт / превысит,пройдя / превысив,—,—,проходить,пройти,пройти и затем…,non_agentive,Пассив: проходить,exclude,grammar_label,заставить пройти,быть вынужденным пройти,1,0,0,0,0,0,0,0,0,0,0,0,1,разрешить пройти
suku,空く,すく,suku,пустеть,N4,godan-ku,suk,空き,空いた,空いて,空かない,空けば,空いたら,空ける,,空かれる,空かせる,空かせられる,空け,空くな,空こう,空きたい,空かなければ,空かなきゃ,空かなくちゃ,пустеть,опустеть,пустеет,буду пустеть,пустело,опустело,опустеет,опустеет,опустев,,,Пассив: пустеть,заставить опустеть,быть вынужденным опустеть,空,空,く,ku,く,ku,き,ki,か,ka,け,ke,け,ke,いて,ite,いて,ite,いた,ita,いた,ita,け,ke,け,ke,かれ,kare,か|れ,ka|re,かせ,kase,か|せ,ka|se,かせられ,kaserare,か|せ|ら|れ,ka|se|ra|re,け,ke,け,ke,こう,kou,こ|う,ko|u,ka|ki|ke|ko,,,,,пустеть; становиться менее людным,становиться менее людным,пустеть,опустеть,пустеет,буду пустеть,пустело,опустело,опустеет,опустеет,опустев,—,—,пустеть,опустеть,опустеть и затем…,non_agentive,Пассив: пустеть,contextual,grammar_label,заставить опустеть,быть вынужденным опустеть,1,1,0,1,0,0,0,0,1,0,0,0,1,разрешить опустеть
suberu,滑る,すべる,suberu,скользить,N4,godan-ru,sube,滑り,滑った,滑って,滑らない,滑れば,滑ったら,滑れる,,滑られる,滑らせる,滑らせられる,滑れ,滑るな,滑ろう,滑りたい,滑らなければ,滑らなきゃ,滑らなくちゃ,скользить,поскользнуться,скольжу,буду скользить,скользил(а),поскользнулся(лась),поскользнусь,поскользнусь,поскользнувшись,не скользи,не поскользнёмся,Пассив: скользить,заставить поскользнуться,быть вынужденным поскользнуться,滑,滑,る,ru,る,ru,り,ri,ら,ra,れ,re,れ,re,って,tte,って,tte,った,tta,った,tta,れ,re,れ,re,られ,rare,ら|れ,ra|re,らせ,rase,ら|せ,ra|se,らせられ,raserare,ら|せ|ら|れ,ra|se|ra|re,れ,re,れ,re,ろう,rou,ろ|う,ro|u,ra|ri|re|ro,,,,,скользить,,скользить,поскользнуться,скольжу,буду скользить,скользил(а),поскользнулся(лась),поскользнусь,поскользнусь,поскользнувшись,не скользи,не поскользнёмся,скользить,поскользнуться,поскользнуться и затем…,agentive,Пассив: скользить,contextual,grammar_label,заставить поскользнуться,быть вынужденным поскользнуться,1,1,0,1,1,1,1,1,1,1,1,1,1,разрешить поскользнуться
sumu_2,済む,すむ,sumu,заканчиваться,N4,godan-mu,sum,済み,済んだ,済んで,済まない,済めば,済んだら,済める,,済まれる,済ませる,済ませられる,済め,済むな,済もう,済みたい,済まなければ,済まなきゃ,済まなくちゃ,заканчиваться,закончиться,заканчивается,буду заканчиваться,заканчивалось,закончилось,закончится,закончится,закончившись,,,Пассив: заканчиваться,заставить закончиться,быть вынужденным закончиться,済,済,む,mu,む,mu,み,mi,ま,ma,め,me,め,me,んで,nで,んで,nで,んだ,nだ,んだ,nだ,め,me,め,me,まれ,mare,ま|れ,ma|re,ませ,mase,ま|せ,ma|se,ませられ,maserare,ま|せ|ら|れ,ma|se|ra|re,め,me,め,me,もう,mou,も|う,mo|u,ma|mi|me|mo,,,,,заканчиваться; обходиться,обходиться,заканчиваться / обходиться,закончиться / обойтись,заканчивается / обходится,буду заканчиваться / обходиться,заканчивалось / обходилось,закончилось / обошлось,закончится / обойдётся,закончится / обойдётся,закончившись / обойдясь,—,—,заканчиваться,закончиться,закончиться и затем…,non_agentive,Пассив: заканчиваться,exclude,grammar_label,заставить закончиться,быть вынужденным закончиться,1,0,0,0,0,0,0,0,0,0,0,0,1,разрешить закончиться
sodateru,育てる,そだてる,sodateru,выращивать,N4,ichidan,sodate,育て,育てた,育てて,育てない,育てれば,育てたら,育てられる,育てれる,育てられる,育てさせる,育てさせられる,育てろ,育てるな,育てよう,育てたい,育てなければ,育てなきゃ,育てなくちゃ,выращивать,вырастить,выращиваю,буду выращивать,выращивал(а),вырастил(а),выращу,выращу,вырастив,вырасти,вырастим,быть выращенным,заставить вырастить,быть вынужденным вырастить,育て,育て,る,ru,る,ru,,,,,れ,re,れ,re,て,te,て,te,た,ta,た,ta,られ,rare,ら|れ,ra|re,られ,rare,ら|れ,ra|re,させ,sase,さ|せ,sa|se,させられ,saserare,さ|せ|ら|れ,sa|se|ra|re,ろ,ro,ろ,ro,よう,you,よ|う,yo|u,ra|sa|re|ro|yo,れ,re,れ,re,выращивать; воспитывать,воспитывать,выращивать / воспитывать,вырастить / воспитать,выращиваю / воспитываю,буду выращивать / воспитывать,выращивал(а) / воспитывал(а),вырастил(а) / воспитал(а),выращу / воспитаю,выращу / воспитаю,вырастив / воспитав,вырасти / воспитай,вырастим / воспитаем,выращивать,вырастить,вырастить и затем…,agentive,быть выращенным,natural,natural,заставить вырастить,быть вынужденным вырастить,1,1,1,0,1,1,1,1,1,1,1,1,1,разрешить вырастить
taoreru,倒れる,たおれる,taoreru,падать,N4,ichidan,taore,倒れ,倒れた,倒れて,倒れない,倒れれば,倒れたら,倒れられる,倒れれる,倒れられる,倒れさせる,倒れさせられる,倒れろ,倒れるな,倒れよう,倒れたい,倒れなければ,倒れなきゃ,倒れなくちゃ,падать,упасть,падаю,буду падать,падал(а),упал(а),упаду,упаду,упав,,,Пассив: падать,заставить упасть,быть вынужденным упасть,倒れ,倒れ,る,ru,る,ru,,,,,れ,re,れ,re,て,te,て,te,た,ta,た,ta,られ,rare,ら|れ,ra|re,られ,rare,ら|れ,ra|re,させ,sase,さ|せ,sa|se,させられ,saserare,さ|せ|ら|れ,sa|se|ra|re,ろ,ro,ろ,ro,よう,you,よ|う,yo|u,ra|sa|re|ro|yo,れ,re,れ,re,падать; рушиться,рушиться,падать / рушиться,упасть / рухнуть,падаю / рушусь,буду падать / рушиться,падал(а) / рушился(ась),упал(а) / рухнул(а),упаду / рухну,упаду / рухну,упав / рухнув,не падай,не упадём,падать,упасть,упасть и затем…,non_agentive,Пассив: падать,exclude,grammar_label,заставить упасть,быть вынужденным упасть,1,0,0,0,0,0,0,0,0,0,0,0,1,разрешить упасть
tasu,足す,たす,tasu,добавлять,N4,godan-su,tas,足し,足した,足して,足さない,足せば,足したら,足せる,,足される,足させる,足させられる,足せ,足すな,足そう,足したい,足さなければ,足さなきゃ,足さなくちゃ,добавлять,добавить,добавляю,буду добавлять,добавлял(а),добавил(а),добавлю,добавлю,добавив,добавь,добавим,быть добавленным,заставить добавить,быть вынужденным добавить,足,足,す,su,す,su,し,shi,さ,sa,せ,se,せ,se,して,shite,して,shite,した,shita,した,shita,せ,se,せ,se,され,sare,さ|れ,sa|re,させ,sase,さ|せ,sa|se,させられ,saserare,さ|せ|ら|れ,sa|se|ra|re,せ,se,せ,se,そう,sou,そ|う,so|u,sa|shi|se|so,,,,,добавлять; складывать,складывать,добавлять / складывать,добавить / сложить,добавляю / складываю,буду добавлять / складывать,добавлял(а) / складывал(а),добавил(а) / сложил(а),добавлю / сложу,добавлю / сложу,добавив / сложив,добавь / сложи,добавим / сложим,добавлять,добавить,добавить и затем…,agentive,быть добавленным,natural,natural,заставить добавить,быть вынужденным добавить,1,1,1,0,1,1,1,1,1,1,1,1,1,разрешить добавить
tazuneru,尋ねる,たずねる,tazuneru,спрашивать,N4,ichidan,tazune,尋ね,尋ねた,尋ねて,尋ねない,尋ねれば,尋ねたら,尋ねられる,尋ねれる,尋ねられる,尋ねさせる,尋ねさせられる,尋ねろ,尋ねるな,尋ねよう,尋ねたい,尋ねなければ,尋ねなきゃ,尋ねなくちゃ,спрашивать,спросить,спрашиваю,буду спрашивать,спрашивал(а),спросил(а),спрошу,спрошу,спросив,спроси,спросим,Пассив: спрашивать,заставить спросить,быть вынужденным спросить,尋ね,尋ね,る,ru,る,ru,,,,,れ,re,れ,re,て,te,て,te,た,ta,た,ta,られ,rare,ら|れ,ra|re,られ,rare,ら|れ,ra|re,させ,sase,さ|せ,sa|se,させられ,saserare,さ|せ|ら|れ,sa|se|ra|re,ろ,ro,ろ,ro,よう,you,よ|う,yo|u,ra|sa|re|ro|yo,れ,re,れ,re,спрашивать,,спрашивать,спросить,спрашиваю,буду спрашивать,спрашивал(а),спросил(а),спрошу,спрошу,спросив,спроси,спросим,спрашивать,спросить,спросить и затем…,agentive,Пассив: спрашивать,contextual,grammar_label,заставить спросить,быть вынужденным спросить,1,1,0,1,1,1,1,1,1,1,1,1,1,разрешить спросить
tazuneru_2,訪ねる,たずねる,tazuneru,посещать,N4,ichidan,tazune,訪ね,訪ねた,訪ねて,訪ねない,訪ねれば,訪ねたら,訪ねられる,訪ねれる,訪ねられる,訪ねさせる,訪ねさせられる,訪ねろ,訪ねるな,訪ねよう,訪ねたい,訪ねなければ,訪ねなきゃ,訪ねなくちゃ,посещать,посетить,посещаю,буду посещать,посещал(а),посетил(а),посещу,посещу,посетив,посети,посетим,Пассив: посещать,заставить посетить,быть вынужденным посетить,訪ね,訪ね,る,ru,る,ru,,,,,れ,re,れ,re,て,te,て,te,た,ta,た,ta,られ,rare,ら|れ,ra|re,られ,rare,ら|れ,ra|re,させ,sase,さ|せ,sa|se,させられ,saserare,さ|せ|ら|れ,sa|se|ra|re,ろ,ro,ろ,ro,よう,you,よ|う,yo|u,ra|sa|re|ro|yo,れ,re,れ,re,посещать,,посещать,посетить,посещаю,буду посещать,посещал(а),посетил(а),посещу,посещу,посетив,посети,посетим,посещать,посетить,посетить и затем…,agentive,Пассив: посещать,contextual,grammar_label,заставить посетить,быть вынужденным посетить,1,1,0,1,1,1,1,1,1,1,1,1,1,разрешить посетить
tateru,建てる,たてる,tateru,строить,N4,ichidan,tate,建て,建てた,建てて,建てない,建てれば,建てたら,建てられる,建てれる,建てられる,建てさせる,建てさせられる,建てろ,建てるな,建てよう,建てたい,建てなければ,建てなきゃ,建てなくちゃ,строить,построить,строю,буду строить,строил(а),построил(а),построю,построю,построив,построй,построим,быть построенным,заставить построить,быть вынужденным построить,建て,建て,る,ru,る,ru,,,,,れ,re,れ,re,て,te,て,te,た,ta,た,ta,られ,rare,ら|れ,ra|re,られ,rare,ら|れ,ra|re,させ,sase,さ|せ,sa|se,させられ,saserare,さ|せ|ら|れ,sa|se|ra|re,ろ,ro,ろ,ro,よう,you,よ|う,yo|u,ra|sa|re|ro|yo,れ,re,れ,re,строить,,строить,построить,строю,буду строить,строил(а),построил(а),построю,построю,построив,построй,построим,строить,построить,построить и затем…,agentive,быть построенным,natural,natural,заставить построить,быть вынужденным построить,1,1,1,0,1,1,1,1,1,1,1,1,1,разрешить построить
tateru_2,立てる,たてる,tateru,ставить вертикально,N4,ichidan,tate,立て,立てた,立てて,立てない,立てれば,立てたら,立てられる,立てれる,立てられる,立てさせる,立てさせられる,立てろ,立てるな,立てよう,立てたい,立てなければ,立てなきゃ,立てなくちゃ,ставить,поставить,ставлю,буду ставить,ставил(а),поставил(а),поставлю,поставлю,поставив,поставь,поставим,Пассив: ставить,заставить поставить,быть вынужденным поставить,立て,立て,る,ru,る,ru,,,,,れ,re,れ,re,て,te,て,te,た,ta,た,ta,られ,rare,ら|れ,ra|re,られ,rare,ら|れ,ra|re,させ,sase,さ|せ,sa|se,させられ,saserare,さ|せ|ら|れ,sa|se|ra|re,ろ,ro,ろ,ro,よう,you,よ|う,yo|u,ra|sa|re|ro|yo,れ,re,れ,re,ставить вертикально; возводить,возводить,ставить / возводить,поставить / возвести,ставлю / возвожу,буду ставить / возводить,ставил(а) / возводил(а),поставил(а) / возвёл(ла),поставлю / возведу,поставлю / возведу,поставив / возведя,поставь / возведи,поставим / возведём,ставить,поставить,поставить и затем…,agentive,Пассив: ставить,contextual,grammar_label,заставить поставить,быть вынужденным поставить,1,1,0,1,1,1,1,1,1,1,1,1,1,разрешить поставить
tanoshimu,楽しむ,たのしむ,tanoshimu,наслаждаться,N4,godan-mu,tanoshim,楽しみ,楽しんだ,楽しんで,楽しまない,楽しめば,楽しんだら,楽しめる,,楽しまれる,楽しませる,楽しませられる,楽しめ,楽しむな,楽しもう,楽しみたい,楽しまなければ,楽しまなきゃ,楽しまなくちゃ,наслаждаться,насладиться,наслаждаюсь,буду наслаждаться,наслаждался(ась),насладился(ась),наслажусь,наслажусь,насладившись,наслаждайся,насладимся,Пассив: наслаждаться,заставить насладиться,быть вынужденным насладиться,楽し,楽し,む,mu,む,mu,み,mi,ま,ma,め,me,め,me,んで,nで,んで,nで,んだ,nだ,んだ,nだ,め,me,め,me,まれ,mare,ま|れ,ma|re,ませ,mase,ま|せ,ma|se,ませられ,maserare,ま|せ|ら|れ,ma|se|ra|re,め,me,め,me,もう,mou,も|う,mo|u,ma|mi|me|mo,,,,,наслаждаться,,наслаждаться,насладиться,наслаждаюсь,буду наслаждаться,наслаждался(ась),насладился(ась),наслажусь,наслажусь,насладившись,наслаждайся,насладимся,наслаждаться,насладиться,насладиться и затем…,agentive,Пассив: наслаждаться,contextual,grammar_label,заставить насладиться,быть вынужденным насладиться,1,1,0,1,1,1,1,1,1,1,1,1,1,разрешить насладиться
tariru,足りる,たりる,tariru,хватать,N4,ichidan,tari,足り,足りた,足りて,足りない,足りれば,足りたら,足りられる,足りれる,足りられる,足りさせる,足りさせられる,足りろ,足りるな,足りよう,足りたい,足りなければ,足りなきゃ,足りなくちゃ,хватать,хватить,хватает,буду хватать,хватало,хватило,хватит,хватит,,,,Пассив: хватать,заставить хватить,быть вынужденным хватить,足り,足り,る,ru,る,ru,,,,,れ,re,れ,re,て,te,て,te,た,ta,た,ta,られ,rare,ら|れ,ra|re,られ,rare,ら|れ,ra|re,させ,sase,さ|せ,sa|se,させられ,saserare,さ|せ|ら|れ,sa|se|ra|re,ろ,ro,ろ,ro,よう,you,よ|う,yo|u,ra|sa|re|ro|yo,れ,re,れ,re,хватать; быть достаточным,быть достаточным,хватать,хватить,хватает,буду хватать,хватало,хватило,хватит,хватит,—,—,—,хватать,хватить,хватить и затем…,non_agentive,Пассив: хватать,exclude,grammar_label,заставить хватить,быть вынужденным хватить,1,0,0,0,0,0,0,0,0,0,0,0,1,разрешить хватить
tsukamaeru,捕まえる,つかまえる,tsukamaeru,ловить,N4,ichidan,tsukamae,捕まえ,捕まえた,捕まえて,捕まえない,捕まえれば,捕まえたら,捕まえられる,捕まえれる,捕まえられる,捕まえさせる,捕まえさせられる,捕まえろ,捕まえるな,捕まえよう,捕まえたい,捕まえなければ,捕まえなきゃ,捕まえなくちゃ,ловить,поймать,ловлю,буду ловить,ловил(а),поймал(а),поймаю,поймаю,поймав,поймай,поймаем,быть пойманным,заставить поймать,быть вынужденным поймать,捕まえ,捕まえ,る,ru,る,ru,,,,,れ,re,れ,re,て,te,て,te,た,ta,た,ta,られ,rare,ら|れ,ra|re,られ,rare,ら|れ,ra|re,させ,sase,さ|せ,sa|se,させられ,saserare,さ|せ|ら|れ,sa|se|ra|re,ろ,ro,ろ,ro,よう,you,よ|う,yo|u,ra|sa|re|ro|yo,れ,re,れ,re,ловить; задерживать,задерживать,ловить / задерживать,поймать / задержать,ловлю / задерживаю,буду ловить / задерживать,ловил(а) / задерживал(а),поймал(а) / задержал(а),поймаю / задержу,поймаю / задержу,поймав / задержав,поймай / задержи,поймаем / задержим,ловить,поймать,поймать и затем…,agentive,быть пойманным,natural,natural,заставить поймать,быть вынужденным поймать,1,1,1,0,1,1,1,1,1,1,1,1,1,разрешить поймать
tsuku_2,点く,つく,tsuku,включаться,N4,godan-ku,tsuk,点き,点いた,点いて,点かない,点けば,点いたら,点ける,,点かれる,点かせる,点かせられる,点け,点くな,点こう,点きたい,点かなければ,点かなきゃ,点かなくちゃ,включаться,включиться,включается,буду включаться,включалось,включилось,включится,включится,включившись,,,Пассив: включаться,заставить включиться,быть вынужденным включиться,点,点,く,ku,く,ku,き,ki,か,ka,け,ke,け,ke,いて,ite,いて,ite,いた,ita,いた,ita,け,ke,け,ke,かれ,kare,か|れ,ka|re,かせ,kase,か|せ,ka|se,かせられ,kaserare,か|せ|ら|れ,ka|se|ra|re,け,ke,け,ke,こう,kou,こ|う,ko|u,ka|ki|ke|ko,,,,,включаться; загораться,загораться,включаться / загораться,включиться / загореться,включается / загорается,буду включаться / загораться,включалось / загоралось,включилось / загорелось,включится / загорится,включится / загорится,включившись / загоревшись,—,—,включаться,включиться,включиться и затем…,non_agentive,Пассив: включаться,exclude,grammar_label,заставить включиться,быть вынужденным включиться,1,0,0,0,0,0,0,0,0,0,0,0,1,разрешить включиться
tsutaeru,伝える,つたえる,tsutaeru,передавать,N4,ichidan,tsutae,伝え,伝えた,伝えて,伝えない,伝えれば,伝えたら,伝えられる,伝えれる,伝えられる,伝えさせる,伝えさせられる,伝えろ,伝えるな,伝えよう,伝えたい,伝えなければ,伝えなきゃ,伝えなくちゃ,передавать,передать,передаю,буду передавать,передавал(а),передал(а),передам,передам,передав,передай,передадим,быть переданным,заставить передать,быть вынужденным передать,伝え,伝え,る,ru,る,ru,,,,,れ,re,れ,re,て,te,て,te,た,ta,た,ta,られ,rare,ら|れ,ra|re,られ,rare,ら|れ,ra|re,させ,sase,さ|せ,sa|se,させられ,saserare,さ|せ|ら|れ,sa|se|ra|re,ろ,ro,ろ,ro,よう,you,よ|う,yo|u,ra|sa|re|ro|yo,れ,re,れ,re,передавать; сообщать,сообщать,передавать / сообщать,передать / сообщить,передаю / сообщаю,буду передавать / сообщать,передавал(а) / сообщал(а),передал(а) / сообщил(а),передам / сообщу,передам / сообщу,передав / сообщив,передай / сообщи,передадим / сообщим,передавать,передать,передать и затем…,agentive,быть переданным,natural,natural,заставить передать,быть вынужденным передать,1,1,1,0,1,1,1,1,1,1,1,1,1,разрешить передать
tsutsumu,包む,つつむ,tsutsumu,заворачивать,N4,godan-mu,tsutsum,包み,包んだ,包んで,包まない,包めば,包んだら,包める,,包まれる,包ませる,包ませられる,包め,包むな,包もう,包みたい,包まなければ,包まなきゃ,包まなくちゃ,заворачивать,завернуть,заворачиваю,буду заворачивать,заворачивал(а),завернул(а),заверну,заверну,завернув,заверни,завернём,быть упакованным,заставить завернуть,быть вынужденным завернуть,包,包,む,mu,む,mu,み,mi,ま,ma,め,me,め,me,んで,nで,んで,nで,んだ,nだ,んだ,nだ,め,me,め,me,まれ,mare,ま|れ,ma|re,ませ,mase,ま|せ,ma|se,ませられ,maserare,ま|せ|ら|れ,ma|se|ra|re,め,me,め,me,もう,mou,も|う,mo|u,ma|mi|me|mo,,,,,заворачивать; упаковывать,упаковывать,заворачивать / упаковывать,завернуть / упаковать,заворачиваю / упаковываю,буду заворачивать / упаковывать,заворачивал(а) / упаковывал(а),завернул(а) / упаковал(а),заверну / упакую,заверну / упакую,завернув / упаковав,заверни / упакуй,завернём / упакуем,заворачивать,завернуть,завернуть и затем…,agentive,быть упакованным,natural,natural,заставить завернуть,быть вынужденным завернуть,1,1,1,0,1,1,1,1,1,1,1,1,1,разрешить завернуть
tsuzuku,続く,つづく,tsuzuku,продолжаться,N4,godan-ku,tsuzuk,続き,続いた,続いて,続かない,続けば,続いたら,続ける,,続かれる,続かせる,続かせられる,続け,続くな,続こう,続きたい,続かなければ,続かなきゃ,続かなくちゃ,продолжаться,продолжиться,продолжается,буду продолжаться,продолжалось,продолжилось,продолжится,продолжится,продолжившись,,,Пассив: продолжаться,заставить продолжиться,быть вынужденным продолжиться,続,続,く,ku,く,ku,き,ki,か,ka,け,ke,け,ke,いて,ite,いて,ite,いた,ita,いた,ita,け,ke,け,ke,かれ,kare,か|れ,ka|re,かせ,kase,か|せ,ka|se,かせられ,kaserare,か|せ|ら|れ,ka|se|ra|re,け,ke,け,ke,こう,kou,こ|う,ko|u,ka|ki|ke|ko,,,,,продолжаться,,продолжаться,продолжиться,продолжается,буду продолжаться,продолжалось,продолжилось,продолжится,продолжится,продолжившись,—,—,продолжаться,продолжиться,продолжиться и затем…,non_agentive,Пассив: продолжаться,exclude,grammar_label,заставить продолжиться,быть вынужденным продолжиться,1,0,0,0,0,0,0,0,0,0,0,0,1,разрешить продолжиться
tsuzukeru,続ける,つづける,tsuzukeru,продолжать,N4,ichidan,tsuzuke,続け,続けた,続けて,続けない,続ければ,続けたら,続けられる,続けれる,続けられる,続けさせる,続けさせられる,続けろ,続けるな,続けよう,続けたい,続けなければ,続けなきゃ,続けなくちゃ,продолжать,продолжить,продолжаю,буду продолжать,продолжал(а),продолжил(а),продолжу,продолжу,продолжив,продолжай,продолжим,Пассив: продолжать,заставить продолжить,быть вынужденным продолжить,続け,続け,る,ru,る,ru,,,,,れ,re,れ,re,て,te,て,te,た,ta,た,ta,られ,rare,ら|れ,ra|re,られ,rare,ら|れ,ra|re,させ,sase,さ|せ,sa|se,させられ,saserare,さ|せ|ら|れ,sa|se|ra|re,ろ,ro,ろ,ro,よう,you,よ|う,yo|u,ra|sa|re|ro|yo,れ,re,れ,re,продолжать,,продолжать,продолжить,продолжаю,буду продолжать,продолжал(а),продолжил(а),продолжу,продолжу,продолжив,продолжай,продолжим,продолжать,продолжить,продолжить и затем…,agentive,Пассив: продолжать,contextual,grammar_label,заставить продолжить,быть вынужденным продолжить,1,1,0,1,1,1,1,1,1,1,1,1,1,разрешить продолжить
tsuru,釣る,つる,tsuru,ловить рыбу,N4,godan-ru,tsu,釣り,釣った,釣って,釣らない,釣れば,釣ったら,釣れる,,釣られる,釣らせる,釣らせられる,釣れ,釣るな,釣ろう,釣りたい,釣らなければ,釣らなきゃ,釣らなくちゃ,ловить рыбу,поймать рыбу,ловлю рыбу,буду ловить рыбу,ловил(а) рыбу,поймал(а) рыбу,поймаю рыбу,поймаю рыбу,поймав рыбу,лови,поймаем,Пассив: ловить рыбу,заставить поймать рыбу,быть вынужденным поймать рыбу,釣,釣,る,ru,る,ru,り,ri,ら,ra,れ,re,れ,re,って,tte,って,tte,った,tta,った,tta,れ,re,れ,re,られ,rare,ら|れ,ra|re,らせ,rase,ら|せ,ra|se,らせられ,raserare,ら|せ|ら|れ,ra|se|ra|re,れ,re,れ,re,ろう,rou,ろ|う,ro|u,ra|ri|re|ro,,,,,ловить рыбу,,ловить рыбу,поймать рыбу,ловлю рыбу,буду ловить рыбу,ловил(а) рыбу,поймал(а) рыбу,поймаю рыбу,поймаю рыбу,поймав рыбу,лови,поймаем,ловить рыбу,поймать рыбу,поймать рыбу и затем…,agentive,Пассив: ловить рыбу,contextual,grammar_label,заставить поймать рыбу,быть вынужденным поймать рыбу,1,1,0,1,1,1,1,1,1,1,1,1,1,разрешить поймать рыбу
tsureru,連れる,つれる,tsureru,брать с собой,N4,ichidan,tsure,連れ,連れた,連れて,連れない,連れれば,連れたら,連れられる,連れれる,連れられる,連れさせる,連れさせられる,連れろ,連れるな,連れよう,連れたい,連れなければ,連れなきゃ,連れなくちゃ,брать,взять,беру,буду брать,брал(а),взял(а),возьму,возьму,взяв,возьми,возьмём,Пассив: брать,заставить взять,быть вынужденным взять,連れ,連れ,る,ru,る,ru,,,,,れ,re,れ,re,て,te,て,te,た,ta,た,ta,られ,rare,ら|れ,ra|re,られ,rare,ら|れ,ra|re,させ,sase,さ|せ,sa|se,させられ,saserare,さ|せ|ら|れ,sa|se|ra|re,ろ,ro,ろ,ro,よう,you,よ|う,yo|u,ra|sa|re|ro|yo,れ,re,れ,re,брать с собой; вести,вести,брать / вести,взять / отвести,беру / веду,буду брать / вести,брал(а) / вёл(ла),взял(а) / отвёл(ла),возьму / отведу,возьму / отведу,взяв / отведя,возьми / отведи,возьмём / отведём,брать,взять,взять и затем…,agentive,Пассив: брать,contextual,grammar_label,заставить взять,быть вынужденным взять,1,1,0,1,1,1,1,1,1,1,1,1,1,разрешить взять
tetsudau,手伝う,てつだう,tetsudau,помогать,N4,godan-u,tetsuda,手伝い,手伝った,手伝って,手伝わない,手伝えば,手伝ったら,手伝える,,手伝われる,手伝わせる,手伝わせられる,手伝え,手伝うな,手伝おう,手伝いたい,手伝わなければ,手伝わなきゃ,手伝わなくちゃ,помогать,помочь,помогаю,буду помогать,помогал(а),помог(ла),помогу,помогу,помогая,помоги,поможем,мне помогают,заставить помочь,быть вынужденным помочь,手伝,手伝,う,u,う,u,い,i,わ,wa,え,e,え,e,って,tte,って,tte,った,tta,った,tta,え,e,え,e,われ,ware,わ|れ,wa|re,わせ,wase,わ|せ,wa|se,わせられ,waserare,わ|せ|ら|れ,wa|se|ra|re,え,e,え,e,おう,ou,お|う,o|u,wa|i|e|o,,,,,помогать,,помогать,помочь,помогаю,буду помогать,помогал(а),помог(ла),помогу,помогу,помогши,помоги,поможем,помогать,помочь,помочь и затем…,agentive,мне помогают,contextual,natural,заставить помочь,быть вынужденным помочь,1,1,0,1,1,1,1,1,1,1,1,1,1,разрешить помочь
tooru,通る,とおる,tooru,проходить,N4,godan-ru,too,通り,通った,通って,通らない,通れば,通ったら,通れる,,通られる,通らせる,通らせられる,通れ,通るな,通ろう,通りたい,通らなければ,通らなきゃ,通らなくちゃ,проходить,пройти,прохожу,буду проходить,проходил(а),прошёл / прошла,пройду,пройду,пройдя,пройди,пройдём,Пассив: проходить,заставить пройти,быть вынужденным пройти,通,通,る,ru,る,ru,り,ri,ら,ra,れ,re,れ,re,って,tte,って,tte,った,tta,った,tta,れ,re,れ,re,られ,rare,ら|れ,ra|re,らせ,rase,ら|せ,ra|se,らせられ,raserare,ら|せ|ら|れ,ra|se|ra|re,れ,re,れ,re,ろう,rou,ろ|う,ro|u,ra|ri|re|ro,,,,,проходить; проезжать,проезжать,проходить / проезжать,пройти / проехать,прохожу / проезжаю,буду проходить / проезжать,проходил(а) / проезжал(а),прошёл / прошла; проехал(а),пройду / проеду,пройду / проеду,пройдя / проехав,пройди / проезжай,пройдём / проедем,проходить,пройти,пройти и затем…,agentive,Пассив: проходить,contextual,grammar_label,заставить пройти,быть вынужденным пройти,1,1,0,1,1,1,1,1,1,1,1,1,1,разрешить пройти
todokeru,届ける,とどける,todokeru,доставлять,N4,ichidan,todoke,届け,届けた,届けて,届けない,届ければ,届けたら,届けられる,届けれる,届けられる,届けさせる,届けさせられる,届けろ,届けるな,届けよう,届けたい,届けなければ,届けなきゃ,届けなくちゃ,доставлять,доставить,доставляю,буду доставлять,доставлял(а),доставил(а),доставлю,доставлю,доставив,доставь,доставим,быть доставленным,заставить доставить,быть вынужденным доставить,届け,届け,る,ru,る,ru,,,,,れ,re,れ,re,て,te,て,te,た,ta,た,ta,られ,rare,ら|れ,ra|re,られ,rare,ら|れ,ra|re,させ,sase,さ|せ,sa|se,させられ,saserare,さ|せ|ら|れ,sa|se|ra|re,ろ,ro,ろ,ro,よう,you,よ|う,yo|u,ra|sa|re|ro|yo,れ,re,れ,re,доставлять; подавать,подавать,доставлять / подавать,доставить / подать,доставляю / подаю,буду доставлять / подавать,доставлял(а) / подавал(а),доставил(а) / подал(а),доставлю / подам,доставлю / подам,доставив / подав,доставь / подай,доставим / подадим,доставлять,доставить,доставить и затем…,agentive,быть доставленным,natural,natural,заставить доставить,быть вынужденным доставить,1,1,1,0,1,1,1,1,1,1,1,1,1,разрешить доставить
tomaru_2,泊まる,とまる,tomaru,останавливаться на ночлег,N4,godan-ru,toma,泊まり,泊まった,泊まって,泊まらない,泊まれば,泊まったら,泊まれる,,泊まられる,泊まらせる,泊まらせられる,泊まれ,泊まるな,泊まろう,泊まりたい,泊まらなければ,泊まらなきゃ,泊まらなくちゃ,останавливаться,остановиться,останавливаюсь,буду останавливаться,останавливался(ась),остановился(ась),остановлюсь,остановлюсь,остановившись,остановись,остановимся,Пассив: останавливаться,заставить остановиться,быть вынужденным остановиться,泊ま,泊ま,る,ru,る,ru,り,ri,ら,ra,れ,re,れ,re,って,tte,って,tte,った,tta,った,tta,れ,re,れ,re,られ,rare,ら|れ,ra|re,らせ,rase,ら|せ,ra|se,らせられ,raserare,ら|せ|ら|れ,ra|se|ra|re,れ,re,れ,re,ろう,rou,ろ|う,ro|u,ra|ri|re|ro,,,,,останавливаться на ночлег,,останавливаться,остановиться,останавливаюсь,буду останавливаться,останавливался(ась),остановился(ась),остановлюсь,остановлюсь,остановившись,остановись,остановимся,останавливаться,остановиться,остановиться и затем…,agentive,Пассив: останавливаться,contextual,grammar_label,заставить остановиться,быть вынужденным остановиться,1,1,0,1,1,1,1,1,1,1,1,1,1,разрешить остановиться
tomeru,止める,とめる,tomeru,останавливать,N4,ichidan,tome,止め,止めた,止めて,止めない,止めれば,止めたら,止められる,止めれる,止められる,止めさせる,止めさせられる,止めろ,止めるな,止めよう,止めたい,止めなければ,止めなきゃ,止めなくちゃ,останавливать,остановить,останавливаю,буду останавливать,останавливал(а),остановил(а),остановлю,остановлю,остановив,останови,остановим,Пассив: останавливать,заставить остановить,быть вынужденным остановить,止め,止め,る,ru,る,ru,,,,,れ,re,れ,re,て,te,て,te,た,ta,た,ta,られ,rare,ら|れ,ra|re,られ,rare,ら|れ,ra|re,させ,sase,さ|せ,sa|se,させられ,saserare,さ|せ|ら|れ,sa|se|ra|re,ろ,ro,ろ,ro,よう,you,よ|う,yo|u,ra|sa|re|ro|yo,れ,re,れ,re,останавливать,,останавливать,остановить,останавливаю,буду останавливать,останавливал(а),остановил(а),остановлю,остановлю,остановив,останови,остановим,останавливать,остановить,остановить и затем…,agentive,Пассив: останавливать,contextual,grammar_label,заставить остановить,быть вынужденным остановить,1,1,0,1,1,1,1,1,1,1,1,1,1,разрешить остановить
torikaeru,取り替える,とりかえる,torikaeru,заменять,N4,ichidan,torikae,取り替え,取り替えた,取り替えて,取り替えない,取り替えれば,取り替えたら,取り替えられる,取り替えれる,取り替えられる,取り替えさせる,取り替えさせられる,取り替えろ,取り替えるな,取り替えよう,取り替えたい,取り替えなければ,取り替えなきゃ,取り替えなくちゃ,заменять,заменить,заменяю,буду заменять,заменял(а),заменил(а),заменю,заменю,заменив,замени,заменим,Пассив: заменять,заставить заменить,быть вынужденным заменить,取り替え,取り替え,る,ru,る,ru,,,,,れ,re,れ,re,て,te,て,te,た,ta,た,ta,られ,rare,ら|れ,ra|re,られ,rare,ら|れ,ra|re,させ,sase,さ|せ,sa|se,させられ,saserare,さ|せ|ら|れ,sa|se|ra|re,ろ,ro,ろ,ro,よう,you,よ|う,yo|u,ra|sa|re|ro|yo,れ,re,れ,re,заменять; обменивать,обменивать,заменять / обменивать,заменить / обменять,заменяю / обмениваю,буду заменять / обменивать,заменял(а) / обменивал(а),заменил(а) / обменял(а),заменю / обменяю,заменю / обменяю,заменив / обменяв,замени / обменяй,заменим / обменяем,заменять,заменить,заменить и затем…,agentive,Пассив: заменять,contextual,grammar_label,заставить заменить,быть вынужденным заменить,1,1,0,1,1,1,1,1,1,1,1,1,1,разрешить заменить
naosu,直す,なおす,naosu,исправлять,N4,godan-su,naos,直し,直した,直して,直さない,直せば,直したら,直せる,,直される,直させる,直させられる,直せ,直すな,直そう,直したい,直さなければ,直さなきゃ,直さなくちゃ,исправлять,исправить,исправляю,буду исправлять,исправлял(а),исправил(а),исправлю,исправлю,исправив,исправь,исправим,быть исправленным,заставить исправить,быть вынужденным исправить,直,直,す,su,す,su,し,shi,さ,sa,せ,se,せ,se,して,shite,して,shite,した,shita,した,shita,せ,se,せ,se,され,sare,さ|れ,sa|re,させ,sase,さ|せ,sa|se,させられ,saserare,さ|せ|ら|れ,sa|se|ra|re,せ,se,せ,se,そう,sou,そ|う,so|u,sa|shi|se|so,,,,,"исправлять, чинить",чинить,исправлять / чинить,исправить / починить,исправляю / чиню,буду исправлять / чинить,исправлял(а) / чинил(а),исправил(а) / починил(а),исправлю / починю,исправлю / починю,исправив / починив,исправь / почини,исправим / починим,исправлять,исправить,исправить и затем…,agentive,быть исправленным,natural,natural,заставить исправить,быть вынужденным исправить,1,1,1,0,1,1,1,1,1,1,1,1,1,разрешить исправить
naoru_2,治る,なおる,naoru,выздоравливать,N4,godan-ru,nao,治り,治った,治って,治らない,治れば,治ったら,治れる,,治られる,治らせる,治らせられる,治れ,治るな,治ろう,治りたい,治らなければ,治らなきゃ,治らなくちゃ,выздоравливать,выздороветь,выздоравливаю,буду выздоравливать,выздоравливал(а),выздоровел(а),выздоровею,выздоровею,выздоровев,выздоравливай,выздоровеем,Пассив: выздоравливать,заставить выздороветь,быть вынужденным выздороветь,治,治,る,ru,る,ru,り,ri,ら,ra,れ,re,れ,re,って,tte,って,tte,った,tta,った,tta,れ,re,れ,re,られ,rare,ら|れ,ra|re,らせ,rase,ら|せ,ra|se,らせられ,raserare,ら|せ|ら|れ,ra|se|ra|re,れ,re,れ,re,ろう,rou,ろ|う,ro|u,ra|ri|re|ro,,,,,выздоравливать; исправляться,исправляться,выздоравливать / исправляться,выздороветь / исправиться,выздоравливаю / исправляюсь,буду выздоравливать / исправляться,выздоравливал(а) / исправлялся(ась),выздоровел(а) / исправился(ась),выздоровею / исправлюсь,выздоровею / исправлюсь,выздоровев / исправившись,выздоравливай,выздоровеем,выздоравливать,выздороветь,выздороветь и затем…,agentive,Пассив: выздоравливать,contextual,grammar_label,заставить выздороветь,быть вынужденным выздороветь,1,1,0,1,1,1,1,1,1,1,1,1,1,разрешить выздороветь
naoru,直る,なおる,naoru,исправляться,N4,godan-ru,nao,直り,直った,直って,直らない,直れば,直ったら,直れる,,直られる,直らせる,直らせられる,直れ,直るな,直ろう,直りたい,直らなければ,直らなきゃ,直らなくちゃ,исправляться,исправиться,исправляюсь,буду исправляться,исправлялся(ась),исправился(ась),исправлюсь,исправлюсь,исправившись,,,Пассив: исправляться,заставить исправиться,быть вынужденным исправиться,直,直,る,ru,る,ru,り,ri,ら,ra,れ,re,れ,re,って,tte,って,tte,った,tta,った,tta,れ,re,れ,re,られ,rare,ら|れ,ra|re,らせ,rase,ら|せ,ra|se,らせられ,raserare,ら|せ|ら|れ,ra|se|ra|re,れ,re,れ,re,ろう,rou,ろ|う,ro|u,ra|ri|re|ro,,,,,"исправляться, чиниться",чиниться,исправляться / чиниться,исправиться / починиться,исправляюсь / чинюсь,буду исправляться / чиниться,исправлялся(ась) / чинился(ась),исправился(ась) / починился(ась),исправлюсь / починюсь,исправлюсь / починюсь,исправившись / починившись,исправься,исправимся,исправляться,исправиться,исправиться и затем…,non_agentive,Пассив: исправляться,exclude,grammar_label,заставить исправиться,быть вынужденным исправиться,1,0,0,0,0,0,0,0,0,0,0,0,1,разрешить исправиться
naku_2,泣く,なく,naku,плакать,N4,godan-ku,nak,泣き,泣いた,泣いて,泣かない,泣けば,泣いたら,泣ける,,泣かれる,泣かせる,泣かせられる,泣け,泣くな,泣こう,泣きたい,泣かなければ,泣かなきゃ,泣かなくちゃ,плакать,поплакать,плачу,буду плакать,плакал(а),поплакал(а),поплачу,поплачу,поплакав,не плачь,не поплачем,Пассив: плакать,заставить поплакать,быть вынужденным поплакать,泣,泣,く,ku,く,ku,き,ki,か,ka,け,ke,け,ke,いて,ite,いて,ite,いた,ita,いた,ita,け,ke,け,ke,かれ,kare,か|れ,ka|re,かせ,kase,か|せ,ka|se,かせられ,kaserare,か|せ|ら|れ,ka|se|ra|re,け,ke,け,ke,こう,kou,こ|う,ko|u,ka|ki|ke|ko,,,,,плакать,,плакать,поплакать,плачу,буду плакать,плакал(а),поплакал(а),поплачу,поплачу,поплакав,не плачь,не поплачем,плакать,поплакать,поплакать и затем…,agentive,Пассив: плакать,contextual,grammar_label,заставить поплакать,быть вынужденным поплакать,1,1,0,1,1,1,1,1,1,1,1,1,1,разрешить поплакать
nakunaru_2,亡くなる,なくなる,nakunaru,умирать (вежливо),N4,godan-ru,nakuna,亡くなり,亡くなった,亡くなって,亡くならない,亡くなれば,亡くなったら,亡くなれる,,亡くなられる,亡くならせる,亡くならせられる,亡くなれ,亡くなるな,亡くなろう,亡くなりたい,亡くならなければ,亡くならなきゃ,亡くならなくちゃ,умирать,умереть,умирает,буду умирать,умирал(а),умер(ла),умрёт,умрёт,умерев,,,Пассив: умирать,заставить умереть,быть вынужденным умереть,亡くな,亡くな,る,ru,る,ru,り,ri,ら,ra,れ,re,れ,re,って,tte,って,tte,った,tta,った,tta,れ,re,れ,re,られ,rare,ら|れ,ra|re,らせ,rase,ら|せ,ra|se,らせられ,raserare,ら|せ|ら|れ,ra|se|ra|re,れ,re,れ,re,ろう,rou,ろ|う,ro|u,ra|ri|re|ro,,,,,умирать (вежливо),,умирать,умереть,умирает,буду умирать,умирал(а),умер(ла),умрёт,умрёт,умерев,—,—,умирать,умереть,умереть и затем…,non_agentive,Пассив: умирать,exclude,grammar_label,заставить умереть,быть вынужденным умереть,1,0,0,0,0,0,0,0,0,0,0,0,1,разрешить умереть
nakunaru,無くなる,なくなる,nakunaru,исчезать,N4,godan-ru,nakuna,無くなり,無くなった,無くなって,無くならない,無くなれば,無くなったら,無くなれる,,無くなられる,無くならせる,無くならせられる,無くなれ,無くなるな,無くなろう,無くなりたい,無くならなければ,無くならなきゃ,無くならなくちゃ,исчезать,исчезнуть,исчезает,буду исчезать,исчезало,исчезло,исчезнет,исчезнет,исчезнув,,,Пассив: исчезать,заставить исчезнуть,быть вынужденным исчезнуть,無くな,無くな,る,ru,る,ru,り,ri,ら,ra,れ,re,れ,re,って,tte,って,tte,った,tta,った,tta,れ,re,れ,re,られ,rare,ら|れ,ra|re,らせ,rase,ら|せ,ra|se,らせられ,raserare,ら|せ|ら|れ,ra|se|ra|re,れ,re,れ,re,ろう,rou,ろ|う,ro|u,ra|ri|re|ro,,,,,исчезать; заканчиваться,заканчиваться,исчезать / заканчиваться,исчезнуть / закончиться,исчезает / заканчивается,буду исчезать / заканчиваться,исчезало / заканчивалось,исчезло / закончилось,исчезнет / закончится,исчезнет / закончится,исчезнув / закончившись,—,—,исчезать,исчезнуть,исчезнуть и затем…,non_agentive,Пассив: исчезать,exclude,grammar_label,заставить исчезнуть,быть вынужденным исчезнуть,1,0,0,0,0,0,0,0,0,0,0,0,1,разрешить исчезнуть
nageru,投げる,なげる,nageru,бросать,N4,ichidan,nage,投げ,投げた,投げて,投げない,投げれば,投げたら,投げられる,投げれる,投げられる,投げさせる,投げさせられる,投げろ,投げるな,投げよう,投げたい,投げなければ,投げなきゃ,投げなくちゃ,бросать,бросить,бросаю,буду бросать,бросал(а),бросил(а),брошу,брошу,бросив,брось,бросим,Пассив: бросать,заставить бросить,быть вынужденным бросить,投げ,投げ,る,ru,る,ru,,,,,れ,re,れ,re,て,te,て,te,た,ta,た,ta,られ,rare,ら|れ,ra|re,られ,rare,ら|れ,ra|re,させ,sase,さ|せ,sa|se,させられ,saserare,さ|せ|ら|れ,sa|se|ra|re,ろ,ro,ろ,ro,よう,you,よ|う,yo|u,ra|sa|re|ro|yo,れ,re,れ,re,бросать,,бросать,бросить,бросаю,буду бросать,бросал(а),бросил(а),брошу,брошу,бросив,брось,бросим,бросать,бросить,бросить и затем…,agentive,Пассив: бросать,contextual,grammar_label,заставить бросить,быть вынужденным бросить,1,1,0,1,1,1,1,1,1,1,1,1,1,разрешить бросить
naru_2,鳴る,なる,naru,звучать,N4,godan-ru,na,鳴り,鳴った,鳴って,鳴らない,鳴れば,鳴ったら,鳴れる,,鳴られる,鳴らせる,鳴らせられる,鳴れ,鳴るな,鳴ろう,鳴りたい,鳴らなければ,鳴らなきゃ,鳴らなくちゃ,звучать,зазвучать,звучит,буду звучать,звучало,зазвучало,зазвучит,зазвучит,зазвучав,,,Пассив: звучать,заставить зазвучать,быть вынужденным зазвучать,鳴,鳴,る,ru,る,ru,り,ri,ら,ra,れ,re,れ,re,って,tte,って,tte,った,tta,った,tta,れ,re,れ,re,られ,rare,ら|れ,ra|re,らせ,rase,ら|せ,ra|se,らせられ,raserare,ら|せ|ら|れ,ra|se|ra|re,れ,re,れ,re,ろう,rou,ろ|う,ro|u,ra|ri|re|ro,,,,,звучать; звонить,звонить,звучать / звонить,зазвучать / зазвонить,звучит / звонит,буду звучать / звонить,звучало / звонило,зазвучало / зазвонило,зазвучит / зазвонит,зазвучит / зазвонит,зазвучав / зазвонив,—,—,звучать,зазвучать,зазвучать и затем…,non_agentive,Пассив: звучать,exclude,grammar_label,заставить зазвучать,быть вынужденным зазвучать,1,0,0,0,0,0,0,0,0,0,0,0,1,разрешить зазвучать
nareru,慣れる,なれる,nareru,привыкать,N4,ichidan,nare,慣れ,慣れた,慣れて,慣れない,慣れれば,慣れたら,慣れられる,慣れれる,慣れられる,慣れさせる,慣れさせられる,慣れろ,慣れるな,慣れよう,慣れたい,慣れなければ,慣れなきゃ,慣れなくちゃ,привыкать,привыкнуть,привыкаю,буду привыкать,привыкал(а),привык(ла),привыкну,привыкну,привыкнув,привыкай,привыкнем,Пассив: привыкать,заставить привыкнуть,быть вынужденным привыкнуть,慣れ,慣れ,る,ru,る,ru,,,,,れ,re,れ,re,て,te,て,te,た,ta,た,ta,られ,rare,ら|れ,ra|re,られ,rare,ら|れ,ra|re,させ,sase,さ|せ,sa|se,させられ,saserare,さ|せ|ら|れ,sa|se|ra|re,ろ,ro,ろ,ro,よう,you,よ|う,yo|u,ra|sa|re|ro|yo,れ,re,れ,re,привыкать,,привыкать,привыкнуть,привыкаю,буду привыкать,привыкал(а),привык(ла),привыкну,привыкну,привыкнув,привыкай,привыкнем,привыкать,привыкнуть,привыкнуть и затем…,agentive,Пассив: привыкать,contextual,grammar_label,заставить привыкнуть,быть вынужденным привыкнуть,1,1,0,1,1,1,1,1,1,1,1,1,1,разрешить привыкнуть
nigeru,逃げる,にげる,nigeru,убегать,N4,ichidan,nige,逃げ,逃げた,逃げて,逃げない,逃げれば,逃げたら,逃げられる,逃げれる,逃げられる,逃げさせる,逃げさせられる,逃げろ,逃げるな,逃げよう,逃げたい,逃げなければ,逃げなきゃ,逃げなくちゃ,убегать,убежать,убегаю,буду убегать,убегал(а),убежал(а),убегу,убегу,убежав,убегай,убежим,Пассив: убегать,заставить убежать,быть вынужденным убежать,逃げ,逃げ,る,ru,る,ru,,,,,れ,re,れ,re,て,te,て,te,た,ta,た,ta,られ,rare,ら|れ,ra|re,られ,rare,ら|れ,ra|re,させ,sase,さ|せ,sa|se,させられ,saserare,さ|せ|ら|れ,sa|se|ra|re,ろ,ro,ろ,ro,よう,you,よ|う,yo|u,ra|sa|re|ro|yo,れ,re,れ,re,убегать; спасаться,спасаться,убегать,убежать,убегаю,буду убегать,убегал(а),убежал(а),убегу,убегу,убежав,убегай,убежим,убегать,убежать,убежать и затем…,agentive,Пассив: убегать,contextual,grammar_label,заставить убежать,быть вынужденным убежать,1,1,0,1,1,1,1,1,1,1,1,1,1,разрешить убежать
niru,似る,にる,niru,быть похожим,N4,ichidan,ni,似,似た,似て,似ない,似れば,似たら,似られる,似れる,似られる,似させる,似させられる,似ろ,似るな,似よう,似たい,似なければ,似なきゃ,似なくちゃ,быть похожим,стать похожим,похож(а),буду быть похожим,был(а) похож(а),стал(а) похож(а),стану похож(а),стану похож(а),став похожим,,,Пассив: быть похожим,заставить стать похожим,быть вынужденным стать похожим,似,似,る,ru,る,ru,,,,,れ,re,れ,re,て,te,て,te,た,ta,た,ta,られ,rare,ら|れ,ra|re,られ,rare,ら|れ,ra|re,させ,sase,さ|せ,sa|se,させられ,saserare,さ|せ|ら|れ,sa|se|ra|re,ろ,ro,ろ,ro,よう,you,よ|う,yo|u,ra|sa|re|ro|yo,れ,re,れ,re,быть похожим,,быть похожим,стать похожим,похож(а),буду быть похожим,был(а) похож(а),стал(а) похож(а),стану похож(а),стану похож(а),став похожим,—,—,быть похожим,стать похожим,стать похожим и затем…,non_agentive,Пассив: быть похожим,exclude,grammar_label,заставить стать похожим,быть вынужденным стать похожим,1,0,0,0,0,0,0,0,0,0,0,0,1,разрешить стать похожим
nusumu,盗む,ぬすむ,nusumu,красть,N4,godan-mu,nusum,盗み,盗んだ,盗んで,盗まない,盗めば,盗んだら,盗める,,盗まれる,盗ませる,盗ませられる,盗め,盗むな,盗もう,盗みたい,盗まなければ,盗まなきゃ,盗まなくちゃ,красть,украсть,краду,буду красть,крал(а),украл(а),украду,украду,украв,укради,украдём,Пассив: красть,заставить украсть,быть вынужденным украсть,盗,盗,む,mu,む,mu,み,mi,ま,ma,め,me,め,me,んで,nで,んで,nで,んだ,nだ,んだ,nだ,め,me,め,me,まれ,mare,ま|れ,ma|re,ませ,mase,ま|せ,ma|se,ませられ,maserare,ま|せ|ら|れ,ma|se|ra|re,め,me,め,me,もう,mou,も|う,mo|u,ma|mi|me|mo,,,,,красть,,красть,украсть,краду,буду красть,крал(а),украл(а),украду,украду,украв,укради,украдём,красть,украсть,украсть и затем…,agentive,Пассив: красть,contextual,grammar_label,заставить украсть,быть вынужденным украсть,1,1,0,1,1,1,1,1,1,1,1,1,1,разрешить украсть
nuru,塗る,ぬる,nuru,красить,N4,godan-ru,nu,塗り,塗った,塗って,塗らない,塗れば,塗ったら,塗れる,,塗られる,塗らせる,塗らせられる,塗れ,塗るな,塗ろう,塗りたい,塗らなければ,塗らなきゃ,塗らなくちゃ,красить,покрасить,крашу,буду красить,красил(а),покрасил(а),покрашу,покрашу,покрасив,покрась,покрасим,быть покрашенным,заставить покрасить,быть вынужденным покрасить,塗,塗,る,ru,る,ru,り,ri,ら,ra,れ,re,れ,re,って,tte,って,tte,った,tta,った,tta,れ,re,れ,re,られ,rare,ら|れ,ra|re,らせ,rase,ら|せ,ra|se,らせられ,raserare,ら|せ|ら|れ,ra|se|ra|re,れ,re,れ,re,ろう,rou,ろ|う,ro|u,ra|ri|re|ro,,,,,красить; намазывать,намазывать,красить / намазывать,покрасить / намазать,крашу / намазываю,буду красить / намазывать,красил(а) / намазывал(а),покрасил(а) / намазал(а),покрашу / намажу,покрашу / намажу,покрасив / намазав,покрась / намажь,покрасим / намажем,красить,покрасить,покрасить и затем…,agentive,быть покрашенным,natural,natural,заставить покрасить,быть вынужденным покрасить,1,1,1,0,1,1,1,1,1,1,1,1,1,разрешить покрасить
nureru,濡れる,ぬれる,nureru,намокать,N4,ichidan,nure,濡れ,濡れた,濡れて,濡れない,濡れれば,濡れたら,濡れられる,濡れれる,濡れられる,濡れさせる,濡れさせられる,濡れろ,濡れるな,濡れよう,濡れたい,濡れなければ,濡れなきゃ,濡れなくちゃ,намокать,намокнуть,намокаю,буду намокать,намокал(а),намок(ла),намокну,намокну,намокнув,,,Пассив: намокать,заставить намокнуть,быть вынужденным намокнуть,濡れ,濡れ,る,ru,る,ru,,,,,れ,re,れ,re,て,te,て,te,た,ta,た,ta,られ,rare,ら|れ,ra|re,られ,rare,ら|れ,ra|re,させ,sase,さ|せ,sa|se,させられ,saserare,さ|せ|ら|れ,sa|se|ra|re,ろ,ro,ろ,ro,よう,you,よ|う,yo|u,ra|sa|re|ro|yo,れ,re,れ,re,намокать,,намокать,намокнуть,намокаю,буду намокать,намокал(а),намок(ла),намокну,намокну,намокнув,не намокни,не намокнем,намокать,намокнуть,намокнуть и затем…,non_agentive,Пассив: намокать,exclude,grammar_label,заставить намокнуть,быть вынужденным намокнуть,1,0,0,0,0,0,0,0,0,0,0,0,1,разрешить намокнуть
nemuru,眠る,ねむる,nemuru,спать,N4,godan-ru,nemu,眠り,眠った,眠って,眠らない,眠れば,眠ったら,眠れる,,眠られる,眠らせる,眠らせられる,眠れ,眠るな,眠ろう,眠りたい,眠らなければ,眠らなきゃ,眠らなくちゃ,спать,поспать,сплю,буду спать,спал(а),поспал(а),посплю,посплю,поспав,спи,поспим,Пассив: спать,заставить поспать,быть вынужденным поспать,眠,眠,る,ru,る,ru,り,ri,ら,ra,れ,re,れ,re,って,tte,って,tte,った,tta,った,tta,れ,re,れ,re,られ,rare,ら|れ,ra|re,らせ,rase,ら|せ,ra|se,らせられ,raserare,ら|せ|ら|れ,ra|se|ra|re,れ,re,れ,re,ろう,rou,ろ|う,ro|u,ra|ri|re|ro,,,,,спать,,спать,поспать,сплю,буду спать,спал(а),поспал(а),посплю,посплю,поспав,спи,поспим,спать,поспать,поспать и затем…,agentive,Пассив: спать,contextual,grammar_label,заставить поспать,быть вынужденным поспать,1,1,0,1,1,1,1,1,1,1,1,1,1,разрешить поспать
nokoru,残る,のこる,nokoru,оставаться,N4,godan-ru,noko,残り,残った,残って,残らない,残れば,残ったら,残れる,,残られる,残らせる,残らせられる,残れ,残るな,残ろう,残りたい,残らなければ,残らなきゃ,残らなくちゃ,оставаться,остаться,остаюсь,буду оставаться,оставался(ась),остался(ась),останусь,останусь,оставшись,останься,останемся,Пассив: оставаться,заставить остаться,быть вынужденным остаться,残,残,る,ru,る,ru,り,ri,ら,ra,れ,re,れ,re,って,tte,って,tte,った,tta,った,tta,れ,re,れ,re,られ,rare,ら|れ,ra|re,らせ,rase,ら|せ,ra|se,らせられ,raserare,ら|せ|ら|れ,ra|se|ra|re,れ,re,れ,re,ろう,rou,ろ|う,ro|u,ra|ri|re|ro,,,,,оставаться,,оставаться,остаться,остаюсь,буду оставаться,оставался(ась),остался(ась),останусь,останусь,оставшись,останься,останемся,оставаться,остаться,остаться и затем…,agentive,Пассив: оставаться,contextual,grammar_label,заставить остаться,быть вынужденным остаться,1,1,0,1,1,1,1,1,1,1,1,1,1,разрешить остаться
norikaeru,乗り換える,のりかえる,norikaeru,пересаживаться на другой транспорт,N4,ichidan,norikae,乗り換え,乗り換えた,乗り換えて,乗り換えない,乗り換えれば,乗り換えたら,乗り換えられる,乗り換えれる,乗り換えられる,乗り換えさせる,乗り換えさせられる,乗り換えろ,乗り換えるな,乗り換えよう,乗り換えたい,乗り換えなければ,乗り換えなきゃ,乗り換えなくちゃ,пересаживаться,пересесть,пересаживаюсь,буду пересаживаться,пересаживался(ась),пересел(а),пересяду,пересяду,пересев,пересядь,пересядем,Пассив: пересаживаться,заставить пересесть,быть вынужденным пересесть,乗り換え,乗り換え,る,ru,る,ru,,,,,れ,re,れ,re,て,te,て,te,た,ta,た,ta,られ,rare,ら|れ,ra|re,られ,rare,ら|れ,ra|re,させ,sase,さ|せ,sa|se,させられ,saserare,さ|せ|ら|れ,sa|se|ra|re,ろ,ro,ろ,ro,よう,you,よ|う,yo|u,ra|sa|re|ro|yo,れ,re,れ,re,пересаживаться на другой транспорт,,пересаживаться,пересесть,пересаживаюсь,буду пересаживаться,пересаживался(ась),пересел(а),пересяду,пересяду,пересев,пересядь,пересядем,пересаживаться,пересесть,пересесть и затем…,agentive,Пассив: пересаживаться,contextual,grammar_label,заставить пересесть,быть вынужденным пересесть,1,1,0,1,1,1,1,1,1,1,1,1,1,разрешить пересесть
hakobu,運ぶ,はこぶ,hakobu,переносить,N4,godan-bu,hakob,運び,運んだ,運んで,運ばない,運べば,運んだら,運べる,,運ばれる,運ばせる,運ばせられる,運べ,運ぶな,運ぼう,運びたい,運ばなければ,運ばなきゃ,運ばなくちゃ,переносить,перенести,переношу,буду переносить,переносил(а),перенёс(ла),перенесу,перенесу,перенеся,перенеси,перенесём,быть перенесённым,заставить перенести,быть вынужденным перенести,運,運,ぶ,bu,ぶ,bu,び,bi,ば,ba,べ,be,べ,be,んで,nで,んで,nで,んだ,nだ,んだ,nだ,べ,be,べ,be,ばれ,bare,ば|れ,ba|re,ばせ,base,ば|せ,ba|se,ばせられ,baserare,ば|せ|ら|れ,ba|se|ra|re,べ,be,べ,be,ぼう,bou,ぼ|う,bo|u,ba|bi|be|bo,,,,,"переносить, перевозить",перевозить,переносить / перевозить,перенести / перевезти,переношу / перевожу,буду переносить / перевозить,переносил(а) / перевозил(а),перенёс(ла) / перевёз(ла),перенесу / перевезу,перенесу / перевезу,перенеся / перевезя,перенеси / перевези,перенесём / перевезём,переносить,перенести,перенести и затем…,agentive,быть перенесённым,natural,natural,заставить перенести,быть вынужденным перенести,1,1,1,0,1,1,1,1,1,1,1,1,1,разрешить перенести
hajimeru,始める,はじめる,hajimeru,начинать,N4,ichidan,hajime,始め,始めた,始めて,始めない,始めれば,始めたら,始められる,始めれる,始められる,始めさせる,始めさせられる,始めろ,始めるな,始めよう,始めたい,始めなければ,始めなきゃ,始めなくちゃ,начинать,начать,начинаю,буду начинать,начинал(а),начал(а),начну,начну,начав,начни,начнём,Пассив: начинать,заставить начать,быть вынужденным начать,始め,始め,る,ru,る,ru,,,,,れ,re,れ,re,て,te,て,te,た,ta,た,ta,られ,rare,ら|れ,ra|re,られ,rare,ら|れ,ra|re,させ,sase,さ|せ,sa|se,させられ,saserare,さ|せ|ら|れ,sa|se|ra|re,ろ,ro,ろ,ro,よう,you,よ|う,yo|u,ra|sa|re|ro|yo,れ,re,れ,re,начинать,,начинать,начать,начинаю,буду начинать,начинал(а),начал(а),начну,начну,начав,начни,начнём,начинать,начать,начать и затем…,agentive,Пассив: начинать,contextual,grammar_label,заставить начать,быть вынужденным начать,1,1,0,1,1,1,1,1,1,1,1,1,1,разрешить начать
harau,払う,はらう,harau,платить,N4,godan-u,hara,払い,払った,払って,払わない,払えば,払ったら,払える,,払われる,払わせる,払わせられる,払え,払うな,払おう,払いたい,払わなければ,払わなきゃ,払わなくちゃ,платить,заплатить,плачу,буду платить,платил(а),заплатил(а),заплачу,заплачу,заплатив,заплати,заплатим,Пассив: платить,заставить заплатить,быть вынужденным заплатить,払,払,う,u,う,u,い,i,わ,wa,え,e,え,e,って,tte,って,tte,った,tta,った,tta,え,e,え,e,われ,ware,わ|れ,wa|re,わせ,wase,わ|せ,wa|se,わせられ,waserare,わ|せ|ら|れ,wa|se|ra|re,え,e,え,e,おう,ou,お|う,o|u,wa|i|e|o,,,,,платить,,платить,заплатить,плачу,буду платить,платил(а),заплатил(а),заплачу,заплачу,заплатив,заплати,заплатим,платить,заплатить,заплатить и затем…,agentive,Пассив: платить,contextual,grammar_label,заставить заплатить,быть вынужденным заплатить,1,1,0,1,1,1,1,1,1,1,1,1,1,разрешить заплатить
hieru,冷える,ひえる,hieru,остывать,N4,ichidan,hie,冷え,冷えた,冷えて,冷えない,冷えれば,冷えたら,冷えられる,冷えれる,冷えられる,冷えさせる,冷えさせられる,冷えろ,冷えるな,冷えよう,冷えたい,冷えなければ,冷えなきゃ,冷えなくちゃ,остывать,остыть,остывает,буду остывать,остывало,остыло,остынет,остынет,остыв,,,Пассив: остывать,заставить остыть,быть вынужденным остыть,冷え,冷え,る,ru,る,ru,,,,,れ,re,れ,re,て,te,て,te,た,ta,た,ta,られ,rare,ら|れ,ra|re,られ,rare,ら|れ,ra|re,させ,sase,さ|せ,sa|se,させられ,saserare,さ|せ|ら|れ,sa|se|ra|re,ろ,ro,ろ,ro,よう,you,よ|う,yo|u,ra|sa|re|ro|yo,れ,re,れ,re,остывать; охлаждаться,охлаждаться,остывать / охлаждаться,остыть / охладиться,остывает / охлаждается,буду остывать / охлаждаться,остывало / охлаждалось,остыло / охладилось,остынет / охладится,остынет / охладится,остыв / охладившись,—,—,остывать,остыть,остыть и затем…,non_agentive,Пассив: остывать,exclude,grammar_label,заставить остыть,быть вынужденным остыть,1,0,0,0,0,0,0,0,0,0,0,0,1,разрешить остыть
hikaru,光る,ひかる,hikaru,светиться,N4,godan-ru,hika,光り,光った,光って,光らない,光れば,光ったら,光れる,,光られる,光らせる,光らせられる,光れ,光るな,光ろう,光りたい,光らなければ,光らなきゃ,光らなくちゃ,светиться,засветиться,светится,буду светиться,светилось,засветилось,засветится,засветится,засветившись,,,Пассив: светиться,заставить засветиться,быть вынужденным засветиться,光,光,る,ru,る,ru,り,ri,ら,ra,れ,re,れ,re,って,tte,って,tte,った,tta,った,tta,れ,re,れ,re,られ,rare,ら|れ,ra|re,らせ,rase,ら|せ,ra|se,らせられ,raserare,ら|せ|ら|れ,ra|se|ra|re,れ,re,れ,re,ろう,rou,ろ|う,ro|u,ra|ri|re|ro,,,,,светиться; блестеть,блестеть,светиться / блестеть,засветиться / блеснуть,светится / блестит,буду светиться / блестеть,светилось / блестело,засветилось / блеснуло,засветится / блеснёт,засветится / блеснёт,засветившись / блеснув,—,—,светиться,засветиться,засветиться и затем…,non_agentive,Пассив: светиться,exclude,grammar_label,заставить засветиться,быть вынужденным засветиться,1,0,0,0,0,0,0,0,0,0,0,0,1,разрешить засветиться
hikkosu,引っ越す,ひっこす,hikkosu,переезжать,N4,godan-su,hikkos,引っ越し,引っ越した,引っ越して,引っ越さない,引っ越せば,引っ越したら,引っ越せる,,引っ越される,引っ越させる,引っ越させられる,引っ越せ,引っ越すな,引っ越そう,引っ越したい,引っ越さなければ,引っ越さなきゃ,引っ越さなくちゃ,переезжать,переехать,переезжаю,буду переезжать,переезжал(а),переехал(а),перееду,перееду,переехав,переезжай,переедем,Пассив: переезжать,заставить переехать,быть вынужденным переехать,引っ越,引っ越,す,su,す,su,し,shi,さ,sa,せ,se,せ,se,して,shite,して,shite,した,shita,した,shita,せ,se,せ,se,され,sare,さ|れ,sa|re,させ,sase,さ|せ,sa|se,させられ,saserare,さ|せ|ら|れ,sa|se|ra|re,せ,se,せ,se,そう,sou,そ|う,so|u,sa|shi|se|so,,,,,переезжать,,переезжать,переехать,переезжаю,буду переезжать,переезжал(а),переехал(а),перееду,перееду,переехав,переезжай,переедем,переезжать,переехать,переехать и затем…,agentive,Пассив: переезжать,contextual,grammar_label,заставить переехать,быть вынужденным переехать,1,1,0,1,1,1,1,1,1,1,1,1,1,разрешить переехать
hiraku,開く,ひらく,hiraku,открывать,N4,godan-ku,hirak,開き,開いた,開いて,開かない,開けば,開いたら,開ける,,開かれる,開かせる,開かせられる,開け,開くな,開こう,開きたい,開かなければ,開かなきゃ,開かなくちゃ,открывать,открыть,открываю,буду открывать,открывал(а),открыл(а),открою,открою,открыв,открой,откроем,Пассив: открывать,заставить открыть,быть вынужденным открыть,開,開,く,ku,く,ku,き,ki,か,ka,け,ke,け,ke,いて,ite,いて,ite,いた,ita,いた,ita,け,ke,け,ke,かれ,kare,か|れ,ka|re,かせ,kase,か|せ,ka|se,かせられ,kaserare,か|せ|ら|れ,ka|se|ra|re,け,ke,け,ke,こう,kou,こ|う,ko|u,ka|ki|ke|ko,,,,,открывать; проводить мероприятие,проводить мероприятие,открывать / проводить,открыть / провести,открываю / провожу,буду открывать / проводить,открывал(а) / проводил(а),открыл(а) / провёл(ла),открою / проведу,открою / проведу,открыв / проведя,открой / проведи,откроем / проведём,открывать,открыть,открыть и затем…,agentive,Пассив: открывать,contextual,grammar_label,заставить открыть,быть вынужденным открыть,1,1,0,1,1,1,1,1,1,1,1,1,1,разрешить открыть
hirou,拾う,ひろう,hirou,поднимать,N4,godan-u,hiro,拾い,拾った,拾って,拾わない,拾えば,拾ったら,拾える,,拾われる,拾わせる,拾わせられる,拾え,拾うな,拾おう,拾いたい,拾わなければ,拾わなきゃ,拾わなくちゃ,поднимать,поднять,поднимаю,буду поднимать,поднимал(а),поднял(а),подниму,подниму,подняв,подними,поднимем,быть подобранным,заставить поднять,быть вынужденным поднять,拾,拾,う,u,う,u,い,i,わ,wa,え,e,え,e,って,tte,って,tte,った,tta,った,tta,え,e,え,e,われ,ware,わ|れ,wa|re,わせ,wase,わ|せ,wa|se,わせられ,waserare,わ|せ|ら|れ,wa|se|ra|re,え,e,え,e,おう,ou,お|う,o|u,wa|i|e|o,,,,,поднимать; подбирать,подбирать,поднимать / подбирать,поднять / подобрать,поднимаю / подбираю,буду поднимать / подбирать,поднимал(а) / подбирал(а),поднял(а) / подобрал(а),подниму / подберу,подниму / подберу,подняв / подобрав,подними / подбери,поднимем / подберём,поднимать,поднять,поднять и затем…,agentive,быть подобранным,natural,natural,заставить поднять,быть вынужденным поднять,1,1,1,0,1,1,1,1,1,1,1,1,1,разрешить поднять
bikkurisuru,びっくりする,びっくりする,bikkurisuru,удивляться,N4,suru,bikkurisu,びっくりし,びっくりした,びっくりして,びっくりしない,びっくりすれば,びっくりしたら,びっくりできる,,びっくりされる,びっくりさせる,びっくりさせられる,びっくりしろ,びっくりするな,びっくりしよう,びっくりしたい,びっくりしなければ,びっくりしなきゃ,びっくりしなくちゃ,удивляться,удивиться,удивляюсь,буду удивляться,удивлялся(ась),удивился(ась),удивлюсь,удивлюсь,удивившись,не пугайся,не испугаемся,Пассив: удивляться,заставить удивиться,быть вынужденным удивиться,びっくり,びっくり,する,suru,す|る,su|ru,し,shi,し,shi,すれ,sure,す|れ,su|re,して,shite,し|て,shi|te,した,shita,し|た,shi|ta,でき,deki,でき,deki,され,sare,さ|れ,sa|re,させ,sase,さ|せ,sa|se,させられ,saserare,さ|せ|ら|れ,sa|se|ra|re,しろ,shiro,し|ろ,shi|ro,しよう,shiyou,し|よ|う,shi|yo|u,shi|su|deki|sa,,,,,удивляться; пугаться,пугаться,удивляться / пугаться,удивиться / испугаться,удивляюсь / пугаюсь,буду удивляться / пугаться,удивлялся(ась) / пугался(ась),удивился(ась) / испугался(ась),удивлюсь / испугаюсь,удивлюсь / испугаюсь,удивившись / испугавшись,не пугайся,не испугаемся,удивляться,удивиться,удивиться и затем…,agentive,Пассив: удивляться,contextual,grammar_label,заставить удивиться,быть вынужденным удивиться,1,1,0,1,1,1,1,1,1,1,1,1,1,разрешить удивиться
fueru,増える,ふえる,fueru,увеличиваться,N4,ichidan,fue,増え,増えた,増えて,増えない,増えれば,増えたら,増えられる,増えれる,増えられる,増えさせる,増えさせられる,増えろ,増えるな,増えよう,増えたい,増えなければ,増えなきゃ,増えなくちゃ,увеличиваться,увеличиться,увеличивается,буду увеличиваться,увеличивалось,увеличилось,увеличится,увеличится,увеличившись,,,Пассив: увеличиваться,заставить увеличиться,быть вынужденным увеличиться,増え,増え,る,ru,る,ru,,,,,れ,re,れ,re,て,te,て,te,た,ta,た,ta,られ,rare,ら|れ,ra|re,られ,rare,ら|れ,ra|re,させ,sase,さ|せ,sa|se,させられ,saserare,さ|せ|ら|れ,sa|se|ra|re,ろ,ro,ろ,ro,よう,you,よ|う,yo|u,ra|sa|re|ro|yo,れ,re,れ,re,увеличиваться,,увеличиваться,увеличиться,увеличивается,буду увеличиваться,увеличивалось,увеличилось,увеличится,увеличится,увеличившись,—,—,увеличиваться,увеличиться,увеличиться и затем…,non_agentive,Пассив: увеличиваться,exclude,grammar_label,заставить увеличиться,быть вынужденным увеличиться,1,0,0,0,0,0,0,0,0,0,0,0,1,разрешить увеличиться
futoru,太る,ふとる,futoru,толстеть,N4,godan-ru,futo,太り,太った,太って,太らない,太れば,太ったら,太れる,,太られる,太らせる,太らせられる,太れ,太るな,太ろう,太りたい,太らなければ,太らなきゃ,太らなくちゃ,толстеть,потолстеть,толстею,буду толстеть,толстел(а),потолстел(а),потолстею,потолстею,потолстев,,,Пассив: толстеть,заставить потолстеть,быть вынужденным потолстеть,太,太,る,ru,る,ru,り,ri,ら,ra,れ,re,れ,re,って,tte,って,tte,った,tta,った,tta,れ,re,れ,re,られ,rare,ら|れ,ra|re,らせ,rase,ら|せ,ra|se,らせられ,raserare,ら|せ|ら|れ,ra|se|ra|re,れ,re,れ,re,ろう,rou,ろ|う,ro|u,ra|ri|re|ro,,,,,толстеть; набирать вес,набирать вес,толстеть,потолстеть,толстею,буду толстеть,толстел(а),потолстел(а),потолстею,потолстею,потолстев,—,—,толстеть,потолстеть,потолстеть и затем…,non_agentive,Пассив: толстеть,contextual,grammar_label,заставить потолстеть,быть вынужденным потолстеть,1,1,0,1,0,0,0,0,1,0,0,0,1,разрешить потолстеть
fumu,踏む,ふむ,fumu,наступать,N4,godan-mu,fum,踏み,踏んだ,踏んで,踏まない,踏めば,踏んだら,踏める,,踏まれる,踏ませる,踏ませられる,踏め,踏むな,踏もう,踏みたい,踏まなければ,踏まなきゃ,踏まなくちゃ,наступать,наступить,наступаю,буду наступать,наступал(а),наступил(а),наступлю,наступлю,наступив,наступи,наступим,Пассив: наступать,заставить наступить,быть вынужденным наступить,踏,踏,む,mu,む,mu,み,mi,ま,ma,め,me,め,me,んで,nで,んで,nで,んだ,nだ,んだ,nだ,め,me,め,me,まれ,mare,ま|れ,ma|re,ませ,mase,ま|せ,ma|se,ませられ,maserare,ま|せ|ら|れ,ma|se|ra|re,め,me,め,me,もう,mou,も|う,mo|u,ma|mi|me|mo,,,,,наступать,,наступать,наступить,наступаю,буду наступать,наступал(а),наступил(а),наступлю,наступлю,наступив,наступи,наступим,наступать,наступить,наступить и затем…,agentive,Пассив: наступать,contextual,grammar_label,заставить наступить,быть вынужденным наступить,1,1,0,1,1,1,1,1,1,1,1,1,1,разрешить наступить
homeru,褒める,ほめる,homeru,хвалить,N4,ichidan,home,褒め,褒めた,褒めて,褒めない,褒めれば,褒めたら,褒められる,褒めれる,褒められる,褒めさせる,褒めさせられる,褒めろ,褒めるな,褒めよう,褒めたい,褒めなければ,褒めなきゃ,褒めなくちゃ,хвалить,похвалить,хвалю,буду хвалить,хвалил(а),похвалил(а),похвалю,похвалю,похвалив,похвали,похвалим,быть похваленным,заставить похвалить,быть вынужденным похвалить,褒め,褒め,る,ru,る,ru,,,,,れ,re,れ,re,て,te,て,te,た,ta,た,ta,られ,rare,ら|れ,ra|re,られ,rare,ら|れ,ra|re,させ,sase,さ|せ,sa|se,させられ,saserare,さ|せ|ら|れ,sa|se|ra|re,ろ,ro,ろ,ro,よう,you,よ|う,yo|u,ra|sa|re|ro|yo,れ,re,れ,re,хвалить,,хвалить,похвалить,хвалю,буду хвалить,хвалил(а),похвалил(а),похвалю,похвалю,похвалив,похвали,похвалим,хвалить,похвалить,похвалить и затем…,agentive,быть похваленным,natural,natural,заставить похвалить,быть вынужденным похвалить,1,1,1,0,1,1,1,1,1,1,1,1,1,разрешить похвалить
makeru,負ける,まける,makeru,проигрывать,N4,ichidan,make,負け,負けた,負けて,負けない,負ければ,負けたら,負けられる,負けれる,負けられる,負けさせる,負けさせられる,負けろ,負けるな,負けよう,負けたい,負けなければ,負けなきゃ,負けなくちゃ,проигрывать,проиграть,проигрываю,буду проигрывать,проигрывал(а),проиграл(а),проиграю,проиграю,проиграв,не проиграй,не проиграем,Пассив: проигрывать,заставить проиграть,быть вынужденным проиграть,負け,負け,る,ru,る,ru,,,,,れ,re,れ,re,て,te,て,te,た,ta,た,ta,られ,rare,ら|れ,ra|re,られ,rare,ら|れ,ra|re,させ,sase,さ|せ,sa|se,させられ,saserare,さ|せ|ら|れ,sa|se|ra|re,ろ,ro,ろ,ro,よう,you,よ|う,yo|u,ra|sa|re|ro|yo,れ,re,れ,re,проигрывать,,проигрывать,проиграть,проигрываю,буду проигрывать,проигрывал(а),проиграл(а),проиграю,проиграю,проиграв,не проиграй,не проиграем,проигрывать,проиграть,проиграть и затем…,agentive,Пассив: проигрывать,contextual,grammar_label,заставить проиграть,быть вынужденным проиграть,1,1,0,1,1,1,1,1,1,1,1,1,1,разрешить проиграть
machigaeru,間違える,まちがえる,machigaeru,ошибаться,N4,ichidan,machigae,間違え,間違えた,間違えて,間違えない,間違えれば,間違えたら,間違えられる,間違えれる,間違えられる,間違えさせる,間違えさせられる,間違えろ,間違えるな,間違えよう,間違えたい,間違えなければ,間違えなきゃ,間違えなくちゃ,ошибаться,ошибиться,ошибаюсь,буду ошибаться,ошибался(ась),ошибся(лась),ошибусь,ошибусь,ошибившись,не ошибись,не ошибёмся,Пассив: ошибаться,заставить ошибиться,быть вынужденным ошибиться,間違え,間違え,る,ru,る,ru,,,,,れ,re,れ,re,て,te,て,te,た,ta,た,ta,られ,rare,ら|れ,ra|re,られ,rare,ら|れ,ra|re,させ,sase,さ|せ,sa|se,させられ,saserare,さ|せ|ら|れ,sa|se|ra|re,ろ,ro,ろ,ro,よう,you,よ|う,yo|u,ra|sa|re|ro|yo,れ,re,れ,re,ошибаться,,ошибаться,ошибиться,ошибаюсь,буду ошибаться,ошибался(ась),ошибся(лась),ошибусь,ошибусь,ошибившись,не ошибись,не ошибёмся,ошибаться,ошибиться,ошибиться и затем…,agentive,Пассив: ошибаться,contextual,grammar_label,заставить ошибиться,быть вынужденным ошибиться,1,1,0,1,1,1,1,1,1,1,1,1,1,разрешить ошибиться
maniau,間に合う,まにあう,maniau,успевать вовремя,N4,godan-u,mania,間に合い,間に合った,間に合って,間に合わない,間に合えば,間に合ったら,間に合える,,間に合われる,間に合わせる,間に合わせられる,間に合え,間に合うな,間に合おう,間に合いたい,間に合わなければ,間に合わなきゃ,間に合わなくちゃ,успевать,успеть,успеваю,буду успевать,успевал(а),успел(а),успею,успею,успев,успей,успеем,Пассив: успевать,заставить успеть,быть вынужденным успеть,間に合,間に合,う,u,う,u,い,i,わ,wa,え,e,え,e,って,tte,って,tte,った,tta,った,tta,え,e,え,e,われ,ware,わ|れ,wa|re,わせ,wase,わ|せ,wa|se,わせられ,waserare,わ|せ|ら|れ,wa|se|ra|re,え,e,え,e,おう,ou,お|う,o|u,wa|i|e|o,,,,,успевать вовремя,,успевать,успеть,успеваю,буду успевать,успевал(а),успел(а),успею,успею,успев,успей,успеем,успевать,успеть,успеть и затем…,agentive,Пассив: успевать,contextual,grammar_label,заставить успеть,быть вынужденным успеть,1,1,0,1,1,1,1,1,1,1,1,1,1,разрешить успеть
mawasu,回す,まわす,mawasu,вращать,N4,godan-su,mawas,回し,回した,回して,回さない,回せば,回したら,回せる,,回される,回させる,回させられる,回せ,回すな,回そう,回したい,回さなければ,回さなきゃ,回さなくちゃ,вращать,повернуть,вращаю,буду вращать,вращал(а),повернул(а),поверну,поверну,повернув,поверни,повернём,Пассив: вращать,заставить повернуть,быть вынужденным повернуть,回,回,す,su,す,su,し,shi,さ,sa,せ,se,せ,se,して,shite,して,shite,した,shita,した,shita,せ,se,せ,se,され,sare,さ|れ,sa|re,させ,sase,さ|せ,sa|se,させられ,saserare,さ|せ|ら|れ,sa|se|ra|re,せ,se,せ,se,そう,sou,そ|う,so|u,sa|shi|se|so,,,,,вращать; передавать по кругу,передавать по кругу,вращать / передавать,повернуть / передать,вращаю / передаю,буду вращать / передавать,вращал(а) / передавал(а),повернул(а) / передал(а),поверну / передам,поверну / передам,повернув / передав,поверни / передай,повернём / передадим,вращать,повернуть,повернуть и затем…,agentive,Пассив: вращать,contextual,grammar_label,заставить повернуть,быть вынужденным повернуть,1,1,0,1,1,1,1,1,1,1,1,1,1,разрешить повернуть
mawaru,回る,まわる,mawaru,вращаться,N4,godan-ru,mawa,回り,回った,回って,回らない,回れば,回ったら,回れる,,回られる,回らせる,回らせられる,回れ,回るな,回ろう,回りたい,回らなければ,回らなきゃ,回らなくちゃ,вращаться,повернуться,вращаюсь,буду вращаться,вращался(ась),повернулся(лась),повернусь,повернусь,повернувшись,повернись,повернёмся,Пассив: вращаться,заставить повернуться,быть вынужденным повернуться,回,回,る,ru,る,ru,り,ri,ら,ra,れ,re,れ,re,って,tte,って,tte,った,tta,った,tta,れ,re,れ,re,られ,rare,ら|れ,ra|re,らせ,rase,ら|せ,ra|se,らせられ,raserare,ら|せ|ら|れ,ra|se|ra|re,れ,re,れ,re,ろう,rou,ろ|う,ro|u,ra|ri|re|ro,,,,,вращаться; обходить,обходить,вращаться / обходить,повернуться / обойти,вращаюсь / обхожу,буду вращаться / обходить,вращался(ась) / обходил(а),повернулся(лась) / обошёл(ла),повернусь / обойду,повернусь / обойду,повернувшись / обойдя,повернись / обойди,повернёмся / обойдём,вращаться,повернуться,повернуться и затем…,agentive,Пассив: вращаться,contextual,grammar_label,заставить повернуться,быть вынужденным повернуться,1,1,0,1,1,1,1,1,1,1,1,1,1,разрешить повернуться
mieru,見える,みえる,mieru,быть видимым,N4,ichidan,mie,見え,見えた,見えて,見えない,見えれば,見えたら,見えられる,見えれる,見えられる,見えさせる,見えさせられる,見えろ,見えるな,見えよう,見えたい,見えなければ,見えなきゃ,見えなくちゃ,быть видимым,показаться,видно,буду быть видимым,было видно,показалось,покажется,покажется,показавшись,,,Пассив: быть видимым,заставить показаться,быть вынужденным показаться,見え,見え,る,ru,る,ru,,,,,れ,re,れ,re,て,te,て,te,た,ta,た,ta,られ,rare,ら|れ,ra|re,られ,rare,ら|れ,ra|re,させ,sase,さ|せ,sa|se,させられ,saserare,さ|せ|ら|れ,sa|se|ra|re,ろ,ro,ろ,ro,よう,you,よ|う,yo|u,ra|sa|re|ro|yo,れ,re,れ,re,быть видимым; казаться,казаться,быть видимым / казаться,показаться,видно / кажется,буду быть видимым / казаться,было видно / казалось,показалось,покажется,покажется,показавшись,—,—,быть видимым,показаться,показаться и затем…,non_agentive,Пассив: быть видимым,exclude,grammar_label,заставить показаться,быть вынужденным показаться,1,0,0,0,0,0,0,0,0,0,0,0,1,разрешить показаться
mitsukaru,見つかる,みつかる,mitsukaru,находиться,N4,godan-ru,mitsuka,見つかり,見つかった,見つかって,見つからない,見つかれば,見つかったら,見つかれる,,見つかられる,見つからせる,見つからせられる,見つかれ,見つかるな,見つかろう,見つかりたい,見つからなければ,見つからなきゃ,見つからなくちゃ,находиться,найтись,нахожусь,буду находиться,находился(ась),нашёлся / нашлась,найдусь,найдусь,найдясь,,,Пассив: находиться,заставить найтись,быть вынужденным найтись,見つか,見つか,る,ru,る,ru,り,ri,ら,ra,れ,re,れ,re,って,tte,って,tte,った,tta,った,tta,れ,re,れ,re,られ,rare,ら|れ,ra|re,らせ,rase,ら|せ,ra|se,らせられ,raserare,ら|せ|ら|れ,ra|se|ra|re,れ,re,れ,re,ろう,rou,ろ|う,ro|u,ra|ri|re|ro,,,,,"находиться, обнаруживаться",обнаруживаться,находиться / обнаруживаться,найтись / обнаружиться,нахожусь / обнаруживаюсь,буду находиться / обнаруживаться,находился(ась) / обнаруживался(ась),нашёлся / нашлась,найдусь,найдусь,найдясь,—,—,находиться,найтись,найтись и затем…,non_agentive,Пассив: находиться,exclude,grammar_label,заставить найтись,быть вынужденным найтись,1,0,0,0,0,0,0,0,0,0,0,0,1,разрешить найтись
mitsukeru,見つける,みつける,mitsukeru,находить,N4,ichidan,mitsuke,見つけ,見つけた,見つけて,見つけない,見つければ,見つけたら,見つけられる,見つけれる,見つけられる,見つけさせる,見つけさせられる,見つけろ,見つけるな,見つけよう,見つけたい,見つけなければ,見つけなきゃ,見つけなくちゃ,искать,найти,нахожу,буду искать,искал(а),нашёл / нашла,найду,найду,найдя,найди,найдём,Пассив: искать,заставить найти,быть вынужденным найти,見つけ,見つけ,る,ru,る,ru,,,,,れ,re,れ,re,て,te,て,te,た,ta,た,ta,られ,rare,ら|れ,ra|re,られ,rare,ら|れ,ra|re,させ,sase,さ|せ,sa|se,させられ,saserare,さ|せ|ら|れ,sa|se|ra|re,ろ,ro,ろ,ro,よう,you,よ|う,yo|u,ra|sa|re|ro|yo,れ,re,れ,re,находить,,искать / находить,найти,нахожу,буду искать / находить,искал(а) / находил(а),нашёл / нашла,найду,найду,найдя,найди,найдём,искать,найти,найти и затем…,agentive,Пассив: искать,contextual,grammar_label,заставить найти,быть вынужденным найти,1,1,0,1,1,1,1,1,1,1,1,1,1,разрешить найти
mukau,向かう,むかう,mukau,направляться,N4,godan-u,muka,向かい,向かった,向かって,向かわない,向かえば,向かったら,向かえる,,向かわれる,向かわせる,向かわせられる,向かえ,向かうな,向かおう,向かいたい,向かわなければ,向かわなきゃ,向かわなくちゃ,направляться,направиться,направляюсь,буду направляться,направлялся(ась),направился(ась),направлюсь,направлюсь,направившись,направляйся,направимся,Пассив: направляться,заставить направиться,быть вынужденным направиться,向か,向か,う,u,う,u,い,i,わ,wa,え,e,え,e,って,tte,って,tte,った,tta,った,tta,え,e,え,e,われ,ware,わ|れ,wa|re,わせ,wase,わ|せ,wa|se,わせられ,waserare,わ|せ|ら|れ,wa|se|ra|re,え,e,え,e,おう,ou,お|う,o|u,wa|i|e|o,,,,,направляться,,направляться,направиться,направляюсь,буду направляться,направлялся(ась),направился(ась),направлюсь,направлюсь,направившись,направляйся,направимся,направляться,направиться,направиться и затем…,agentive,Пассив: направляться,contextual,grammar_label,заставить направиться,быть вынужденным направиться,1,1,0,1,1,1,1,1,1,1,1,1,1,разрешить направиться
mukaeru,迎える,むかえる,mukaeru,встречать,N4,ichidan,mukae,迎え,迎えた,迎えて,迎えない,迎えれば,迎えたら,迎えられる,迎えれる,迎えられる,迎えさせる,迎えさせられる,迎えろ,迎えるな,迎えよう,迎えたい,迎えなければ,迎えなきゃ,迎えなくちゃ,встречать,встретить,встречаю,буду встречать,встречал(а),встретил(а),встречу,встречу,встретив,встреть,встретим,Пассив: встречать,заставить встретить,быть вынужденным встретить,迎え,迎え,る,ru,る,ru,,,,,れ,re,れ,re,て,te,て,te,た,ta,た,ta,られ,rare,ら|れ,ra|re,られ,rare,ら|れ,ra|re,させ,sase,さ|せ,sa|se,させられ,saserare,さ|せ|ら|れ,sa|se|ra|re,ろ,ro,ろ,ro,よう,you,よ|う,yo|u,ra|sa|re|ro|yo,れ,re,れ,re,встречать; приветствовать,приветствовать,встречать,встретить,встречаю,буду встречать,встречал(а),встретил(а),встречу,встречу,встретив,встреть,встретим,встречать,встретить,встретить и затем…,agentive,Пассив: встречать,contextual,grammar_label,заставить встретить,быть вынужденным встретить,1,1,0,1,1,1,1,1,1,1,1,1,1,разрешить встретить
morau,もらう,もらう,morau,получать,N4,godan-u,mora,もらい,もらった,もらって,もらわない,もらえば,もらったら,もらえる,,もらわれる,もらわせる,もらわせられる,もらえ,もらうな,もらおう,もらいたい,もらわなければ,もらわなきゃ,もらわなくちゃ,получать,получить,получаю,буду получать,получал(а),получил(а),получу,получу,получив,получи,получим,Пассив: получать,заставить получить,быть вынужденным получить,もら,もら,う,u,う,u,い,i,わ,wa,え,e,え,e,って,tte,って,tte,った,tta,った,tta,え,e,え,e,われ,ware,わ|れ,wa|re,わせ,wase,わ|せ,wa|se,わせられ,waserare,わ|せ|ら|れ,wa|se|ra|re,え,e,え,e,おう,ou,お|う,o|u,wa|i|e|o,,,,,получать,,получать,получить,получаю,буду получать,получал(а),получил(а),получу,получу,получив,получи,получим,получать,получить,получить и затем…,agentive,Пассив: получать,contextual,grammar_label,заставить получить,быть вынужденным получить,1,1,0,1,1,1,1,1,1,1,1,1,1,разрешить получить
yaku,焼く,やく,yaku,жарить,N4,godan-ku,yak,焼き,焼いた,焼いて,焼かない,焼けば,焼いたら,焼ける,,焼かれる,焼かせる,焼かせられる,焼け,焼くな,焼こう,焼きたい,焼かなければ,焼かなきゃ,焼かなくちゃ,жарить,пожарить,жарю,буду жарить,жарил(а),пожарил(а),пожарю,пожарю,пожарив,пожарь,пожарим,Пассив: жарить,заставить пожарить,быть вынужденным пожарить,焼,焼,く,ku,く,ku,き,ki,か,ka,け,ke,け,ke,いて,ite,いて,ite,いた,ita,いた,ita,け,ke,け,ke,かれ,kare,か|れ,ka|re,かせ,kase,か|せ,ka|se,かせられ,kaserare,か|せ|ら|れ,ka|se|ra|re,け,ke,け,ke,こう,kou,こ|う,ko|u,ka|ki|ke|ko,,,,,жарить; печь,печь,жарить / печь,пожарить / испечь,жарю / пеку,буду жарить / печь,жарил(а) / пёк(ла),пожарил(а) / испёк(ла),пожарю / испеку,пожарю / испеку,пожарив / испекши,пожарь / испеки,пожарим / испечём,жарить,пожарить,пожарить и затем…,agentive,Пассив: жарить,contextual,grammar_label,заставить пожарить,быть вынужденным пожарить,1,1,0,1,1,1,1,1,1,1,1,1,1,разрешить пожарить
yakunitatsu,役に立つ,やくにたつ,yakunitatsu,быть полезным,N4,godan-tsu,yakunitats,役に立ち,役に立った,役に立って,役に立たない,役に立てば,役に立ったら,役に立てる,,役に立たれる,役に立たせる,役に立たせられる,役に立て,役に立つな,役に立とう,役に立ちたい,役に立たなければ,役に立たなきゃ,役に立たなくちゃ,быть полезным,пригодиться,полезен,буду быть полезным,был(а) полезен(на),пригодился(ась),пригодится,пригодится,пригодившись,,,Пассив: быть полезным,заставить пригодиться,быть вынужденным пригодиться,役に立,役に立,つ,tsu,つ,tsu,ち,chi,た,ta,て,te,て,te,って,tte,って,tte,った,tta,った,tta,て,te,て,te,たれ,tare,た|れ,ta|re,たせ,tase,た|せ,ta|se,たせられ,taserare,た|せ|ら|れ,ta|se|ra|re,て,te,て,te,とう,tou,と|う,to|u,ta|chi|te|to,,,,,быть полезным,,быть полезным,пригодиться,полезен / полезна,буду быть полезным,был(а) полезен(на),пригодился(ась),пригодится,пригодится,пригодившись,—,—,быть полезным,пригодиться,пригодиться и затем…,agentive,Пассив: быть полезным,contextual,grammar_label,заставить пригодиться,быть вынужденным пригодиться,1,0,0,1,1,1,0,0,1,1,1,1,1,разрешить пригодиться
yakeru,焼ける,やける,yakeru,жариться,N4,ichidan,yake,焼け,焼けた,焼けて,焼けない,焼ければ,焼けたら,焼けられる,焼けれる,焼けられる,焼けさせる,焼けさせられる,焼けろ,焼けるな,焼けよう,焼けたい,焼けなければ,焼けなきゃ,焼けなくちゃ,жариться,поджариться,жарится,буду жариться,жарилось,поджарилось,поджарится,поджарится,поджарившись,,,Пассив: жариться,заставить поджариться,быть вынужденным поджариться,焼け,焼け,る,ru,る,ru,,,,,れ,re,れ,re,て,te,て,te,た,ta,た,ta,られ,rare,ら|れ,ra|re,られ,rare,ら|れ,ra|re,させ,sase,さ|せ,sa|se,させられ,saserare,さ|せ|ら|れ,sa|se|ra|re,ろ,ro,ろ,ro,よう,you,よ|う,yo|u,ra|sa|re|ro|yo,れ,re,れ,re,жариться; запекаться,запекаться,жариться / запекаться,поджариться / запечься,жарится / запекается,буду жариться / запекаться,жарилось / запекалось,поджарилось / запеклось,поджарится / запечётся,поджарится / запечётся,поджарившись / запёкшись,—,—,жариться,поджариться,поджариться и затем…,non_agentive,Пассив: жариться,exclude,grammar_label,заставить поджариться,быть вынужденным поджариться,1,0,0,0,0,0,0,0,0,0,0,0,1,разрешить поджариться
yaseru,痩せる,やせる,yaseru,худеть,N4,ichidan,yase,痩せ,痩せた,痩せて,痩せない,痩せれば,痩せたら,痩せられる,痩せれる,痩せられる,痩せさせる,痩せさせられる,痩せろ,痩せるな,痩せよう,痩せたい,痩せなければ,痩せなきゃ,痩せなくちゃ,худеть,похудеть,худею,буду худеть,худел(а),похудел(а),похудею,похудею,похудев,похудей,похудеем,Пассив: худеть,заставить похудеть,быть вынужденным похудеть,痩せ,痩せ,る,ru,る,ru,,,,,れ,re,れ,re,て,te,て,te,た,ta,た,ta,られ,rare,ら|れ,ra|re,られ,rare,ら|れ,ra|re,させ,sase,さ|せ,sa|se,させられ,saserare,さ|せ|ら|れ,sa|se|ra|re,ろ,ro,ろ,ro,よう,you,よ|う,yo|u,ra|sa|re|ro|yo,れ,re,れ,re,худеть,,худеть,похудеть,худею,буду худеть,худел(а),похудел(а),похудею,похудею,похудев,похудей,похудеем,худеть,похудеть,похудеть и затем…,agentive,Пассив: худеть,contextual,grammar_label,заставить похудеть,быть вынужденным похудеть,1,1,0,1,1,1,1,1,1,1,1,1,1,разрешить похудеть
yamu,止む,やむ,yamu,прекращаться,N4,godan-mu,yam,止み,止んだ,止んで,止まない,止めば,止んだら,止める,,止まれる,止ませる,止ませられる,止め,止むな,止もう,止みたい,止まなければ,止まなきゃ,止まなくちゃ,прекращаться,прекратиться,прекращается,буду прекращаться,прекращалось,прекратилось,прекратится,прекратится,прекратившись,,,Пассив: прекращаться,заставить прекратиться,быть вынужденным прекратиться,止,止,む,mu,む,mu,み,mi,ま,ma,め,me,め,me,んで,nで,んで,nで,んだ,nだ,んだ,nだ,め,me,め,me,まれ,mare,ま|れ,ma|re,ませ,mase,ま|せ,ma|se,ませられ,maserare,ま|せ|ら|れ,ma|se|ra|re,め,me,め,me,もう,mou,も|う,mo|u,ma|mi|me|mo,,,,,прекращаться,,прекращаться,прекратиться,прекращается,буду прекращаться,прекращалось,прекратилось,прекратится,прекратится,прекратившись,—,—,прекращаться,прекратиться,прекратиться и затем…,non_agentive,Пассив: прекращаться,exclude,grammar_label,заставить прекратиться,быть вынужденным прекратиться,1,0,0,0,0,0,0,0,0,0,0,0,1,разрешить прекратиться
yameru,止める,やめる,yameru,прекращать,N4,ichidan,yame,止め,止めた,止めて,止めない,止めれば,止めたら,止められる,止めれる,止められる,止めさせる,止めさせられる,止めろ,止めるな,止めよう,止めたい,止めなければ,止めなきゃ,止めなくちゃ,прекращать,прекратить,прекращаю,буду прекращать,прекращал(а),прекратил(а),прекращу,прекращу,прекратив,прекрати,прекратим,Пассив: прекращать,заставить прекратить,быть вынужденным прекратить,止め,止め,る,ru,る,ru,,,,,れ,re,れ,re,て,te,て,te,た,ta,た,ta,られ,rare,ら|れ,ra|re,られ,rare,ら|れ,ra|re,させ,sase,さ|せ,sa|se,させられ,saserare,さ|せ|ら|れ,sa|se|ra|re,ろ,ro,ろ,ro,よう,you,よ|う,yo|u,ra|sa|re|ro|yo,れ,re,れ,re,прекращать; бросать,бросать,прекращать / бросать,прекратить / бросить,прекращаю / бросаю,буду прекращать / бросать,прекращал(а) / бросал(а),прекратил(а) / бросил(а),прекращу / брошу,прекращу / брошу,прекратив / бросив,прекрати / брось,прекратим / бросим,прекращать,прекратить,прекратить и затем…,agentive,Пассив: прекращать,contextual,grammar_label,заставить прекратить,быть вынужденным прекратить,1,1,0,1,1,1,1,1,1,1,1,1,1,разрешить прекратить
yureru,揺れる,ゆれる,yureru,качаться,N4,ichidan,yure,揺れ,揺れた,揺れて,揺れない,揺れれば,揺れたら,揺れられる,揺れれる,揺れられる,揺れさせる,揺れさせられる,揺れろ,揺れるな,揺れよう,揺れたい,揺れなければ,揺れなきゃ,揺れなくちゃ,качаться,качнуться,качается,буду качаться,качалось,качнулось,качнётся,качнётся,качнувшись,,,Пассив: качаться,заставить качнуться,быть вынужденным качнуться,揺れ,揺れ,る,ru,る,ru,,,,,れ,re,れ,re,て,te,て,te,た,ta,た,ta,られ,rare,ら|れ,ra|re,られ,rare,ら|れ,ra|re,させ,sase,さ|せ,sa|se,させられ,saserare,さ|せ|ら|れ,sa|se|ra|re,ろ,ro,ろ,ro,よう,you,よ|う,yo|u,ra|sa|re|ro|yo,れ,re,れ,re,качаться; трястись,трястись,качаться / трястись,качнуться / тряхнуться,качается / трясётся,буду качаться / трястись,качалось / тряслось,качнулось / тряхнулось,качнётся / тряхнётся,качнётся / тряхнётся,качнувшись / тряхнувшись,—,—,качаться,качнуться,качнуться и затем…,non_agentive,Пассив: качаться,contextual,grammar_label,заставить качнуться,быть вынужденным качнуться,1,1,0,1,0,0,0,0,1,0,0,0,1,разрешить качнуться
yogoreru,汚れる,よごれる,yogoreru,пачкаться,N4,ichidan,yogore,汚れ,汚れた,汚れて,汚れない,汚れれば,汚れたら,汚れられる,汚れれる,汚れられる,汚れさせる,汚れさせられる,汚れろ,汚れるな,汚れよう,汚れたい,汚れなければ,汚れなきゃ,汚れなくちゃ,пачкаться,испачкаться,пачкаюсь,буду пачкаться,пачкался(ась),испачкался(ась),испачкаюсь,испачкаюсь,испачкавшись,,,Пассив: пачкаться,заставить испачкаться,быть вынужденным испачкаться,汚れ,汚れ,る,ru,る,ru,,,,,れ,re,れ,re,て,te,て,te,た,ta,た,ta,られ,rare,ら|れ,ra|re,られ,rare,ら|れ,ra|re,させ,sase,さ|せ,sa|se,させられ,saserare,さ|せ|ら|れ,sa|se|ra|re,ろ,ro,ろ,ro,よう,you,よ|う,yo|u,ra|sa|re|ro|yo,れ,re,れ,re,пачкаться,,пачкаться,испачкаться,пачкаюсь,буду пачкаться,пачкался(ась),испачкался(ась),испачкаюсь,испачкаюсь,испачкавшись,не пачкайся,не испачкаемся,пачкаться,испачкаться,испачкаться и затем…,non_agentive,Пассив: пачкаться,exclude,grammar_label,заставить испачкаться,быть вынужденным испачкаться,1,0,0,0,0,0,0,0,0,0,0,0,1,разрешить испачкаться
yoru,寄る,よる,yoru,заходить по пути,N4,godan-ru,yo,寄り,寄った,寄って,寄らない,寄れば,寄ったら,寄れる,,寄られる,寄らせる,寄らせられる,寄れ,寄るな,寄ろう,寄りたい,寄らなければ,寄らなきゃ,寄らなくちゃ,заходить,зайти,захожу,буду заходить,заходил(а),зашёл / зашла,зайду,зайду,зайдя,зайди,зайдём,Пассив: заходить,заставить зайти,быть вынужденным зайти,寄,寄,る,ru,る,ru,り,ri,ら,ra,れ,re,れ,re,って,tte,って,tte,った,tta,った,tta,れ,re,れ,re,られ,rare,ら|れ,ra|re,らせ,rase,ら|せ,ra|se,らせられ,raserare,ら|せ|ら|れ,ra|se|ra|re,れ,re,れ,re,ろう,rou,ろ|う,ro|u,ra|ri|re|ro,,,,,заходить по пути; приближаться,приближаться,заходить / приближаться,зайти / приблизиться,захожу / приближаюсь,буду заходить / приближаться,заходил(а) / приближался(ась),зашёл / зашла; приблизился(ась),зайду / приближусь,зайду / приближусь,зайдя / приблизившись,зайди / приблизься,зайдём / приблизимся,заходить,зайти,зайти и затем…,agentive,Пассив: заходить,contextual,grammar_label,заставить зайти,быть вынужденным зайти,1,1,0,1,1,1,1,1,1,1,1,1,1,разрешить зайти
yorokobu,喜ぶ,よろこぶ,yorokobu,радоваться,N4,godan-bu,yorokob,喜び,喜んだ,喜んで,喜ばない,喜べば,喜んだら,喜べる,,喜ばれる,喜ばせる,喜ばせられる,喜べ,喜ぶな,喜ぼう,喜びたい,喜ばなければ,喜ばなきゃ,喜ばなくちゃ,радоваться,обрадоваться,радуюсь,буду радоваться,радовался(ась),обрадовался(ась),обрадуюсь,обрадуюсь,обрадовавшись,радуйся,обрадуемся,Пассив: радоваться,заставить обрадоваться,быть вынужденным обрадоваться,喜,喜,ぶ,bu,ぶ,bu,び,bi,ば,ba,べ,be,べ,be,んで,nで,んで,nで,んだ,nだ,んだ,nだ,べ,be,べ,be,ばれ,bare,ば|れ,ba|re,ばせ,base,ば|せ,ba|se,ばせられ,baserare,ば|せ|ら|れ,ba|se|ra|re,べ,be,べ,be,ぼう,bou,ぼ|う,bo|u,ba|bi|be|bo,,,,,радоваться,,радоваться,обрадоваться,радуюсь,буду радоваться,радовался(ась),обрадовался(ась),обрадуюсь,обрадуюсь,обрадовавшись,радуйся,обрадуемся,радоваться,обрадоваться,обрадоваться и затем…,agentive,Пассив: радоваться,contextual,grammar_label,заставить обрадоваться,быть вынужденным обрадоваться,1,1,0,1,1,1,1,1,1,1,1,1,1,разрешить обрадоваться
wakasu,沸かす,わかす,wakasu,кипятить,N4,godan-su,wakas,沸かし,沸かした,沸かして,沸かさない,沸かせば,沸かしたら,沸かせる,,沸かされる,沸かさせる,沸かさせられる,沸かせ,沸かすな,沸かそう,沸かしたい,沸かさなければ,沸かさなきゃ,沸かさなくちゃ,кипятить,вскипятить,кипячу,буду кипятить,кипятил(а),вскипятил(а),вскипячу,вскипячу,вскипятив,вскипяти,вскипятим,Пассив: кипятить,заставить вскипятить,быть вынужденным вскипятить,沸か,沸か,す,su,す,su,し,shi,さ,sa,せ,se,せ,se,して,shite,して,shite,した,shita,した,shita,せ,se,せ,se,され,sare,さ|れ,sa|re,させ,sase,さ|せ,sa|se,させられ,saserare,さ|せ|ら|れ,sa|se|ra|re,せ,se,せ,se,そう,sou,そ|う,so|u,sa|shi|se|so,,,,,кипятить,,кипятить,вскипятить,кипячу,буду кипятить,кипятил(а),вскипятил(а),вскипячу,вскипячу,вскипятив,вскипяти,вскипятим,кипятить,вскипятить,вскипятить и затем…,agentive,Пассив: кипятить,contextual,grammar_label,заставить вскипятить,быть вынужденным вскипятить,1,1,0,1,1,1,1,1,1,1,1,1,1,разрешить вскипятить
wakareru,別れる,わかれる,wakareru,расставаться,N4,ichidan,wakare,別れ,別れた,別れて,別れない,別れれば,別れたら,別れられる,別れれる,別れられる,別れさせる,別れさせられる,別れろ,別れるな,別れよう,別れたい,別れなければ,別れなきゃ,別れなくちゃ,расставаться,расстаться,расстаюсь,буду расставаться,расставался(ась),расстался(ась),расстанусь,расстанусь,расставшись,расстанься,расстанемся,Пассив: расставаться,заставить расстаться,быть вынужденным расстаться,別れ,別れ,る,ru,る,ru,,,,,れ,re,れ,re,て,te,て,te,た,ta,た,ta,られ,rare,ら|れ,ra|re,られ,rare,ら|れ,ra|re,させ,sase,さ|せ,sa|se,させられ,saserare,さ|せ|ら|れ,sa|se|ra|re,ろ,ro,ろ,ro,よう,you,よ|う,yo|u,ra|sa|re|ro|yo,れ,re,れ,re,расставаться,,расставаться,расстаться,расстаюсь,буду расставаться,расставался(ась),расстался(ась),расстанусь,расстанусь,расставшись,расстанься,расстанемся,расставаться,расстаться,расстаться и затем…,agentive,Пассив: расставаться,contextual,grammar_label,заставить расстаться,быть вынужденным расстаться,1,1,0,1,1,1,1,1,1,1,1,1,1,разрешить расстаться
waku,沸く,わく,waku,закипать,N4,godan-ku,wak,沸き,沸いた,沸いて,沸かない,沸けば,沸いたら,沸ける,,沸かれる,沸かせる,沸かせられる,沸け,沸くな,沸こう,沸きたい,沸かなければ,沸かなきゃ,沸かなくちゃ,закипать,закипеть,закипает,буду закипать,закипал(а),закипел(а),закипит,закипит,закипев,,,Пассив: закипать,заставить закипеть,быть вынужденным закипеть,沸,沸,く,ku,く,ku,き,ki,か,ka,け,ke,け,ke,いて,ite,いて,ite,いた,ita,いた,ita,け,ke,け,ke,かれ,kare,か|れ,ka|re,かせ,kase,か|せ,ka|se,かせられ,kaserare,か|せ|ら|れ,ka|se|ra|re,け,ke,け,ke,こう,kou,こ|う,ko|u,ka|ki|ke|ko,,,,,закипать,,закипать,закипеть,закипает,буду закипать,закипал(а),закипел(а),закипит,закипит,закипев,—,—,закипать,закипеть,закипеть и затем…,non_agentive,Пассив: закипать,exclude,grammar_label,заставить закипеть,быть вынужденным закипеть,1,0,0,0,0,0,0,0,0,0,0,0,1,разрешить закипеть
warau,笑う,わらう,warau,смеяться,N4,godan-u,wara,笑い,笑った,笑って,笑わない,笑えば,笑ったら,笑える,,笑われる,笑わせる,笑わせられる,笑え,笑うな,笑おう,笑いたい,笑わなければ,笑わなきゃ,笑わなくちゃ,смеяться,засмеяться,смеюсь,буду смеяться,смеялся(ась),засмеялся(ась),засмеюсь,засмеюсь,засмеявшись,улыбнись,улыбнёмся,Пассив: смеяться,заставить засмеяться,быть вынужденным засмеяться,笑,笑,う,u,う,u,い,i,わ,wa,え,e,え,e,って,tte,って,tte,った,tta,った,tta,え,e,え,e,われ,ware,わ|れ,wa|re,わせ,wase,わ|せ,wa|se,わせられ,waserare,わ|せ|ら|れ,wa|se|ra|re,え,e,え,e,おう,ou,お|う,o|u,wa|i|e|o,,,,,смеяться; улыбаться,улыбаться,смеяться / улыбаться,засмеяться / улыбнуться,смеюсь / улыбаюсь,буду смеяться / улыбаться,смеялся(ась) / улыбался(ась),засмеялся(ась) / улыбнулся(лась),засмеюсь / улыбнусь,засмеюсь / улыбнусь,засмеявшись / улыбнувшись,улыбнись,улыбнёмся,смеяться,засмеяться,засмеяться и затем…,agentive,Пассив: смеяться,contextual,grammar_label,заставить засмеяться,быть вынужденным засмеяться,1,1,0,1,1,1,1,1,1,1,1,1,1,разрешить засмеяться
wareru,割れる,われる,wareru,разбиваться,N4,ichidan,ware,割れ,割れた,割れて,割れない,割れれば,割れたら,割れられる,割れれる,割れられる,割れさせる,割れさせられる,割れろ,割れるな,割れよう,割れたい,割れなければ,割れなきゃ,割れなくちゃ,разбиваться,разбиться,разбивается,буду разбиваться,разбивалось,разбилось,разобьётся,разобьётся,разбившись,,,Пассив: разбиваться,заставить разбиться,быть вынужденным разбиться,割れ,割れ,る,ru,る,ru,,,,,れ,re,れ,re,て,te,て,te,た,ta,た,ta,られ,rare,ら|れ,ra|re,られ,rare,ら|れ,ra|re,させ,sase,さ|せ,sa|se,させられ,saserare,さ|せ|ら|れ,sa|se|ra|re,ろ,ro,ろ,ro,よう,you,よ|う,yo|u,ra|sa|re|ro|yo,れ,re,れ,re,разбиваться; трескаться,трескаться,разбиваться / трескаться,разбиться / треснуть,разбивается / трескается,буду разбиваться / трескаться,разбивалось / трескалось,разбилось / треснуло,разобьётся / треснет,разобьётся / треснет,разбившись / треснув,—,—,разбиваться,разбиться,разбиться и затем…,non_agentive,Пассив: разбиваться,exclude,grammar_label,заставить разбиться,быть вынужденным разбиться,1,0,0,0,0,0,0,0,0,0,0,0,1,разрешить разбиться
aisuru,愛する,あいする,aisuru,любить,N3,suru,aisu,愛し,愛した,愛して,愛しない,愛すれば,愛したら,愛できる,,愛される,愛させる,愛させられる,愛しろ,愛するな,愛しよう,愛したい,愛しなければ,愛しなきゃ,愛しなくちゃ,любить,полюбить,люблю,буду любить,любил(а),полюбил(а),полюблю,полюблю,полюбив,люби,полюбим,Пассив: любить,заставить полюбить,быть вынужденным полюбить,愛,愛,する,suru,す|る,su|ru,し,shi,し,shi,すれ,sure,す|れ,su|re,して,shite,し|て,shi|te,した,shita,し|た,shi|ta,でき,deki,でき,deki,され,sare,さ|れ,sa|re,させ,sase,さ|せ,sa|se,させられ,saserare,さ|せ|ら|れ,sa|se|ra|re,しろ,shiro,し|ろ,shi|ro,しよう,shiyou,し|よ|う,shi|yo|u,shi|su|deki|sa,,,,,любить,,любить,полюбить,люблю,буду любить,любил(а),полюбил(а),полюблю,полюблю,полюбив,люби,полюбим,любить,полюбить,полюбить и затем…,agentive,Пассив: любить,contextual,grammar_label,заставить полюбить,быть вынужденным полюбить,1,1,0,1,1,1,1,1,1,1,1,1,1,разрешить полюбить
au_3,遭う,あう,au,сталкиваться с неприятностью,N3,godan-u,a,遭い,遭った,遭って,遭わない,遭えば,遭ったら,遭える,,遭われる,遭わせる,遭わせられる,遭え,遭うな,遭おう,遭いたい,遭わなければ,遭わなきゃ,遭わなくちゃ,сталкиваться,столкнуться,сталкиваюсь,буду сталкиваться,сталкивался(ась),столкнулся(лась),столкнусь,столкнусь,столкнувшись,,,Пассив: сталкиваться,заставить столкнуться,быть вынужденным столкнуться,遭,遭,う,u,う,u,い,i,わ,wa,え,e,え,e,って,tte,って,tte,った,tta,った,tta,え,e,え,e,われ,ware,わ|れ,wa|re,わせ,wase,わ|せ,wa|se,わせられ,waserare,わ|せ|ら|れ,wa|se|ra|re,え,e,え,e,おう,ou,お|う,o|u,wa|i|e|o,,,,,сталкиваться с неприятностью,,сталкиваться,столкнуться,сталкиваюсь,буду сталкиваться,сталкивался(ась),столкнулся(лась),столкнусь,столкнусь,столкнувшись,—,—,сталкиваться,столкнуться,столкнуться и затем…,non_agentive,Пассив: сталкиваться,contextual,grammar_label,заставить столкнуться,быть вынужденным столкнуться,1,1,0,1,0,0,0,0,1,0,0,0,1,разрешить столкнуться
akirameru,諦める,あきらめる,akirameru,сдаваться,N3,ichidan,akirame,諦め,諦めた,諦めて,諦めない,諦めれば,諦めたら,諦められる,諦めれる,諦められる,諦めさせる,諦めさせられる,諦めろ,諦めるな,諦めよう,諦めたい,諦めなければ,諦めなきゃ,諦めなくちゃ,сдаваться,сдаться,сдаюсь,буду сдаваться,сдавался(ась),сдался(ась),сдамся,сдамся,сдавшись,не сдавайся,не сдадимся,Пассив: сдаваться,заставить сдаться,быть вынужденным сдаться,諦め,諦め,る,ru,る,ru,,,,,れ,re,れ,re,て,te,て,te,た,ta,た,ta,られ,rare,ら|れ,ra|re,られ,rare,ら|れ,ra|re,させ,sase,さ|せ,sa|se,させられ,saserare,さ|せ|ら|れ,sa|se|ra|re,ろ,ro,ろ,ro,よう,you,よ|う,yo|u,ra|sa|re|ro|yo,れ,re,れ,re,сдаваться; отказываться,отказываться,сдаваться / отказываться,сдаться / отказаться,сдаюсь / отказываюсь,буду сдаваться / отказываться,сдавался(ась) / отказывался(ась),сдался(ась) / отказался(ась),сдамся / откажусь,сдамся / откажусь,сдавшись / отказавшись,не сдавайся,не сдадимся,сдаваться,сдаться,сдаться и затем…,agentive,Пассив: сдаваться,contextual,grammar_label,заставить сдаться,быть вынужденным сдаться,1,1,0,1,1,1,1,1,1,1,1,1,1,разрешить сдаться
akiru,飽きる,あきる,akiru,терять интерес,N3,ichidan,aki,飽き,飽きた,飽きて,飽きない,飽きれば,飽きたら,飽きられる,飽きれる,飽きられる,飽きさせる,飽きさせられる,飽きろ,飽きるな,飽きよう,飽きたい,飽きなければ,飽きなきゃ,飽きなくちゃ,терять интерес,потерять интерес,теряю интерес,буду терять интерес,терял(а) интерес,потерял(а) интерес,потеряю интерес,потеряю интерес,потеряв интерес,,,Пассив: терять интерес,заставить потерять интерес,быть вынужденным потерять интерес,飽き,飽き,る,ru,る,ru,,,,,れ,re,れ,re,て,te,て,te,た,ta,た,ta,られ,rare,ら|れ,ra|re,られ,rare,ら|れ,ra|re,させ,sase,さ|せ,sa|se,させられ,saserare,さ|せ|ら|れ,sa|se|ra|re,ろ,ro,ろ,ro,よう,you,よ|う,yo|u,ra|sa|re|ro|yo,れ,re,れ,re,терять интерес; надоедать,надоедать,терять интерес,потерять интерес,теряю интерес,буду терять интерес,терял(а) интерес,потерял(а) интерес,потеряю интерес,потеряю интерес,потеряв интерес,—,—,терять интерес,потерять интерес,потерять интерес и затем…,non_agentive,Пассив: терять интерес,contextual,grammar_label,заставить потерять интерес,быть вынужденным потерять интерес,1,1,0,1,0,0,0,0,1,0,0,0,1,разрешить потерять интерес
akeru_2,明ける,あける,akeru,светать,N3,ichidan,ake,明け,明けた,明けて,明けない,明ければ,明けたら,明けられる,明けれる,明けられる,明けさせる,明けさせられる,明けろ,明けるな,明けよう,明けたい,明けなければ,明けなきゃ,明けなくちゃ,светать,рассвести,светает,буду светать,светало,рассвело,рассветёт,рассветёт,,,,Пассив: светать,заставить рассвести,быть вынужденным рассвести,明け,明け,る,ru,る,ru,,,,,れ,re,れ,re,て,te,て,te,た,ta,た,ta,られ,rare,ら|れ,ra|re,られ,rare,ら|れ,ra|re,させ,sase,さ|せ,sa|se,させられ,saserare,さ|せ|ら|れ,sa|se|ra|re,ろ,ro,ろ,ro,よう,you,よ|う,yo|u,ra|sa|re|ro|yo,れ,re,れ,re,светать; заканчиваться,заканчиваться,светать / заканчиваться,рассвести / закончиться,светает / заканчивается,буду светать / заканчиваться,светало / заканчивалось,рассвело / закончилось,рассветёт / закончится,рассветёт / закончится,—,—,—,светать,рассвести,рассвести и затем…,non_agentive,Пассив: светать,contextual,grammar_label,заставить рассвести,быть вынужденным рассвести,1,1,0,1,0,0,0,0,1,0,0,0,1,разрешить рассвести
ageru_4,挙げる,あげる,ageru,приводить пример,N3,ichidan,age,挙げ,挙げた,挙げて,挙げない,挙げれば,挙げたら,挙げられる,挙げれる,挙げられる,挙げさせる,挙げさせられる,挙げろ,挙げるな,挙げよう,挙げたい,挙げなければ,挙げなきゃ,挙げなくちゃ,приводить,привести,привожу,буду приводить,приводил(а),привёл(ла),приведу,приведу,приведя,приведи,приведём,Пассив: приводить,заставить привести,быть вынужденным привести,挙げ,挙げ,る,ru,る,ru,,,,,れ,re,れ,re,て,te,て,te,た,ta,た,ta,られ,rare,ら|れ,ra|re,られ,rare,ら|れ,ra|re,させ,sase,さ|せ,sa|se,させられ,saserare,さ|せ|ら|れ,sa|se|ra|re,ろ,ro,ろ,ro,よう,you,よ|う,yo|u,ra|sa|re|ro|yo,れ,re,れ,re,приводить пример; перечислять,перечислять,приводить / перечислять,привести / перечислить,привожу / перечисляю,буду приводить / перечислять,приводил(а) / перечислял(а),привёл(ла) / перечислил(а),приведу / перечислю,приведу / перечислю,приведя / перечислив,приведи / перечисли,приведём / перечислим,приводить,привести,привести и затем…,agentive,Пассив: приводить,contextual,grammar_label,заставить привести,быть вынужденным привести,1,1,0,1,1,1,1,1,1,1,1,1,1,разрешить привести
ageru_3,揚げる,あげる,ageru,жарить во фритюре,N3,ichidan,age,揚げ,揚げた,揚げて,揚げない,揚げれば,揚げたら,揚げられる,揚げれる,揚げられる,揚げさせる,揚げさせられる,揚げろ,揚げるな,揚げよう,揚げたい,揚げなければ,揚げなきゃ,揚げなくちゃ,жарить,пожарить,жарю,буду жарить,жарил(а),пожарил(а),пожарю,пожарю,пожарив,пожарь,пожарим,Пассив: жарить,заставить пожарить,быть вынужденным пожарить,揚げ,揚げ,る,ru,る,ru,,,,,れ,re,れ,re,て,te,て,te,た,ta,た,ta,られ,rare,ら|れ,ra|re,られ,rare,ら|れ,ra|re,させ,sase,さ|せ,sa|se,させられ,saserare,さ|せ|ら|れ,sa|se|ra|re,ろ,ro,ろ,ro,よう,you,よ|う,yo|u,ra|sa|re|ro|yo,れ,re,れ,re,жарить во фритюре; поднимать,поднимать,жарить / поднимать,пожарить / поднять,жарю / поднимаю,буду жарить / поднимать,жарил(а) / поднимал(а),пожарил(а) / поднял(а),пожарю / подниму,пожарю / подниму,пожарив / подняв,пожарь / подними,пожарим / поднимем,жарить,пожарить,пожарить и затем…,agentive,Пассив: жарить,contextual,grammar_label,заставить пожарить,быть вынужденным пожарить,1,1,0,1,1,1,1,1,1,1,1,1,1,разрешить пожарить
azukaru,預かる,あずかる,azukaru,принимать на хранение,N3,godan-ru,azuka,預かり,預かった,預かって,預からない,預かれば,預かったら,預かれる,,預かられる,預からせる,預からせられる,預かれ,預かるな,預かろう,預かりたい,預からなければ,預からなきゃ,預からなくちゃ,принимать на хранение,принять на хранение,принимаю на хранение,буду принимать на хранение,принимал(а) на хранение,принял(а) на хранение,приму на хранение,приму на хранение,приняв на хранение,прими на хранение,примем на хранение,Пассив: принимать на хранение,заставить принять на хранение,быть вынужденным принять на хранение,預か,預か,る,ru,る,ru,り,ri,ら,ra,れ,re,れ,re,って,tte,って,tte,った,tta,った,tta,れ,re,れ,re,られ,rare,ら|れ,ra|re,らせ,rase,ら|せ,ra|se,らせられ,raserare,ら|せ|ら|れ,ra|se|ra|re,れ,re,れ,re,ろう,rou,ろ|う,ro|u,ra|ri|re|ro,,,,,принимать на хранение,,принимать на хранение,принять на хранение,принимаю на хранение,буду принимать на хранение,принимал(а) на хранение,принял(а) на хранение,приму на хранение,приму на хранение,приняв на хранение,прими на хранение,примем на хранение,принимать на хранение,принять на хранение,принять на хранение и затем…,agentive,Пассив: принимать на хранение,contextual,grammar_label,заставить принять на хранение,быть вынужденным принять на хранение,1,1,0,1,1,1,1,1,1,1,1,1,1,разрешить принять на хранение
azukeru,預ける,あずける,azukeru,оставлять на хранение,N3,ichidan,azuke,預け,預けた,預けて,預けない,預ければ,預けたら,預けられる,預けれる,預けられる,預けさせる,預けさせられる,預けろ,預けるな,預けよう,預けたい,預けなければ,預けなきゃ,預けなくちゃ,оставлять,оставить,оставляю,буду оставлять,оставлял(а),оставил(а),оставлю,оставлю,оставив,оставь,оставим,Пассив: оставлять,заставить оставить,быть вынужденным оставить,預け,預け,る,ru,る,ru,,,,,れ,re,れ,re,て,te,て,te,た,ta,た,ta,られ,rare,ら|れ,ra|re,られ,rare,ら|れ,ra|re,させ,sase,さ|せ,sa|se,させられ,saserare,さ|せ|ら|れ,sa|se|ra|re,ろ,ro,ろ,ro,よう,you,よ|う,yo|u,ra|sa|re|ro|yo,れ,re,れ,re,оставлять на хранение; сдавать,сдавать,оставлять / сдавать,оставить / сдать,оставляю / сдаю,буду оставлять / сдавать,оставлял(а) / сдавал(а),оставил(а) / сдал(а),оставлю / сдам,оставлю / сдам,оставив / сдав,оставь / сдай,оставим / сдадим,оставлять,оставить,оставить и затем…,agentive,Пассив: оставлять,contextual,grammar_label,заставить оставить,быть вынужденным оставить,1,1,0,1,1,1,1,1,1,1,1,1,1,разрешить оставить
ataeru,与える,あたえる,ataeru,давать,N3,ichidan,atae,与え,与えた,与えて,与えない,与えれば,与えたら,与えられる,与えれる,与えられる,与えさせる,与えさせられる,与えろ,与えるな,与えよう,与えたい,与えなければ,与えなきゃ,与えなくちゃ,давать,дать,даю,буду давать,давал(а),дал(а),дам,дам,дав,дай,дадим,Пассив: давать,заставить дать,быть вынужденным дать,与え,与え,る,ru,る,ru,,,,,れ,re,れ,re,て,te,て,te,た,ta,た,ta,られ,rare,ら|れ,ra|re,られ,rare,ら|れ,ra|re,させ,sase,さ|せ,sa|se,させられ,saserare,さ|せ|ら|れ,sa|se|ra|re,ろ,ro,ろ,ro,よう,you,よ|う,yo|u,ra|sa|re|ro|yo,れ,re,れ,re,давать; предоставлять,предоставлять,давать / предоставлять,дать / предоставить,даю / предоставляю,буду давать / предоставлять,давал(а) / предоставлял(а),дал(а) / предоставил(а),дам / предоставлю,дам / предоставлю,дав / предоставив,дай / предоставь,дадим / предоставим,давать,дать,дать и затем…,agentive,Пассив: давать,contextual,grammar_label,заставить дать,быть вынужденным дать,1,1,0,1,1,1,1,1,1,1,1,1,1,разрешить дать
atatamaru,暖まる,あたたまる,atatamaru,согреваться,N3,godan-ru,atatama,暖まり,暖まった,暖まって,暖まらない,暖まれば,暖まったら,暖まれる,,暖まられる,暖まらせる,暖まらせられる,暖まれ,暖まるな,暖まろう,暖まりたい,暖まらなければ,暖まらなきゃ,暖まらなくちゃ,согреваться,согреться,согреваюсь,буду согреваться,согревался(ась),согрелся(ась),согреюсь,согреюсь,согревшись,согрейся,согреемся,Пассив: согреваться,заставить согреться,быть вынужденным согреться,暖ま,暖ま,る,ru,る,ru,り,ri,ら,ra,れ,re,れ,re,って,tte,って,tte,った,tta,った,tta,れ,re,れ,re,られ,rare,ら|れ,ra|re,らせ,rase,ら|せ,ra|se,らせられ,raserare,ら|せ|ら|れ,ra|se|ra|re,れ,re,れ,re,ろう,rou,ろ|う,ro|u,ra|ri|re|ro,,,,,согреваться,,согреваться,согреться,согреваюсь,буду согреваться,согревался(ась),согрелся(ась),согреюсь,согреюсь,согревшись,согрейся,согреемся,согреваться,согреться,согреться и затем…,agentive,Пассив: согреваться,contextual,grammar_label,заставить согреться,быть вынужденным согреться,1,1,0,1,1,1,1,1,1,1,1,1,1,разрешить согреться
atatameru,温める,あたためる,atatameru,согревать,N3,ichidan,atatame,温め,温めた,温めて,温めない,温めれば,温めたら,温められる,温めれる,温められる,温めさせる,温めさせられる,温めろ,温めるな,温めよう,温めたい,温めなければ,温めなきゃ,温めなくちゃ,согревать,согреть,согреваю,буду согревать,согревал(а),согрел(а),согрею,согрею,согрев,согрей,согреем,Пассив: согревать,заставить согреть,быть вынужденным согреть,温め,温め,る,ru,る,ru,,,,,れ,re,れ,re,て,te,て,te,た,ta,た,ta,られ,rare,ら|れ,ra|re,られ,rare,ら|れ,ra|re,させ,sase,さ|せ,sa|se,させられ,saserare,さ|せ|ら|れ,sa|se|ra|re,ろ,ro,ろ,ro,よう,you,よ|う,yo|u,ra|sa|re|ro|yo,れ,re,れ,re,согревать; разогревать,разогревать,согревать / разогревать,согреть / разогреть,согреваю / разогреваю,буду согревать / разогревать,согревал(а) / разогревал(а),согрел(а) / разогрел(а),согрею / разогрею,согрею / разогрею,согрев / разогрев,согрей / разогрей,согреем / разогреем,согревать,согреть,согреть и затем…,agentive,Пассив: согревать,contextual,grammar_label,заставить согреть,быть вынужденным согреть,1,1,0,1,1,1,1,1,1,1,1,1,1,разрешить согреть
ataru,当たる,あたる,ataru,попадать,N3,godan-ru,ata,当たり,当たった,当たって,当たらない,当たれば,当たったら,当たれる,,当たられる,当たらせる,当たらせられる,当たれ,当たるな,当たろう,当たりたい,当たらなければ,当たらなきゃ,当たらなくちゃ,попадать,попасть,попадаю,буду попадать,попадал(а),попал(а),попаду,попаду,попав,попади,попадём,Пассив: попадать,заставить попасть,быть вынужденным попасть,当た,当た,る,ru,る,ru,り,ri,ら,ra,れ,re,れ,re,って,tte,って,tte,った,tta,った,tta,れ,re,れ,re,られ,rare,ら|れ,ra|re,らせ,rase,ら|せ,ra|se,らせられ,raserare,ら|せ|ら|れ,ra|se|ra|re,れ,re,れ,re,ろう,rou,ろ|う,ro|u,ra|ri|re|ro,,,,,попадать; приходиться; выигрывать,приходиться | выигрывать,попадать / приходиться,попасть / прийтись,попадаю / приходится,буду попадать / приходиться,попадал(а) / приходилось,попал(а) / пришлось,попаду / придётся,попаду / придётся,попав,попади,попадём,попадать,попасть,попасть и затем…,agentive,Пассив: попадать,contextual,grammar_label,заставить попасть,быть вынужденным попасть,1,1,0,1,1,1,1,1,1,1,1,1,1,разрешить попасть
atsukau,扱う,あつかう,atsukau,обращаться с,N3,godan-u,atsuka,扱い,扱った,扱って,扱わない,扱えば,扱ったら,扱える,,扱われる,扱わせる,扱わせられる,扱え,扱うな,扱おう,扱いたい,扱わなければ,扱わなきゃ,扱わなくちゃ,обращаться,обратиться,обращаюсь,буду обращаться,обращался(ась),обратился(ась),обращусь,обращусь,обратившись,обращайся,обратимся,Пассив: обращаться,заставить обратиться,быть вынужденным обратиться,扱,扱,う,u,う,u,い,i,わ,wa,え,e,え,e,って,tte,って,tte,った,tta,った,tta,え,e,え,e,われ,ware,わ|れ,wa|re,わせ,wase,わ|せ,wa|se,わせられ,waserare,わ|せ|ら|れ,wa|se|ra|re,え,e,え,e,おう,ou,お|う,o|u,wa|i|e|o,,,,,обращаться с; иметь дело,иметь дело,обращаться / иметь дело,обратиться / разобраться,обращаюсь / имею дело,буду обращаться / иметь дело,обращался(ась) / имел(а) дело,обратился(ась) / разобрался(ась),обращусь / разберусь,обращусь / разберусь,обратившись / разобравшись,обращайся,обратимся / разберёмся,обращаться,обратиться,обратиться и затем…,agentive,Пассив: обращаться,contextual,grammar_label,заставить обратиться,быть вынужденным обратиться,1,1,0,1,1,1,1,1,1,1,1,1,1,разрешить обратиться
ateru,当てる,あてる,ateru,прикладывать,N3,ichidan,ate,当て,当てた,当てて,当てない,当てれば,当てたら,当てられる,当てれる,当てられる,当てさせる,当てさせられる,当てろ,当てるな,当てよう,当てたい,当てなければ,当てなきゃ,当てなくちゃ,прикладывать,приложить,прикладываю,буду прикладывать,прикладывал(а),приложил(а),приложу,приложу,приложив,приложи,приложим,Пассив: прикладывать,заставить приложить,быть вынужденным приложить,当て,当て,る,ru,る,ru,,,,,れ,re,れ,re,て,te,て,te,た,ta,た,ta,られ,rare,ら|れ,ra|re,られ,rare,ら|れ,ra|re,させ,sase,さ|せ,sa|se,させられ,saserare,さ|せ|ら|れ,sa|se|ra|re,ろ,ro,ろ,ro,よう,you,よ|う,yo|u,ra|sa|re|ro|yo,れ,re,れ,re,прикладывать; угадывать,угадывать,прикладывать / угадывать,приложить / угадать,прикладываю / угадываю,буду прикладывать / угадывать,прикладывал(а) / угадывал(а),приложил(а) / угадал(а),приложу / угадаю,приложу / угадаю,приложив / угадав,приложи / угадай,приложим / угадаем,прикладывать,приложить,приложить и затем…,agentive,Пассив: прикладывать,contextual,grammar_label,заставить приложить,быть вынужденным приложить,1,1,0,1,1,1,1,1,1,1,1,1,1,разрешить приложить
arasou,争う,あらそう,arasou,спорить,N3,godan-u,araso,争い,争った,争って,争わない,争えば,争ったら,争える,,争われる,争わせる,争わせられる,争え,争うな,争おう,争いたい,争わなければ,争わなきゃ,争わなくちゃ,спорить,поспорить,спорю,буду спорить,спорил(а),поспорил(а),поспорю,поспорю,поспорив,не спорь,не поспорим,Пассив: спорить,заставить поспорить,быть вынужденным поспорить,争,争,う,u,う,u,い,i,わ,wa,え,e,え,e,って,tte,って,tte,った,tta,った,tta,え,e,え,e,われ,ware,わ|れ,wa|re,わせ,wase,わ|せ,wa|se,わせられ,waserare,わ|せ|ら|れ,wa|se|ra|re,え,e,え,e,おう,ou,お|う,o|u,wa|i|e|o,,,,,спорить; бороться,бороться,спорить / бороться,поспорить / побороться,спорю / борюсь,буду спорить / бороться,спорил(а) / боролся(ась),поспорил(а) / поборолся(ась),поспорю / поборюсь,поспорю / поборюсь,поспорив / поборовшись,не спорь,не поспорим,спорить,поспорить,поспорить и затем…,agentive,Пассив: спорить,contextual,grammar_label,заставить поспорить,быть вынужденным поспорить,1,1,0,1,1,1,1,1,1,1,1,1,1,разрешить поспорить
arawasu,表す,あらわす,arawasu,выражать,N3,godan-su,arawas,表し,表した,表して,表さない,表せば,表したら,表せる,,表される,表させる,表させられる,表せ,表すな,表そう,表したい,表さなければ,表さなきゃ,表さなくちゃ,выражать,выразить,выражаю,буду выражать,выражал(а),выразил(а),выражу,выражу,выразив,вырази,выразим,Пассив: выражать,заставить выразить,быть вынужденным выразить,表,表,す,su,す,su,し,shi,さ,sa,せ,se,せ,se,して,shite,して,shite,した,shita,した,shita,せ,se,せ,se,され,sare,さ|れ,sa|re,させ,sase,さ|せ,sa|se,させられ,saserare,さ|せ|ら|れ,sa|se|ra|re,せ,se,せ,se,そう,sou,そ|う,so|u,sa|shi|se|so,,,,,выражать; показывать,показывать,выражать / показывать,выразить / показать,выражаю / показываю,буду выражать / показывать,выражал(а) / показывал(а),выразил(а) / показал(а),выражу / покажу,выражу / покажу,выразив / показав,вырази / покажи,выразим / покажем,выражать,выразить,выразить и затем…,agentive,Пассив: выражать,contextual,grammar_label,заставить выразить,быть вынужденным выразить,1,1,0,1,1,1,1,1,1,1,1,1,1,разрешить выразить
arawareru,現れる,あらわれる,arawareru,появляться,N3,ichidan,araware,現れ,現れた,現れて,現れない,現れれば,現れたら,現れられる,現れれる,現れられる,現れさせる,現れさせられる,現れろ,現れるな,現れよう,現れたい,現れなければ,現れなきゃ,現れなくちゃ,появляться,появиться,появляюсь,буду появляться,появлялся(ась),появился(ась),появлюсь,появлюсь,появившись,,,Пассив: появляться,заставить появиться,быть вынужденным появиться,現れ,現れ,る,ru,る,ru,,,,,れ,re,れ,re,て,te,て,te,た,ta,た,ta,られ,rare,ら|れ,ra|re,られ,rare,ら|れ,ra|re,させ,sase,さ|せ,sa|se,させられ,saserare,さ|せ|ら|れ,sa|se|ra|re,ろ,ro,ろ,ro,よう,you,よ|う,yo|u,ra|sa|re|ro|yo,れ,re,れ,re,появляться,,появляться,появиться,появляюсь,буду появляться,появлялся(ась),появился(ась),появлюсь,появлюсь,появившись,появись,появимся,появляться,появиться,появиться и затем…,non_agentive,Пассив: появляться,exclude,grammar_label,заставить появиться,быть вынужденным появиться,1,0,0,0,0,0,0,0,0,0,0,0,1,разрешить появиться
awaseru,合わせる,あわせる,awaseru,соединять,N3,ichidan,awase,合わせ,合わせた,合わせて,合わせない,合わせれば,合わせたら,合わせられる,合わせれる,合わせられる,合わせさせる,合わせさせられる,合わせろ,合わせるな,合わせよう,合わせたい,合わせなければ,合わせなきゃ,合わせなくちゃ,соединять,соединить,соединяю,буду соединять,соединял(а),соединил(а),соединю,соединю,соединив,соедини,соединим,Пассив: соединять,заставить соединить,быть вынужденным соединить,合わせ,合わせ,る,ru,る,ru,,,,,れ,re,れ,re,て,te,て,te,た,ta,た,ta,られ,rare,ら|れ,ra|re,られ,rare,ら|れ,ra|re,させ,sase,さ|せ,sa|se,させられ,saserare,さ|せ|ら|れ,sa|se|ra|re,ろ,ro,ろ,ro,よう,you,よ|う,yo|u,ra|sa|re|ro|yo,れ,re,れ,re,соединять; совмещать,совмещать,соединять / совмещать,соединить / совместить,соединяю / совмещаю,буду соединять / совмещать,соединял(а) / совмещал(а),соединил(а) / совместил(а),соединю / совмещу,соединю / совмещу,соединив / совместив,соедини / совмести,соединим / совместим,соединять,соединить,соединить и затем…,agentive,Пассив: соединять,contextual,grammar_label,заставить соединить,быть вынужденным соединить,1,1,0,1,1,1,1,1,1,1,1,1,1,разрешить соединить
awateru,慌てる,あわてる,awateru,паниковать,N3,ichidan,awate,慌て,慌てた,慌てて,慌てない,慌てれば,慌てたら,慌てられる,慌てれる,慌てられる,慌てさせる,慌てさせられる,慌てろ,慌てるな,慌てよう,慌てたい,慌てなければ,慌てなきゃ,慌てなくちゃ,паниковать,запаниковать,паникую,буду паниковать,паниковал(а),запаниковал(а),запаникую,запаникую,запаниковав,не паникуй,не запаникуем,Пассив: паниковать,заставить запаниковать,быть вынужденным запаниковать,慌て,慌て,る,ru,る,ru,,,,,れ,re,れ,re,て,te,て,te,た,ta,た,ta,られ,rare,ら|れ,ra|re,られ,rare,ら|れ,ra|re,させ,sase,さ|せ,sa|se,させられ,saserare,さ|せ|ら|れ,sa|se|ra|re,ろ,ro,ろ,ro,よう,you,よ|う,yo|u,ra|sa|re|ro|yo,れ,re,れ,re,паниковать; суетиться,суетиться,паниковать / суетиться,запаниковать,паникую / суечусь,буду паниковать / суетиться,паниковал(а) / суетился(ась),запаниковал(а),запаникую,запаникую,запаниковав,не паникуй,не запаникуем,паниковать,запаниковать,запаниковать и затем…,agentive,Пассив: паниковать,contextual,grammar_label,заставить запаниковать,быть вынужденным запаниковать,1,1,0,1,1,1,1,1,1,1,1,1,1,разрешить запаниковать
anshinsuru,安心する,あんしんする,anshinsuru,успокаиваться,N3,suru,anshinsu,安心し,安心した,安心して,安心しない,安心すれば,安心したら,安心できる,,安心される,安心させる,安心させられる,安心しろ,安心するな,安心しよう,安心したい,安心しなければ,安心しなきゃ,安心しなくちゃ,успокаиваться,успокоиться,успокаиваюсь,буду успокаиваться,успокаивался(ась),успокоился(ась),успокоюсь,успокоюсь,успокоившись,успокойся,успокоимся,Пассив: успокаиваться,заставить успокоиться,быть вынужденным успокоиться,安心,安心,する,suru,す|る,su|ru,し,shi,し,shi,すれ,sure,す|れ,su|re,して,shite,し|て,shi|te,した,shita,し|た,shi|ta,でき,deki,でき,deki,され,sare,さ|れ,sa|re,させ,sase,さ|せ,sa|se,させられ,saserare,さ|せ|ら|れ,sa|se|ra|re,しろ,shiro,し|ろ,shi|ro,しよう,shiyou,し|よ|う,shi|yo|u,shi|su|deki|sa,,,,,успокаиваться; чувствовать облегчение,чувствовать облегчение,успокаиваться,успокоиться,успокаиваюсь,буду успокаиваться,успокаивался(ась),успокоился(ась),успокоюсь,успокоюсь,успокоившись,успокойся,успокоимся,успокаиваться,успокоиться,успокоиться и затем…,agentive,Пассив: успокаиваться,contextual,grammar_label,заставить успокоиться,быть вынужденным успокоиться,1,1,0,1,1,1,1,1,1,1,1,1,1,разрешить успокоиться
itaru,至る,いたる,itaru,доходить,N3,godan-ru,ita,至り,至った,至って,至らない,至れば,至ったら,至れる,,至られる,至らせる,至らせられる,至れ,至るな,至ろう,至りたい,至らなければ,至らなきゃ,至らなくちゃ,доходить,дойти,дохожу,буду доходить,доходил(а),дошёл(ла),дойду,дойду,дойдя,дойди,дойдём,Пассив: доходить,заставить дойти,быть вынужденным дойти,至,至,る,ru,る,ru,り,ri,ら,ra,れ,re,れ,re,って,tte,って,tte,った,tta,った,tta,れ,re,れ,re,られ,rare,ら|れ,ra|re,らせ,rase,ら|せ,ra|se,らせられ,raserare,ら|せ|ら|れ,ra|se|ra|re,れ,re,れ,re,ろう,rou,ろ|う,ro|u,ra|ri|re|ro,,,,,доходить; достигать,достигать,доходить / достигать,дойти / достичь,дохожу / достигаю,буду доходить / достигать,доходил(а) / достигал(а),дошёл(ла) / достиг(ла),дойду / достигну,дойду / достигну,дойдя / достигнув,дойди / достигни,дойдём / достигнем,доходить,дойти,дойти и затем…,agentive,Пассив: доходить,contextual,grammar_label,заставить дойти,быть вынужденным дойти,1,1,0,1,1,1,1,1,1,1,1,1,1,разрешить дойти
iwau,祝う,いわう,iwau,поздравлять,N3,godan-u,iwa,祝い,祝った,祝って,祝わない,祝えば,祝ったら,祝える,,祝われる,祝わせる,祝わせられる,祝え,祝うな,祝おう,祝いたい,祝わなければ,祝わなきゃ,祝わなくちゃ,поздравлять,поздравить,поздравляю,буду поздравлять,поздравлял(а),поздравил(а),поздравлю,поздравлю,поздравив,поздравь,поздравим,Пассив: поздравлять,заставить поздравить,быть вынужденным поздравить,祝,祝,う,u,う,u,い,i,わ,wa,え,e,え,e,って,tte,って,tte,った,tta,った,tta,え,e,え,e,われ,ware,わ|れ,wa|re,わせ,wase,わ|せ,wa|se,わせられ,waserare,わ|せ|ら|れ,wa|se|ra|re,え,e,え,e,おう,ou,お|う,o|u,wa|i|e|o,,,,,поздравлять; праздновать,праздновать,поздравлять / праздновать,поздравить / отпраздновать,поздравляю / праздную,буду поздравлять / праздновать,поздравлял(а) / праздновал(а),поздравил(а) / отпраздновал(а),поздравлю / отпраздную,поздравлю / отпраздную,поздравив / отпраздновав,поздравь / отпразднуй,поздравим / отпразднуем,поздравлять,поздравить,поздравить и затем…,agentive,Пассив: поздравлять,contextual,grammar_label,заставить поздравить,быть вынужденным поздравить,1,1,0,1,1,1,1,1,1,1,1,1,1,разрешить поздравить
uketoru,受け取る,うけとる,uketoru,получать,N3,godan-ru,uketo,受け取り,受け取った,受け取って,受け取らない,受け取れば,受け取ったら,受け取れる,,受け取られる,受け取らせる,受け取らせられる,受け取れ,受け取るな,受け取ろう,受け取りたい,受け取らなければ,受け取らなきゃ,受け取らなくちゃ,получать,получить,получаю,буду получать,получал(а),получил(а),получу,получу,получив,получи,получим,Пассив: получать,заставить получить,быть вынужденным получить,受け取,受け取,る,ru,る,ru,り,ri,ら,ra,れ,re,れ,re,って,tte,って,tte,った,tta,った,tta,れ,re,れ,re,られ,rare,ら|れ,ra|re,らせ,rase,ら|せ,ra|se,らせられ,raserare,ら|せ|ら|れ,ra|se|ra|re,れ,re,れ,re,ろう,rou,ろ|う,ro|u,ra|ri|re|ro,,,,,"получать, принимать",принимать,получать / принимать,получить / принять,получаю / принимаю,буду получать / принимать,получал(а) / принимал(а),получил(а) / принял(а),получу / приму,получу / приму,получив / приняв,получи / прими,получим / примем,получать,получить,получить и затем…,agentive,Пассив: получать,contextual,grammar_label,заставить получить,быть вынужденным получить,1,1,0,1,1,1,1,1,1,1,1,1,1,разрешить получить
ugokasu,動かす,うごかす,ugokasu,двигать,N3,godan-su,ugokas,動かし,動かした,動かして,動かさない,動かせば,動かしたら,動かせる,,動かされる,動かさせる,動かさせられる,動かせ,動かすな,動かそう,動かしたい,動かさなければ,動かさなきゃ,動かさなくちゃ,двигать,сдвинуть,двигаю,буду двигать,двигал(а),сдвинул(а),сдвину,сдвину,сдвинув,двигай,сдвинем,Пассив: двигать,заставить сдвинуть,быть вынужденным сдвинуть,動か,動か,す,su,す,su,し,shi,さ,sa,せ,se,せ,se,して,shite,して,shite,した,shita,した,shita,せ,se,せ,se,され,sare,さ|れ,sa|re,させ,sase,さ|せ,sa|se,させられ,saserare,さ|せ|ら|れ,sa|se|ra|re,せ,se,せ,se,そう,sou,そ|う,so|u,sa|shi|se|so,,,,,двигать; приводить в действие,приводить в действие,двигать / приводить,сдвинуть / привести,двигаю / привожу,буду двигать / приводить,двигал(а) / приводил(а),сдвинул(а) / привёл(ла),сдвину / приведу,сдвину / приведу,сдвинув / приведя,двигай / приведи,сдвинем / приведём,двигать,сдвинуть,сдвинуть и затем…,agentive,Пассив: двигать,contextual,grammar_label,заставить сдвинуть,быть вынужденным сдвинуть,1,1,0,1,1,1,1,1,1,1,1,1,1,разрешить сдвинуть
ushinau,失う,うしなう,ushinau,терять,N3,godan-u,ushina,失い,失った,失って,失わない,失えば,失ったら,失える,,失われる,失わせる,失わせられる,失え,失うな,失おう,失いたい,失わなければ,失わなきゃ,失わなくちゃ,терять,потерять,теряю,буду терять,терял(а),потерял(а),потеряю,потеряю,потеряв,не потеряй,не потеряем,Пассив: терять,заставить потерять,быть вынужденным потерять,失,失,う,u,う,u,い,i,わ,wa,え,e,え,e,って,tte,って,tte,った,tta,った,tta,え,e,え,e,われ,ware,わ|れ,wa|re,わせ,wase,わ|せ,wa|se,わせられ,waserare,わ|せ|ら|れ,wa|se|ra|re,え,e,え,e,おう,ou,お|う,o|u,wa|i|e|o,,,,,терять; лишаться,лишаться,терять / лишаться,потерять / лишиться,теряю / лишаюсь,буду терять / лишаться,терял(а) / лишался(ась),потерял(а) / лишился(ась),потеряю / лишусь,потеряю / лишусь,потеряв / лишившись,не потеряй,не потеряем,терять,потерять,потерять и затем…,agentive,Пассив: терять,contextual,grammar_label,заставить потерять,быть вынужденным потерять,1,1,0,1,1,1,1,1,1,1,1,1,1,разрешить потерять
utagau,疑う,うたがう,utagau,сомневаться,N3,godan-u,utaga,疑い,疑った,疑って,疑わない,疑えば,疑ったら,疑える,,疑われる,疑わせる,疑わせられる,疑え,疑うな,疑おう,疑いたい,疑わなければ,疑わなきゃ,疑わなくちゃ,сомневаться,усомниться,сомневаюсь,буду сомневаться,сомневался(ась),усомнился(ась),усомнюсь,усомнюсь,усомнившись,сомневайся,усомнимся,Пассив: сомневаться,заставить усомниться,быть вынужденным усомниться,疑,疑,う,u,う,u,い,i,わ,wa,え,e,え,e,って,tte,って,tte,った,tta,った,tta,え,e,え,e,われ,ware,わ|れ,wa|re,わせ,wase,わ|せ,wa|se,わせられ,waserare,わ|せ|ら|れ,wa|se|ra|re,え,e,え,e,おう,ou,お|う,o|u,wa|i|e|o,,,,,сомневаться; подозревать,подозревать,сомневаться / подозревать,усомниться / заподозрить,сомневаюсь / подозреваю,буду сомневаться / подозревать,сомневался(ась) / подозревал(а),усомнился(ась) / заподозрил(а),усомнюсь / заподозрю,усомнюсь / заподозрю,усомнившись / заподозрив,сомневайся / заподозри,усомнимся / заподозрим,сомневаться,усомниться,усомниться и затем…,agentive,Пассив: сомневаться,contextual,grammar_label,заставить усомниться,быть вынужденным усомниться,1,1,0,1,1,1,1,1,1,1,1,1,1,разрешить усомниться
uttaeru,訴える,うったえる,uttaeru,жаловаться,N3,ichidan,uttae,訴え,訴えた,訴えて,訴えない,訴えれば,訴えたら,訴えられる,訴えれる,訴えられる,訴えさせる,訴えさせられる,訴えろ,訴えるな,訴えよう,訴えたい,訴えなければ,訴えなきゃ,訴えなくちゃ,жаловаться,пожаловаться,жалуюсь,буду жаловаться,жаловался(ась),пожаловался(ась),пожалуюсь,пожалуюсь,пожаловавшись,пожалуйся,пожалуемся,Пассив: жаловаться,заставить пожаловаться,быть вынужденным пожаловаться,訴え,訴え,る,ru,る,ru,,,,,れ,re,れ,re,て,te,て,te,た,ta,た,ta,られ,rare,ら|れ,ra|re,られ,rare,ら|れ,ra|re,させ,sase,さ|せ,sa|se,させられ,saserare,さ|せ|ら|れ,sa|se|ra|re,ろ,ro,ろ,ro,よう,you,よ|う,yo|u,ra|sa|re|ro|yo,れ,re,れ,re,жаловаться; обращаться в суд,обращаться в суд,жаловаться / обращаться,пожаловаться / обратиться,жалуюсь / обращаюсь,буду жаловаться / обращаться,жаловался(ась) / обращался(ась),пожаловался(ась) / обратился(ась),пожалуюсь / обращусь,пожалуюсь / обращусь,пожаловавшись / обратившись,пожалуйся / обратись,пожалуемся / обратимся,жаловаться,пожаловаться,пожаловаться и затем…,agentive,Пассив: жаловаться,contextual,grammar_label,заставить пожаловаться,быть вынужденным пожаловаться,1,1,0,1,1,1,1,1,1,1,1,1,1,разрешить пожаловаться
utsu_2,撃つ,うつ,utsu,стрелять,N3,godan-tsu,uts,撃ち,撃った,撃って,撃たない,撃てば,撃ったら,撃てる,,撃たれる,撃たせる,撃たせられる,撃て,撃つな,撃とう,撃ちたい,撃たなければ,撃たなきゃ,撃たなくちゃ,стрелять,выстрелить,стреляю,буду стрелять,стрелял(а),выстрелил(а),выстрелю,выстрелю,выстрелив,стреляй,выстрелим,Пассив: стрелять,заставить выстрелить,быть вынужденным выстрелить,撃,撃,つ,tsu,つ,tsu,ち,chi,た,ta,て,te,て,te,って,tte,って,tte,った,tta,った,tta,て,te,て,te,たれ,tare,た|れ,ta|re,たせ,tase,た|せ,ta|se,たせられ,taserare,た|せ|ら|れ,ta|se|ra|re,て,te,て,te,とう,tou,と|う,to|u,ta|chi|te|to,,,,,стрелять,,стрелять,выстрелить,стреляю,буду стрелять,стрелял(а),выстрелил(а),выстрелю,выстрелю,выстрелив,стреляй,выстрелим,стрелять,выстрелить,выстрелить и затем…,agentive,Пассив: стрелять,contextual,grammar_label,заставить выстрелить,быть вынужденным выстрелить,1,1,0,1,1,1,1,1,1,1,1,1,1,разрешить выстрелить
utsusu_2,映す,うつす,utsusu,отражать,N3,godan-su,utsus,映し,映した,映して,映さない,映せば,映したら,映せる,,映される,映させる,映させられる,映せ,映すな,映そう,映したい,映さなければ,映さなきゃ,映さなくちゃ,отражать,отразить,отражаю,буду отражать,отражал(а),отразил(а),отражу,отражу,отразив,отрази,отразим,Пассив: отражать,заставить отразить,быть вынужденным отразить,映,映,す,su,す,su,し,shi,さ,sa,せ,se,せ,se,して,shite,して,shite,した,shita,した,shita,せ,se,せ,se,され,sare,さ|れ,sa|re,させ,sase,さ|せ,sa|se,させられ,saserare,さ|せ|ら|れ,sa|se|ra|re,せ,se,せ,se,そう,sou,そ|う,so|u,sa|shi|se|so,,,,,отражать; проецировать,проецировать,отражать / проецировать,отразить / спроецировать,отражаю / проецирую,буду отражать / проецировать,отражал(а) / проецировал(а),отразил(а) / спроецировал(а),отражу / спроецирую,отражу / спроецирую,отразив / спроецировав,отрази / спроецируй,отразим / спроецируем,отражать,отразить,отразить и затем…,agentive,Пассив: отражать,contextual,grammar_label,заставить отразить,быть вынужденным отразить,1,1,0,1,1,1,1,1,1,1,1,1,1,разрешить отразить
utsuru_2,写る,うつる,utsuru,получаться на фотографии,N3,godan-ru,utsu,写り,写った,写って,写らない,写れば,写ったら,写れる,,写られる,写らせる,写らせられる,写れ,写るな,写ろう,写りたい,写らなければ,写らなきゃ,写らなくちゃ,получаться на фото,получиться на фото,получается на фото,буду получаться на фото,получалось на фото,получилось на фото,получится на фото,получится на фото,получившись,,,Пассив: получаться на фото,заставить получиться на фото,быть вынужденным получиться на фото,写,写,る,ru,る,ru,り,ri,ら,ra,れ,re,れ,re,って,tte,って,tte,った,tta,った,tta,れ,re,れ,re,られ,rare,ら|れ,ra|re,らせ,rase,ら|せ,ra|se,らせられ,raserare,ら|せ|ら|れ,ra|se|ra|re,れ,re,れ,re,ろう,rou,ろ|う,ro|u,ra|ri|re|ro,,,,,получаться на фотографии,,получаться на фото,получиться на фото,получается на фото,буду получаться на фото,получалось на фото,получилось на фото,получится на фото,получится на фото,получившись,—,—,получаться на фото,получиться на фото,получиться на фото и затем…,non_agentive,Пассив: получаться на фото,contextual,grammar_label,заставить получиться на фото,быть вынужденным получиться на фото,1,1,0,1,0,0,0,0,1,0,0,0,1,разрешить получиться на фото
utsuru_3,映る,うつる,utsuru,отражаться,N3,godan-ru,utsu,映り,映った,映って,映らない,映れば,映ったら,映れる,,映られる,映らせる,映らせられる,映れ,映るな,映ろう,映りたい,映らなければ,映らなきゃ,映らなくちゃ,отражаться,отразиться,отражается,буду отражаться,отражалось,отразилось,отразится,отразится,отразившись,,,Пассив: отражаться,заставить отразиться,быть вынужденным отразиться,映,映,る,ru,る,ru,り,ri,ら,ra,れ,re,れ,re,って,tte,って,tte,った,tta,った,tta,れ,re,れ,re,られ,rare,ら|れ,ra|re,らせ,rase,ら|せ,ra|se,らせられ,raserare,ら|せ|ら|れ,ra|se|ra|re,れ,re,れ,re,ろう,rou,ろ|う,ro|u,ra|ri|re|ro,,,,,отражаться; показываться,показываться,отражаться / показываться,отразиться / показаться,отражается / показывается,буду отражаться / показываться,отражалось / показывалось,отразилось / показалось,отразится / покажется,отразится / покажется,отразившись / показавшись,—,—,отражаться,отразиться,отразиться и затем…,non_agentive,Пассив: отражаться,contextual,grammar_label,заставить отразиться,быть вынужденным отразиться,1,1,0,1,0,0,0,0,1,0,0,0,1,разрешить отразиться
ubau,奪う,うばう,ubau,отнимать,N3,godan-u,uba,奪い,奪った,奪って,奪わない,奪えば,奪ったら,奪える,,奪われる,奪わせる,奪わせられる,奪え,奪うな,奪おう,奪いたい,奪わなければ,奪わなきゃ,奪わなくちゃ,отнимать,отнять,отнимаю,буду отнимать,отнимал(а),отнял(а),отниму,отниму,отняв,отними,отнимем,Пассив: отнимать,заставить отнять,быть вынужденным отнять,奪,奪,う,u,う,u,い,i,わ,wa,え,e,え,e,って,tte,って,tte,った,tta,った,tta,え,e,え,e,われ,ware,わ|れ,wa|re,わせ,wase,わ|せ,wa|se,わせられ,waserare,わ|せ|ら|れ,wa|se|ra|re,え,e,え,e,おう,ou,お|う,o|u,wa|i|e|o,,,,,отнимать; лишать,лишать,отнимать / лишать,отнять / лишить,отнимаю / лишаю,буду отнимать / лишать,отнимал(а) / лишал(а),отнял(а) / лишил(а),отниму / лишу,отниму / лишу,отняв / лишив,отними / лиши,отнимем / лишим,отнимать,отнять,отнять и затем…,agentive,Пассив: отнимать,contextual,grammar_label,заставить отнять,быть вынужденным отнять,1,1,0,1,1,1,1,1,1,1,1,1,1,разрешить отнять
umeru,埋める,うめる,umeru,закапывать,N3,ichidan,ume,埋め,埋めた,埋めて,埋めない,埋めれば,埋めたら,埋められる,埋めれる,埋められる,埋めさせる,埋めさせられる,埋めろ,埋めるな,埋めよう,埋めたい,埋めなければ,埋めなきゃ,埋めなくちゃ,закапывать,закопать,закапываю,буду закапывать,закапывал(а),закопал(а),закопаю,закопаю,закопав,закопай,закопаем,Пассив: закапывать,заставить закопать,быть вынужденным закопать,埋め,埋め,る,ru,る,ru,,,,,れ,re,れ,re,て,te,て,te,た,ta,た,ta,られ,rare,ら|れ,ra|re,られ,rare,ら|れ,ra|re,させ,sase,さ|せ,sa|se,させられ,saserare,さ|せ|ら|れ,sa|se|ra|re,ろ,ro,ろ,ro,よう,you,よ|う,yo|u,ra|sa|re|ro|yo,れ,re,れ,re,закапывать; заполнять,заполнять,закапывать / заполнять,закопать / заполнить,закапываю / заполняю,буду закапывать / заполнять,закапывал(а) / заполнял(а),закопал(а) / заполнил(а),закопаю / заполню,закопаю / заполню,закопав / заполнив,закопай / заполни,закопаем / заполним,закапывать,закопать,закопать и затем…,agentive,Пассив: закапывать,contextual,grammar_label,заставить закопать,быть вынужденным закопать,1,1,0,1,1,1,1,1,1,1,1,1,1,разрешить закопать
uragiru,裏切る,うらぎる,uragiru,предавать,N3,godan-ru,uragi,裏切り,裏切った,裏切って,裏切らない,裏切れば,裏切ったら,裏切れる,,裏切られる,裏切らせる,裏切らせられる,裏切れ,裏切るな,裏切ろう,裏切りたい,裏切らなければ,裏切らなきゃ,裏切らなくちゃ,предавать,предать,предаю,буду предавать,предавал(а),предал(а),предам,предам,предав,не предавай,не предадим,Пассив: предавать,заставить предать,быть вынужденным предать,裏切,裏切,る,ru,る,ru,り,ri,ら,ra,れ,re,れ,re,って,tte,って,tte,った,tta,った,tta,れ,re,れ,re,られ,rare,ら|れ,ra|re,らせ,rase,ら|せ,ra|se,らせられ,raserare,ら|せ|ら|れ,ra|se|ra|re,れ,re,れ,re,ろう,rou,ろ|う,ro|u,ra|ri|re|ro,,,,,предавать,,предавать,предать,предаю,буду предавать,предавал(а),предал(а),предам,предам,предав,не предавай,не предадим,предавать,предать,предать и затем…,agentive,Пассив: предавать,contextual,grammar_label,заставить предать,быть вынужденным предать,1,1,0,1,1,1,1,1,1,1,1,1,1,разрешить предать
ureru,売れる,うれる,ureru,продаваться,N3,ichidan,ure,売れ,売れた,売れて,売れない,売れれば,売れたら,売れられる,売れれる,売れられる,売れさせる,売れさせられる,売れろ,売れるな,売れよう,売れたい,売れなければ,売れなきゃ,売れなくちゃ,продаваться,продаться,продаётся,буду продаваться,продавалось,продалось,продастся,продастся,продавшись,,,Пассив: продаваться,заставить продаться,быть вынужденным продаться,売れ,売れ,る,ru,る,ru,,,,,れ,re,れ,re,て,te,て,te,た,ta,た,ta,られ,rare,ら|れ,ra|re,られ,rare,ら|れ,ra|re,させ,sase,さ|せ,sa|se,させられ,saserare,さ|せ|ら|れ,sa|se|ra|re,ろ,ro,ろ,ro,よう,you,よ|う,yo|u,ra|sa|re|ro|yo,れ,re,れ,re,продаваться,,продаваться,продаться,продаётся,буду продаваться,продавалось,продалось,продастся,продастся,продавшись,—,—,продаваться,продаться,продаться и затем…,non_agentive,Пассив: продаваться,exclude,grammar_label,заставить продаться,быть вынужденным продаться,1,0,0,0,0,0,0,0,0,0,0,0,1,разрешить продаться
untensuru,運転する,うんてんする,untensuru,водить транспорт,N3,suru,untensu,運転し,運転した,運転して,運転しない,運転すれば,運転したら,運転できる,,運転される,運転させる,運転させられる,運転しろ,運転するな,運転しよう,運転したい,運転しなければ,運転しなきゃ,運転しなくちゃ,водить,повести,вожу,буду водить,водил(а),повёл(ла),поведу,поведу,поведя,веди,поведём,Пассив: водить,заставить повести,быть вынужденным повести,運転,運転,する,suru,す|る,su|ru,し,shi,し,shi,すれ,sure,す|れ,su|re,して,shite,し|て,shi|te,した,shita,し|た,shi|ta,でき,deki,でき,deki,され,sare,さ|れ,sa|re,させ,sase,さ|せ,sa|se,させられ,saserare,さ|せ|ら|れ,sa|se|ra|re,しろ,shiro,し|ろ,shi|ro,しよう,shiyou,し|よ|う,shi|yo|u,shi|su|deki|sa,,,,,водить транспорт,,водить,повести,вожу,буду водить,водил(а),повёл(ла),поведу,поведу,поведя,веди,поведём,водить,повести,повести и затем…,agentive,Пассив: водить,contextual,grammar_label,заставить повести,быть вынужденным повести,1,1,0,1,1,1,1,1,1,1,1,1,1,разрешить повести
egaku,描く,えがく,egaku,рисовать,N3,godan-ku,egak,描き,描いた,描いて,描かない,描けば,描いたら,描ける,,描かれる,描かせる,描かせられる,描け,描くな,描こう,描きたい,描かなければ,描かなきゃ,描かなくちゃ,рисовать,нарисовать,рисую,буду рисовать,рисовал(а),нарисовал(а),нарисую,нарисую,нарисовав,нарисуй,нарисуем,Пассив: рисовать,заставить нарисовать,быть вынужденным нарисовать,描,描,く,ku,く,ku,き,ki,か,ka,け,ke,け,ke,いて,ite,いて,ite,いた,ita,いた,ita,け,ke,け,ke,かれ,kare,か|れ,ka|re,かせ,kase,か|せ,ka|se,かせられ,kaserare,か|せ|ら|れ,ka|se|ra|re,け,ke,け,ke,こう,kou,こ|う,ko|u,ka|ki|ke|ko,,,,,рисовать; изображать,изображать,рисовать / изображать,нарисовать / изобразить,рисую / изображаю,буду рисовать / изображать,рисовал(а) / изображал(а),нарисовал(а) / изобразил(а),нарисую / изображу,нарисую / изображу,нарисовав / изобразив,нарисуй / изобрази,нарисуем / изобразим,рисовать,нарисовать,нарисовать и затем…,agentive,Пассив: рисовать,contextual,grammar_label,заставить нарисовать,быть вынужденным нарисовать,1,1,0,1,1,1,1,1,1,1,1,1,1,разрешить нарисовать
eru,得る,える,eru,получать,N3,ichidan,e,得,得た,得て,得ない,得れば,得たら,得られる,得れる,得られる,得させる,得させられる,得ろ,得るな,得よう,得たい,得なければ,得なきゃ,得なくちゃ,получать,получить,получаю,буду получать,получал(а),получил(а),получу,получу,получив,получи,получим,Пассив: получать,заставить получить,быть вынужденным получить,得,得,る,ru,る,ru,,,,,れ,re,れ,re,て,te,て,te,た,ta,た,ta,られ,rare,ら|れ,ra|re,られ,rare,ら|れ,ra|re,させ,sase,さ|せ,sa|se,させられ,saserare,さ|せ|ら|れ,sa|se|ra|re,ろ,ro,ろ,ro,よう,you,よ|う,yo|u,ra|sa|re|ro|yo,れ,re,れ,re,получать; приобретать,приобретать,получать / приобретать,получить / приобрести,получаю / приобретаю,буду получать / приобретать,получал(а) / приобретал(а),получил(а) / приобрёл(ла),получу / приобрету,получу / приобрету,получив / приобретя,получи / приобрети,получим / приобретём,получать,получить,получить и затем…,agentive,Пассив: получать,contextual,grammar_label,заставить получить,быть вынужденным получить,1,1,0,1,1,1,1,1,1,1,1,1,1,разрешить получить
oitsuku,追い付く,おいつく,oitsuku,догонять,N3,godan-ku,oitsuk,追い付き,追い付いた,追い付いて,追い付かない,追い付けば,追い付いたら,追い付ける,,追い付かれる,追い付かせる,追い付かせられる,追い付け,追い付くな,追い付こう,追い付きたい,追い付かなければ,追い付かなきゃ,追い付かなくちゃ,догонять,догнать,догоняю,буду догонять,догонял(а),догнал(а),догоню,догоню,догнав,догони,догоним,Пассив: догонять,заставить догнать,быть вынужденным догнать,追い付,追い付,く,ku,く,ku,き,ki,か,ka,け,ke,け,ke,いて,ite,いて,ite,いた,ita,いた,ita,け,ke,け,ke,かれ,kare,か|れ,ka|re,かせ,kase,か|せ,ka|se,かせられ,kaserare,か|せ|ら|れ,ka|se|ra|re,け,ke,け,ke,こう,kou,こ|う,ko|u,ka|ki|ke|ko,,,,,догонять,,догонять,догнать,догоняю,буду догонять,догонял(а),догнал(а),догоню,догоню,догнав,догони,догоним,догонять,догнать,догнать и затем…,agentive,Пассив: догонять,contextual,grammar_label,заставить догнать,быть вынужденным догнать,1,1,0,1,1,1,1,1,1,1,1,1,1,разрешить догнать
ou,追う,おう,ou,преследовать,N3,godan-u,o,追い,追った,追って,追わない,追えば,追ったら,追える,,追われる,追わせる,追わせられる,追え,追うな,追おう,追いたい,追わなければ,追わなきゃ,追わなくちゃ,преследовать,погнаться,преследую,буду преследовать,преследовал(а),погнался(ась),погонюсь,погонюсь,погнавшись,гонись,погонимся,Пассив: преследовать,заставить погнаться,быть вынужденным погнаться,追,追,う,u,う,u,い,i,わ,wa,え,e,え,e,って,tte,って,tte,った,tta,った,tta,え,e,え,e,われ,ware,わ|れ,wa|re,わせ,wase,わ|せ,wa|se,わせられ,waserare,わ|せ|ら|れ,wa|se|ra|re,え,e,え,e,おう,ou,お|う,o|u,wa|i|e|o,,,,,преследовать; гнаться,гнаться,преследовать / гнаться,погнаться,преследую / гонюсь,буду преследовать / гнаться,преследовал(а) / гнался(ась),погнался(ась),погонюсь,погонюсь,погнавшись,гонись,погонимся,преследовать,погнаться,погнаться и затем…,agentive,Пассив: преследовать,contextual,grammar_label,заставить погнаться,быть вынужденным погнаться,1,1,0,1,1,1,1,1,1,1,1,1,1,разрешить погнаться
oujiru,応じる,おうじる,oujiru,реагировать,N3,ichidan,ouji,応じ,応じた,応じて,応じない,応じれば,応じたら,応じられる,応じれる,応じられる,応じさせる,応じさせられる,応じろ,応じるな,応じよう,応じたい,応じなければ,応じなきゃ,応じなくちゃ,реагировать,отреагировать,реагирую,буду реагировать,реагировал(а),отреагировал(а),отреагирую,отреагирую,отреагировав,отреагируй,отреагируем,Пассив: реагировать,заставить отреагировать,быть вынужденным отреагировать,応じ,応じ,る,ru,る,ru,,,,,れ,re,れ,re,て,te,て,te,た,ta,た,ta,られ,rare,ら|れ,ra|re,られ,rare,ら|れ,ra|re,させ,sase,さ|せ,sa|se,させられ,saserare,さ|せ|ら|れ,sa|se|ra|re,ろ,ro,ろ,ro,よう,you,よ|う,yo|u,ra|sa|re|ro|yo,れ,re,れ,re,реагировать; соответствовать,соответствовать,реагировать / соответствовать,отреагировать / согласиться,реагирую / соответствую,буду реагировать / соответствовать,реагировал(а) / соответствовал(а),отреагировал(а) / согласился(ась),отреагирую / соглашусь,отреагирую / соглашусь,отреагировав / согласившись,отреагируй / согласись,отреагируем / согласимся,реагировать,отреагировать,отреагировать и затем…,agentive,Пассив: реагировать,contextual,grammar_label,заставить отреагировать,быть вынужденным отреагировать,1,1,0,1,1,1,1,1,1,1,1,1,1,разрешить отреагировать
oeru,終える,おえる,oeru,заканчивать,N3,ichidan,oe,終え,終えた,終えて,終えない,終えれば,終えたら,終えられる,終えれる,終えられる,終えさせる,終えさせられる,終えろ,終えるな,終えよう,終えたい,終えなければ,終えなきゃ,終えなくちゃ,заканчивать,закончить,заканчиваю,буду заканчивать,заканчивал(а),закончил(а),закончу,закончу,закончив,закончи,закончим,Пассив: заканчивать,заставить закончить,быть вынужденным закончить,終え,終え,る,ru,る,ru,,,,,れ,re,れ,re,て,te,て,te,た,ta,た,ta,られ,rare,ら|れ,ra|re,られ,rare,ら|れ,ra|re,させ,sase,さ|せ,sa|se,させられ,saserare,さ|せ|ら|れ,sa|se|ra|re,ろ,ro,ろ,ro,よう,you,よ|う,yo|u,ra|sa|re|ro|yo,れ,re,れ,re,заканчивать,,заканчивать,закончить,заканчиваю,буду заканчивать,заканчивал(а),закончил(а),закончу,закончу,закончив,закончи,закончим,заканчивать,закончить,закончить и затем…,agentive,Пассив: заканчивать,contextual,grammar_label,заставить закончить,быть вынужденным закончить,1,1,0,1,1,1,1,1,1,1,1,1,1,разрешить закончить
oou,覆う,おおう,oou,покрывать,N3,godan-u,oo,覆い,覆った,覆って,覆わない,覆えば,覆ったら,覆える,,覆われる,覆わせる,覆わせられる,覆え,覆うな,覆おう,覆いたい,覆わなければ,覆わなきゃ,覆わなくちゃ,покрывать,покрыть,покрываю,буду покрывать,покрывал(а),покрыл(а),покрою,покрою,покрыв,покрой,покроем,Пассив: покрывать,заставить покрыть,быть вынужденным покрыть,覆,覆,う,u,う,u,い,i,わ,wa,え,e,え,e,って,tte,って,tte,った,tta,った,tta,え,e,え,e,われ,ware,わ|れ,wa|re,わせ,wase,わ|せ,wa|se,わせられ,waserare,わ|せ|ら|れ,wa|se|ra|re,え,e,え,e,おう,ou,お|う,o|u,wa|i|e|o,,,,,покрывать; накрывать,накрывать,покрывать / накрывать,покрыть / накрыть,покрываю / накрываю,буду покрывать / накрывать,покрывал(а) / накрывал(а),покрыл(а) / накрыл(а),покрою / накрою,покрою / накрою,покрыв / накрыв,покрой / накрой,покроем / накроем,покрывать,покрыть,покрыть и затем…,agentive,Пассив: покрывать,contextual,grammar_label,заставить покрыть,быть вынужденным покрыть,1,1,0,1,1,1,1,1,1,1,1,1,1,разрешить покрыть
okuru_2,贈る,おくる,okuru,дарить,N3,godan-ru,oku,贈り,贈った,贈って,贈らない,贈れば,贈ったら,贈れる,,贈られる,贈らせる,贈らせられる,贈れ,贈るな,贈ろう,贈りたい,贈らなければ,贈らなきゃ,贈らなくちゃ,дарить,подарить,дарю,буду дарить,дарил(а),подарил(а),подарю,подарю,подарив,подари,подарим,Пассив: дарить,заставить подарить,быть вынужденным подарить,贈,贈,る,ru,る,ru,り,ri,ら,ra,れ,re,れ,re,って,tte,って,tte,った,tta,った,tta,れ,re,れ,re,られ,rare,ら|れ,ra|re,らせ,rase,ら|せ,ra|se,らせられ,raserare,ら|せ|ら|れ,ra|se|ra|re,れ,re,れ,re,ろう,rou,ろ|う,ro|u,ra|ri|re|ro,,,,,дарить,,дарить,подарить,дарю,буду дарить,дарил(а),подарил(а),подарю,подарю,подарив,подари,подарим,дарить,подарить,подарить и затем…,agentive,Пассив: дарить,contextual,grammar_label,заставить подарить,быть вынужденным подарить,1,1,0,1,1,1,1,1,1,1,1,1,1,разрешить подарить
okoru_2,起こる,おこる,okoru,происходить,N3,godan-ru,oko,起こり,起こった,起こって,起こらない,起これば,起こったら,起これる,,起こられる,起こらせる,起こらせられる,起これ,起こるな,起ころう,起こりたい,起こらなければ,起こらなきゃ,起こらなくちゃ,происходить,произойти,происходит,буду происходить,происходило,произошло,произойдёт,произойдёт,произойдя,,,Пассив: происходить,заставить произойти,быть вынужденным произойти,起こ,起こ,る,ru,る,ru,り,ri,ら,ra,れ,re,れ,re,って,tte,って,tte,った,tta,った,tta,れ,re,れ,re,られ,rare,ら|れ,ra|re,らせ,rase,ら|せ,ra|se,らせられ,raserare,ら|せ|ら|れ,ra|se|ra|re,れ,re,れ,re,ろう,rou,ろ|う,ro|u,ra|ri|re|ro,,,,,происходить; случаться,случаться,происходить / случаться,произойти / случиться,происходит / случается,буду происходить / случаться,происходило / случалось,произошло / случилось,произойдёт / случится,произойдёт / случится,произойдя / случившись,—,—,происходить,произойти,произойти и затем…,non_agentive,Пассив: происходить,contextual,grammar_label,заставить произойти,быть вынужденным произойти,1,0,0,1,0,0,0,0,1,0,0,0,1,разрешить произойти
osaeru,抑える,おさえる,osaeru,сдерживать,N3,ichidan,osae,抑え,抑えた,抑えて,抑えない,抑えれば,抑えたら,抑えられる,抑えれる,抑えられる,抑えさせる,抑えさせられる,抑えろ,抑えるな,抑えよう,抑えたい,抑えなければ,抑えなきゃ,抑えなくちゃ,сдерживать,сдержать,сдерживаю,буду сдерживать,сдерживал(а),сдержал(а),сдержу,сдержу,сдержав,сдержи,сдержим,Пассив: сдерживать,заставить сдержать,быть вынужденным сдержать,抑え,抑え,る,ru,る,ru,,,,,れ,re,れ,re,て,te,て,te,た,ta,た,ta,られ,rare,ら|れ,ra|re,られ,rare,ら|れ,ra|re,させ,sase,さ|せ,sa|se,させられ,saserare,さ|せ|ら|れ,sa|se|ra|re,ろ,ro,ろ,ro,よう,you,よ|う,yo|u,ra|sa|re|ro|yo,れ,re,れ,re,сдерживать; удерживать,удерживать,сдерживать / удерживать,сдержать / удержать,сдерживаю / удерживаю,буду сдерживать / удерживать,сдерживал(а) / удерживал(а),сдержал(а) / удержал(а),сдержу / удержу,сдержу / удержу,сдержав / удержав,сдержи / удержи,сдержим / удержим,сдерживать,сдержать,сдержать и затем…,agentive,Пассив: сдерживать,contextual,grammar_label,заставить сдержать,быть вынужденным сдержать,1,1,0,1,1,1,1,1,1,1,1,1,1,разрешить сдержать
osameru,収める,おさめる,osameru,помещать,N3,ichidan,osame,収め,収めた,収めて,収めない,収めれば,収めたら,収められる,収めれる,収められる,収めさせる,収めさせられる,収めろ,収めるな,収めよう,収めたい,収めなければ,収めなきゃ,収めなくちゃ,помещать,поместить,помещаю,буду помещать,помещал(а),поместил(а),помещу,помещу,поместив,помести,поместим,Пассив: помещать,заставить поместить,быть вынужденным поместить,収め,収め,る,ru,る,ru,,,,,れ,re,れ,re,て,te,て,te,た,ta,た,ta,られ,rare,ら|れ,ra|re,られ,rare,ら|れ,ra|re,させ,sase,さ|せ,sa|se,させられ,saserare,さ|せ|ら|れ,sa|se|ra|re,ろ,ro,ろ,ro,よう,you,よ|う,yo|u,ra|sa|re|ro|yo,れ,re,れ,re,помещать; добиваться,добиваться,помещать / добиваться,поместить / добиться,помещаю / добиваюсь,буду помещать / добиваться,помещал(а) / добивался(ась),поместил(а) / добился(ась),помещу / добьюсь,помещу / добьюсь,поместив / добившись,помести / добейся,поместим / добьёмся,помещать,поместить,поместить и затем…,agentive,Пассив: помещать,contextual,grammar_label,заставить поместить,быть вынужденным поместить,1,1,0,1,1,1,1,1,1,1,1,1,1,разрешить поместить
osoreru,恐れる,おそれる,osoreru,бояться,N3,ichidan,osore,恐れ,恐れた,恐れて,恐れない,恐れれば,恐れたら,恐れられる,恐れれる,恐れられる,恐れさせる,恐れさせられる,恐れろ,恐れるな,恐れよう,恐れたい,恐れなければ,恐れなきゃ,恐れなくちゃ,бояться,испугаться,боюсь,буду бояться,боялся(ась),испугался(ась),испугаюсь,испугаюсь,испугавшись,не бойся,не испугаемся,Пассив: бояться,заставить испугаться,быть вынужденным испугаться,恐れ,恐れ,る,ru,る,ru,,,,,れ,re,れ,re,て,te,て,te,た,ta,た,ta,られ,rare,ら|れ,ra|re,られ,rare,ら|れ,ra|re,させ,sase,さ|せ,sa|se,させられ,saserare,さ|せ|ら|れ,sa|se|ra|re,ろ,ro,ろ,ro,よう,you,よ|う,yo|u,ra|sa|re|ro|yo,れ,re,れ,re,бояться,,бояться,испугаться,боюсь,буду бояться,боялся(ась),испугался(ась),испугаюсь,испугаюсь,испугавшись,не бойся,не испугаемся,бояться,испугаться,испугаться и затем…,agentive,Пассив: бояться,contextual,grammar_label,заставить испугаться,быть вынужденным испугаться,1,1,0,1,1,1,1,1,1,1,1,1,1,разрешить испугаться
osowaru,教わる,おそわる,osowaru,обучаться у кого-то,N3,godan-ru,osowa,教わり,教わった,教わって,教わらない,教われば,教わったら,教われる,,教わられる,教わらせる,教わらせられる,教われ,教わるな,教わろう,教わりたい,教わらなければ,教わらなきゃ,教わらなくちゃ,обучаться,научиться,учусь,буду обучаться,учился(ась),научился(ась),научусь,научусь,научившись,учись,научимся,Пассив: обучаться,заставить научиться,быть вынужденным научиться,教わ,教わ,る,ru,る,ru,り,ri,ら,ra,れ,re,れ,re,って,tte,って,tte,った,tta,った,tta,れ,re,れ,re,られ,rare,ら|れ,ra|re,らせ,rase,ら|せ,ra|se,らせられ,raserare,ら|せ|ら|れ,ra|se|ra|re,れ,re,れ,re,ろう,rou,ろ|う,ro|u,ra|ri|re|ro,,,,,обучаться у кого-то,,обучаться,научиться,учусь,буду обучаться,учился(ась),научился(ась),научусь,научусь,научившись,учись,научимся,обучаться,научиться,научиться и затем…,agentive,Пассив: обучаться,contextual,grammar_label,заставить научиться,быть вынужденным научиться,1,1,0,1,1,1,1,1,1,1,1,1,1,разрешить научиться
otoru,劣る,おとる,otoru,уступать,N3,godan-ru,oto,劣り,劣った,劣って,劣らない,劣れば,劣ったら,劣れる,,劣られる,劣らせる,劣らせられる,劣れ,劣るな,劣ろう,劣りたい,劣らなければ,劣らなきゃ,劣らなくちゃ,уступать,уступить,уступаю,буду уступать,уступал(а),уступил(а),уступлю,уступлю,уступив,,,Пассив: уступать,заставить уступить,быть вынужденным уступить,劣,劣,る,ru,る,ru,り,ri,ら,ra,れ,re,れ,re,って,tte,って,tte,った,tta,った,tta,れ,re,れ,re,られ,rare,ら|れ,ra|re,らせ,rase,ら|せ,ra|se,らせられ,raserare,ら|せ|ら|れ,ra|se|ra|re,れ,re,れ,re,ろう,rou,ろ|う,ro|u,ra|ri|re|ro,,,,,уступать; быть хуже,быть хуже,уступать,уступить,уступаю,буду уступать,уступал(а),уступил(а),уступлю,уступлю,уступив,—,—,уступать,уступить,уступить и затем…,non_agentive,Пассив: уступать,contextual,grammar_label,заставить уступить,быть вынужденным уступить,1,1,0,1,0,0,0,0,1,0,0,0,1,разрешить уступить
oboreru,溺れる,おぼれる,oboreru,тонуть,N3,ichidan,obore,溺れ,溺れた,溺れて,溺れない,溺れれば,溺れたら,溺れられる,溺れれる,溺れられる,溺れさせる,溺れさせられる,溺れろ,溺れるな,溺れよう,溺れたい,溺れなければ,溺れなきゃ,溺れなくちゃ,тонуть,утонуть,тону,буду тонуть,тонул(а),утонул(а),утону,утону,утонув,не тони,не утонем,Пассив: тонуть,заставить утонуть,быть вынужденным утонуть,溺れ,溺れ,る,ru,る,ru,,,,,れ,re,れ,re,て,te,て,te,た,ta,た,ta,られ,rare,ら|れ,ra|re,られ,rare,ら|れ,ra|re,させ,sase,さ|せ,sa|se,させられ,saserare,さ|せ|ら|れ,sa|se|ra|re,ろ,ro,ろ,ro,よう,you,よ|う,yo|u,ra|sa|re|ro|yo,れ,re,れ,re,тонуть,,тонуть,утонуть,тону,буду тонуть,тонул(а),утонул(а),утону,утону,утонув,не тони,не утонем,тонуть,утонуть,утонуть и затем…,agentive,Пассив: тонуть,contextual,grammar_label,заставить утонуть,быть вынужденным утонуть,1,1,0,1,1,1,1,1,1,1,1,1,1,разрешить утонуть
omoitsuku,思い付く,おもいつく,omoitsuku,придумывать,N3,godan-ku,omoitsuk,思い付き,思い付いた,思い付いて,思い付かない,思い付けば,思い付いたら,思い付ける,,思い付かれる,思い付かせる,思い付かせられる,思い付け,思い付くな,思い付こう,思い付きたい,思い付かなければ,思い付かなきゃ,思い付かなくちゃ,придумывать,придумать,придумываю,буду придумывать,придумывал(а),придумал(а),придумаю,придумаю,придумав,придумай,придумаем,Пассив: придумывать,заставить придумать,быть вынужденным придумать,思い付,思い付,く,ku,く,ku,き,ki,か,ka,け,ke,け,ke,いて,ite,いて,ite,いた,ita,いた,ita,け,ke,け,ke,かれ,kare,か|れ,ka|re,かせ,kase,か|せ,ka|se,かせられ,kaserare,か|せ|ら|れ,ka|se|ra|re,け,ke,け,ke,こう,kou,こ|う,ko|u,ka|ki|ke|ko,,,,,придумывать,,придумывать,придумать,придумываю,буду придумывать,придумывал(а),придумал(а),придумаю,придумаю,придумав,придумай,придумаем,придумывать,придумать,придумать и затем…,agentive,Пассив: придумывать,contextual,grammar_label,заставить придумать,быть вынужденным придумать,1,1,0,1,1,1,1,1,1,1,1,1,1,разрешить придумать
oyobosu,及ぼす,およぼす,oyobosu,оказывать влияние,N3,godan-su,oyobos,及ぼし,及ぼした,及ぼして,及ぼさない,及ぼせば,及ぼしたら,及ぼせる,,及ぼされる,及ぼさせる,及ぼさせられる,及ぼせ,及ぼすな,及ぼそう,及ぼしたい,及ぼさなければ,及ぼさなきゃ,及ぼさなくちゃ,оказывать,оказать,оказываю,буду оказывать,оказывал(а),оказал(а),окажу,окажу,оказав,окажи,окажем,Пассив: оказывать,заставить оказать,быть вынужденным оказать,及ぼ,及ぼ,す,su,す,su,し,shi,さ,sa,せ,se,せ,se,して,shite,して,shite,した,shita,した,shita,せ,se,せ,se,され,sare,さ|れ,sa|re,させ,sase,さ|せ,sa|se,させられ,saserare,さ|せ|ら|れ,sa|se|ra|re,せ,se,せ,se,そう,sou,そ|う,so|u,sa|shi|se|so,,,,,оказывать влияние; причинять,причинять,оказывать / причинять,оказать / причинить,оказываю / причиняю,буду оказывать / причинять,оказывал(а) / причинял(а),оказал(а) / причинил(а),окажу / причиню,окажу / причиню,оказав / причинив,окажи / причини,окажем / причиним,оказывать,оказать,оказать и затем…,agentive,Пассив: оказывать,contextual,grammar_label,заставить оказать,быть вынужденным оказать,1,1,0,1,1,1,1,1,1,1,1,1,1,разрешить оказать
orosu,降ろす,おろす,orosu,спускать,N3,godan-su,oros,降ろし,降ろした,降ろして,降ろさない,降ろせば,降ろしたら,降ろせる,,降ろされる,降ろさせる,降ろさせられる,降ろせ,降ろすな,降ろそう,降ろしたい,降ろさなければ,降ろさなきゃ,降ろさなくちゃ,спускать,спустить,спускаю,буду спускать,спускал(а),спустил(а),спущу,спущу,спустив,спусти,спустим,Пассив: спускать,заставить спустить,быть вынужденным спустить,降ろ,降ろ,す,su,す,su,し,shi,さ,sa,せ,se,せ,se,して,shite,して,shite,した,shita,した,shita,せ,se,せ,se,され,sare,さ|れ,sa|re,させ,sase,さ|せ,sa|se,させられ,saserare,さ|せ|ら|れ,sa|se|ra|re,せ,se,せ,se,そう,sou,そ|う,so|u,sa|shi|se|so,,,,,спускать; высаживать,высаживать,спускать / высаживать,спустить / высадить,спускаю / высаживаю,буду спускать / высаживать,спускал(а) / высаживал(а),спустил(а) / высадил(а),спущу / высажу,спущу / высажу,спустив / высадив,спусти / высади,спустим / высадим,спускать,спустить,спустить и затем…,agentive,Пассив: спускать,contextual,grammar_label,заставить спустить,быть вынужденным спустить,1,1,0,1,1,1,1,1,1,1,1,1,1,разрешить спустить
kau_2,飼う,かう,kau,держать домашнее животное,N3,godan-u,ka,飼い,飼った,飼って,飼わない,飼えば,飼ったら,飼える,,飼われる,飼わせる,飼わせられる,飼え,飼うな,飼おう,飼いたい,飼わなければ,飼わなきゃ,飼わなくちゃ,держать,завести,держу,буду держать,держал(а),завёл(ла),заведу,заведу,заведя,заведи,заведём,Пассив: держать,заставить завести,быть вынужденным завести,飼,飼,う,u,う,u,い,i,わ,wa,え,e,え,e,って,tte,って,tte,った,tta,った,tta,え,e,え,e,われ,ware,わ|れ,wa|re,わせ,wase,わ|せ,wa|se,わせられ,waserare,わ|せ|ら|れ,wa|se|ra|re,え,e,え,e,おう,ou,お|う,o|u,wa|i|e|o,,,,,держать домашнее животное,,держать / разводить,завести / вырастить,держу / развожу,буду держать / разводить,держал(а) / разводил(а),завёл(ла) / вырастил(а),заведу / выращу,заведу / выращу,заведя / вырастив,заведи,заведём,держать,завести,завести и затем…,agentive,Пассив: держать,contextual,grammar_label,заставить завести,быть вынужденным завести,1,1,0,1,1,1,1,1,1,1,1,1,1,разрешить завести
kaesu_2,帰す,かえす,kaesu,отправлять обратно,N3,godan-su,kaes,帰し,帰した,帰して,帰さない,帰せば,帰したら,帰せる,,帰される,帰させる,帰させられる,帰せ,帰すな,帰そう,帰したい,帰さなければ,帰さなきゃ,帰さなくちゃ,отправлять обратно,отправить обратно,отправляю обратно,буду отправлять обратно,отправлял(а) обратно,отправил(а) обратно,отправлю обратно,отправлю обратно,отправив обратно,отправь обратно,отправим обратно,Пассив: отправлять обратно,заставить отправить обратно,быть вынужденным отправить обратно,帰,帰,す,su,す,su,し,shi,さ,sa,せ,se,せ,se,して,shite,して,shite,した,shita,した,shita,せ,se,せ,se,され,sare,さ|れ,sa|re,させ,sase,さ|せ,sa|se,させられ,saserare,さ|せ|ら|れ,sa|se|ra|re,せ,se,せ,se,そう,sou,そ|う,so|u,sa|shi|se|so,,,,,отправлять обратно,,отправлять обратно,отправить обратно,отправляю обратно,буду отправлять обратно,отправлял(а) обратно,отправил(а) обратно,отправлю обратно,отправлю обратно,отправив обратно,отправь обратно,отправим обратно,отправлять обратно,отправить обратно,отправить обратно и затем…,agentive,Пассив: отправлять обратно,contextual,grammar_label,заставить отправить обратно,быть вынужденным отправить обратно,1,1,0,1,1,1,1,1,1,1,1,1,1,разрешить отправить обратно
kaeru_2,替える,かえる,kaeru,заменять,N3,ichidan,kae,替え,替えた,替えて,替えない,替えれば,替えたら,替えられる,替えれる,替えられる,替えさせる,替えさせられる,替えろ,替えるな,替えよう,替えたい,替えなければ,替えなきゃ,替えなくちゃ,заменять,заменить,заменяю,буду заменять,заменял(а),заменил(а),заменю,заменю,заменив,замени,заменим,Пассив: заменять,заставить заменить,быть вынужденным заменить,替え,替え,る,ru,る,ru,,,,,れ,re,れ,re,て,te,て,te,た,ta,た,ta,られ,rare,ら|れ,ra|re,られ,rare,ら|れ,ra|re,させ,sase,さ|せ,sa|se,させられ,saserare,さ|せ|ら|れ,sa|se|ra|re,ろ,ro,ろ,ro,よう,you,よ|う,yo|u,ra|sa|re|ro|yo,れ,re,れ,re,заменять; менять,менять,заменять / менять,заменить / поменять,заменяю / меняю,буду заменять / менять,заменял(а) / менял(а),заменил(а) / поменял(а),заменю / поменяю,заменю / поменяю,заменив / поменяв,замени / поменяй,заменим / поменяем,заменять,заменить,заменить и затем…,agentive,Пассив: заменять,contextual,grammar_label,заставить заменить,быть вынужденным заменить,1,1,0,1,1,1,1,1,1,1,1,1,1,разрешить заменить
kakaeru,抱える,かかえる,kakaeru,держать,N3,ichidan,kakae,抱え,抱えた,抱えて,抱えない,抱えれば,抱えたら,抱えられる,抱えれる,抱えられる,抱えさせる,抱えさせられる,抱えろ,抱えるな,抱えよう,抱えたい,抱えなければ,抱えなきゃ,抱えなくちゃ,держать,подхватить,держу,буду держать,держал(а),подхватил(а),подхвачу,подхвачу,подхватив,держи,подхватим,Пассив: держать,заставить подхватить,быть вынужденным подхватить,抱え,抱え,る,ru,る,ru,,,,,れ,re,れ,re,て,te,て,te,た,ta,た,ta,られ,rare,ら|れ,ra|re,られ,rare,ら|れ,ra|re,させ,sase,さ|せ,sa|se,させられ,saserare,さ|せ|ら|れ,sa|se|ra|re,ろ,ro,ろ,ro,よう,you,よ|う,yo|u,ra|sa|re|ro|yo,れ,re,れ,re,держать; иметь проблему,иметь проблему,держать / иметь,подхватить / получить,держу / имею,буду держать / иметь,держал(а) / имел(а),подхватил(а) / получил(а),подхвачу / получу,подхвачу / получу,подхватив / получив,держи,подхватим / получим,держать,подхватить,подхватить и затем…,agentive,Пассив: держать,contextual,grammar_label,заставить подхватить,быть вынужденным подхватить,1,1,0,1,1,1,1,1,1,1,1,1,1,разрешить подхватить
kagayaku,輝く,かがやく,kagayaku,сиять,N3,godan-ku,kagayak,輝き,輝いた,輝いて,輝かない,輝けば,輝いたら,輝ける,,輝かれる,輝かせる,輝かせられる,輝け,輝くな,輝こう,輝きたい,輝かなければ,輝かなきゃ,輝かなくちゃ,сиять,засиять,сияет,буду сиять,сияло,засияло,засияет,засияет,засияв,,,Пассив: сиять,заставить засиять,быть вынужденным засиять,輝,輝,く,ku,く,ku,き,ki,か,ka,け,ke,け,ke,いて,ite,いて,ite,いた,ita,いた,ita,け,ke,け,ke,かれ,kare,か|れ,ka|re,かせ,kase,か|せ,ka|se,かせられ,kaserare,か|せ|ら|れ,ka|se|ra|re,け,ke,け,ke,こう,kou,こ|う,ko|u,ka|ki|ke|ko,,,,,сиять; блестеть,блестеть,сиять / блестеть,засиять / блеснуть,сияет / блестит,буду сиять / блестеть,сияло / блестело,засияло / блеснуло,засияет / блеснёт,засияет / блеснёт,засияв / блеснув,—,—,сиять,засиять,засиять и затем…,non_agentive,Пассив: сиять,contextual,grammar_label,заставить засиять,быть вынужденным засиять,1,1,0,1,0,0,0,0,1,0,0,0,1,разрешить засиять
kagiru,限る,かぎる,kagiru,ограничивать,N3,godan-ru,kagi,限り,限った,限って,限らない,限れば,限ったら,限れる,,限られる,限らせる,限らせられる,限れ,限るな,限ろう,限りたい,限らなければ,限らなきゃ,限らなくちゃ,ограничивать,ограничить,ограничиваю,буду ограничивать,ограничивал(а),ограничил(а),ограничу,ограничу,ограничив,ограничь,ограничим,Пассив: ограничивать,заставить ограничить,быть вынужденным ограничить,限,限,る,ru,る,ru,り,ri,ら,ra,れ,re,れ,re,って,tte,って,tte,った,tta,った,tta,れ,re,れ,re,られ,rare,ら|れ,ra|re,らせ,rase,ら|せ,ra|se,らせられ,raserare,ら|せ|ら|れ,ra|se|ra|re,れ,re,れ,re,ろう,rou,ろ|う,ro|u,ra|ri|re|ro,,,,,ограничивать,,ограничивать,ограничить,ограничиваю,буду ограничивать,ограничивал(а),ограничил(а),ограничу,ограничу,ограничив,ограничь,ограничим,ограничивать,ограничить,ограничить и затем…,agentive,Пассив: ограничивать,contextual,grammar_label,заставить ограничить,быть вынужденным ограничить,1,1,0,1,1,1,1,1,1,1,1,1,1,разрешить ограничить
kaku_2,掻く,かく,kaku,чесать,N3,godan-ku,kak,掻き,掻いた,掻いて,掻かない,掻けば,掻いたら,掻ける,,掻かれる,掻かせる,掻かせられる,掻け,掻くな,掻こう,掻きたい,掻かなければ,掻かなきゃ,掻かなくちゃ,чесать,почесать,чешу,буду чесать,чесал(а),почесал(а),почешу,почешу,почесав,почеши,почешем,Пассив: чесать,заставить почесать,быть вынужденным почесать,掻,掻,く,ku,く,ku,き,ki,か,ka,け,ke,け,ke,いて,ite,いて,ite,いた,ita,いた,ita,け,ke,け,ke,かれ,kare,か|れ,ka|re,かせ,kase,か|せ,ka|se,かせられ,kaserare,か|せ|ら|れ,ka|se|ra|re,け,ke,け,ke,こう,kou,こ|う,ko|u,ka|ki|ke|ko,,,,,чесать; царапать,царапать,чесать / царапать,почесать / поцарапать,чешу / царапаю,буду чесать / царапать,чесал(а) / царапал(а),почесал(а) / поцарапал(а),почешу / поцарапаю,почешу / поцарапаю,почесав / поцарапав,почеши / поцарапай,почешем / поцарапаем,чесать,почесать,почесать и затем…,agentive,Пассив: чесать,contextual,grammar_label,заставить почесать,быть вынужденным почесать,1,1,0,1,1,1,1,1,1,1,1,1,1,разрешить почесать
kakusu,隠す,かくす,kakusu,прятать,N3,godan-su,kakus,隠し,隠した,隠して,隠さない,隠せば,隠したら,隠せる,,隠される,隠させる,隠させられる,隠せ,隠すな,隠そう,隠したい,隠さなければ,隠さなきゃ,隠さなくちゃ,прятать,спрятать,прячу,буду прятать,прятал(а),спрятал(а),спрячу,спрячу,спрятав,спрячь,спрячем,быть спрятанным,заставить спрятать,быть вынужденным спрятать,隠,隠,す,su,す,su,し,shi,さ,sa,せ,se,せ,se,して,shite,して,shite,した,shita,した,shita,せ,se,せ,se,され,sare,さ|れ,sa|re,させ,sase,さ|せ,sa|se,させられ,saserare,さ|せ|ら|れ,sa|se|ra|re,せ,se,せ,se,そう,sou,そ|う,so|u,sa|shi|se|so,,,,,прятать,,прятать,спрятать,прячу,буду прятать,прятал(а),спрятал(а),спрячу,спрячу,спрятав,спрячь,спрячем,прятать,спрятать,спрятать и затем…,agentive,быть спрятанным,natural,natural,заставить спрятать,быть вынужденным спрятать,1,1,1,0,1,1,1,1,1,1,1,1,1,разрешить спрятать
kakuninsuru,確認する,かくにんする,kakuninsuru,проверять,N3,suru,kakuninsu,確認し,確認した,確認して,確認しない,確認すれば,確認したら,確認できる,,確認される,確認させる,確認させられる,確認しろ,確認するな,確認しよう,確認したい,確認しなければ,確認しなきゃ,確認しなくちゃ,проверять,проверить,проверяю,буду проверять,проверял(а),проверил(а),проверю,проверю,проверив,проверь,проверим,быть подтверждённым,заставить проверить,быть вынужденным проверить,確認,確認,する,suru,す|る,su|ru,し,shi,し,shi,すれ,sure,す|れ,su|re,して,shite,し|て,shi|te,した,shita,し|た,shi|ta,でき,deki,でき,deki,され,sare,さ|れ,sa|re,させ,sase,さ|せ,sa|se,させられ,saserare,さ|せ|ら|れ,sa|se|ra|re,しろ,shiro,し|ろ,shi|ro,しよう,shiyou,し|よ|う,shi|yo|u,shi|su|deki|sa,,,,,проверять; подтверждать,подтверждать,проверять / подтверждать,проверить / подтвердить,проверяю / подтверждаю,буду проверять / подтверждать,проверял(а) / подтверждал(а),проверил(а) / подтвердил(а),проверю / подтвержу,проверю / подтвержу,проверив / подтвердив,проверь / подтверди,проверим / подтвердим,проверять,проверить,проверить и затем…,agentive,быть подтверждённым,natural,natural,заставить проверить,быть вынужденным проверить,1,1,1,0,1,1,1,1,1,1,1,1,1,разрешить проверить
kakureru,隠れる,かくれる,kakureru,прятаться,N3,ichidan,kakure,隠れ,隠れた,隠れて,隠れない,隠れれば,隠れたら,隠れられる,隠れれる,隠れられる,隠れさせる,隠れさせられる,隠れろ,隠れるな,隠れよう,隠れたい,隠れなければ,隠れなきゃ,隠れなくちゃ,прятаться,спрятаться,прячусь,буду прятаться,прятался(ась),спрятался(ась),спрячусь,спрячусь,спрятавшись,спрячься,спрячемся,Пассив: прятаться,заставить спрятаться,быть вынужденным спрятаться,隠れ,隠れ,る,ru,る,ru,,,,,れ,re,れ,re,て,te,て,te,た,ta,た,ta,られ,rare,ら|れ,ra|re,られ,rare,ら|れ,ra|re,させ,sase,さ|せ,sa|se,させられ,saserare,さ|せ|ら|れ,sa|se|ra|re,ろ,ro,ろ,ro,よう,you,よ|う,yo|u,ra|sa|re|ro|yo,れ,re,れ,re,прятаться,,прятаться,спрятаться,прячусь,буду прятаться,прятался(ась),спрятался(ась),спрячусь,спрячусь,спрятавшись,спрячься,спрячемся,прятаться,спрятаться,спрятаться и затем…,agentive,Пассив: прятаться,contextual,grammar_label,заставить спрятаться,быть вынужденным спрятаться,1,1,0,1,1,1,1,1,1,1,1,1,1,разрешить спрятаться
kagu,嗅ぐ,かぐ,kagu,нюхать,N3,godan-gu,kag,嗅ぎ,嗅いだ,嗅いで,嗅がない,嗅げば,嗅いだら,嗅げる,,嗅がれる,嗅がせる,嗅がせられる,嗅げ,嗅ぐな,嗅ごう,嗅ぎたい,嗅がなければ,嗅がなきゃ,嗅がなくちゃ,нюхать,понюхать,нюхаю,буду нюхать,нюхал(а),понюхал(а),понюхаю,понюхаю,понюхав,понюхай,понюхаем,Пассив: нюхать,заставить понюхать,быть вынужденным понюхать,嗅,嗅,ぐ,gu,ぐ,gu,ぎ,gi,が,ga,げ,ge,げ,ge,いで,iで,いで,iで,いだ,iだ,いだ,iだ,げ,ge,げ,ge,がれ,gare,が|れ,ga|re,がせ,gase,が|せ,ga|se,がせられ,gaserare,が|せ|ら|れ,ga|se|ra|re,げ,ge,げ,ge,ごう,gou,ご|う,go|u,ga|gi|ge|go,,,,,нюхать,,нюхать,понюхать,нюхаю,буду нюхать,нюхал(а),понюхал(а),понюхаю,понюхаю,понюхав,понюхай,понюхаем,нюхать,понюхать,понюхать и затем…,agentive,Пассив: нюхать,contextual,grammar_label,заставить понюхать,быть вынужденным понюхать,1,1,0,1,1,1,1,1,1,1,1,1,1,разрешить понюхать
kakeru_2,欠ける,かける,kakeru,не хватать,N3,ichidan,kake,欠け,欠けた,欠けて,欠けない,欠ければ,欠けたら,欠けられる,欠けれる,欠けられる,欠けさせる,欠けさせられる,欠けろ,欠けるな,欠けよう,欠けたい,欠けなければ,欠けなきゃ,欠けなくちゃ,не хватать,не хватить,не хватает,буду не хватать,не хватало,не хватило,не хватит,не хватит,отколовшись,,,Пассив: не хватать,заставить не хватить,быть вынужденным не хватить,欠け,欠け,る,ru,る,ru,,,,,れ,re,れ,re,て,te,て,te,た,ta,た,ta,られ,rare,ら|れ,ra|re,られ,rare,ら|れ,ra|re,させ,sase,さ|せ,sa|se,させられ,saserare,さ|せ|ら|れ,sa|se|ra|re,ろ,ro,ろ,ro,よう,you,よ|う,yo|u,ra|sa|re|ro|yo,れ,re,れ,re,не хватать; откалываться,откалываться,не хватать / откалываться,не хватить / отколоться,не хватает / откалывается,буду не хватать / откалываться,не хватало / откалывалось,не хватило / откололось,не хватит / отколется,не хватит / отколется,отколовшись,—,—,не хватать,не хватить,не хватить и затем…,non_agentive,Пассив: не хватать,exclude,grammar_label,заставить не хватить,быть вынужденным не хватить,1,0,0,0,0,0,0,0,0,0,0,0,1,разрешить не хватить
kakomu,囲む,かこむ,kakomu,окружать,N3,godan-mu,kakom,囲み,囲んだ,囲んで,囲まない,囲めば,囲んだら,囲める,,囲まれる,囲ませる,囲ませられる,囲め,囲むな,囲もう,囲みたい,囲まなければ,囲まなきゃ,囲まなくちゃ,окружать,окружить,окружаю,буду окружать,окружал(а),окружил(а),окружу,окружу,окружив,окружи,окружим,быть окружённым,заставить окружить,быть вынужденным окружить,囲,囲,む,mu,む,mu,み,mi,ま,ma,め,me,め,me,んで,nで,んで,nで,んだ,nだ,んだ,nだ,め,me,め,me,まれ,mare,ま|れ,ma|re,ませ,mase,ま|せ,ma|se,ませられ,maserare,ま|せ|ら|れ,ma|se|ra|re,め,me,め,me,もう,mou,も|う,mo|u,ma|mi|me|mo,,,,,окружать,,окружать,окружить,окружаю,буду окружать,окружал(а),окружил(а),окружу,окружу,окружив,окружи,окружим,окружать,окружить,окружить и затем…,agentive,быть окружённым,natural,natural,заставить окружить,быть вынужденным окружить,1,1,1,0,1,1,1,1,1,1,1,1,1,разрешить окружить
kasanaru,重なる,かさなる,kasanaru,накладываться,N3,godan-ru,kasana,重なり,重なった,重なって,重ならない,重なれば,重なったら,重なれる,,重なられる,重ならせる,重ならせられる,重なれ,重なるな,重なろう,重なりたい,重ならなければ,重ならなきゃ,重ならなくちゃ,накладываться,наложиться,накладывается,буду накладываться,накладывалось,наложилось,наложится,наложится,наложившись,,,Пассив: накладываться,заставить наложиться,быть вынужденным наложиться,重な,重な,る,ru,る,ru,り,ri,ら,ra,れ,re,れ,re,って,tte,って,tte,った,tta,った,tta,れ,re,れ,re,られ,rare,ら|れ,ra|re,らせ,rase,ら|せ,ra|se,らせられ,raserare,ら|せ|ら|れ,ra|se|ra|re,れ,re,れ,re,ろう,rou,ろ|う,ro|u,ra|ri|re|ro,,,,,накладываться; совпадать,совпадать,накладываться / совпадать,наложиться / совпасть,накладывается / совпадает,буду накладываться / совпадать,накладывалось / совпадало,наложилось / совпало,наложится / совпадёт,наложится / совпадёт,наложившись / совпав,—,—,накладываться,наложиться,наложиться и затем…,non_agentive,Пассив: накладываться,exclude,grammar_label,заставить наложиться,быть вынужденным наложиться,1,0,0,0,0,0,0,0,0,0,0,0,1,разрешить наложиться
kasaneru,重ねる,かさねる,kasaneru,накладывать,N3,ichidan,kasane,重ね,重ねた,重ねて,重ねない,重ねれば,重ねたら,重ねられる,重ねれる,重ねられる,重ねさせる,重ねさせられる,重ねろ,重ねるな,重ねよう,重ねたい,重ねなければ,重ねなきゃ,重ねなくちゃ,накладывать,наложить,накладываю,буду накладывать,накладывал(а),наложил(а),наложу,наложу,наложив,наложи,наложим,Пассив: накладывать,заставить наложить,быть вынужденным наложить,重ね,重ね,る,ru,る,ru,,,,,れ,re,れ,re,て,te,て,te,た,ta,た,ta,られ,rare,ら|れ,ra|re,られ,rare,ら|れ,ra|re,させ,sase,さ|せ,sa|se,させられ,saserare,さ|せ|ら|れ,sa|se|ra|re,ろ,ro,ろ,ro,よう,you,よ|う,yo|u,ra|sa|re|ro|yo,れ,re,れ,re,накладывать; складывать слоями,складывать слоями,накладывать / складывать,наложить / сложить,накладываю / складываю,буду накладывать / складывать,накладывал(а) / складывал(а),наложил(а) / сложил(а),наложу / сложу,наложу / сложу,наложив / сложив,наложи / сложи,наложим / сложим,накладывать,наложить,наложить и затем…,agentive,Пассив: накладывать,contextual,grammar_label,заставить наложить,быть вынужденным наложить,1,1,0,1,1,1,1,1,1,1,1,1,1,разрешить наложить
kasegu,稼ぐ,かせぐ,kasegu,зарабатывать,N3,godan-gu,kaseg,稼ぎ,稼いだ,稼いで,稼がない,稼げば,稼いだら,稼げる,,稼がれる,稼がせる,稼がせられる,稼げ,稼ぐな,稼ごう,稼ぎたい,稼がなければ,稼がなきゃ,稼がなくちゃ,зарабатывать,заработать,зарабатываю,буду зарабатывать,зарабатывал(а),заработал(а),заработаю,заработаю,заработав,заработай,заработаем,Пассив: зарабатывать,заставить заработать,быть вынужденным заработать,稼,稼,ぐ,gu,ぐ,gu,ぎ,gi,が,ga,げ,ge,げ,ge,いで,iで,いで,iで,いだ,iだ,いだ,iだ,げ,ge,げ,ge,がれ,gare,が|れ,ga|re,がせ,gase,が|せ,ga|se,がせられ,gaserare,が|せ|ら|れ,ga|se|ra|re,げ,ge,げ,ge,ごう,gou,ご|う,go|u,ga|gi|ge|go,,,,,зарабатывать,,зарабатывать,заработать,зарабатываю,буду зарабатывать,зарабатывал(а),заработал(а),заработаю,заработаю,заработав,заработай,заработаем,зарабатывать,заработать,заработать и затем…,agentive,Пассив: зарабатывать,contextual,grammar_label,заставить заработать,быть вынужденным заработать,1,1,0,1,1,1,1,1,1,1,1,1,1,разрешить заработать
kazoeru,数える,かぞえる,kazoeru,считать,N3,ichidan,kazoe,数え,数えた,数えて,数えない,数えれば,数えたら,数えられる,数えれる,数えられる,数えさせる,数えさせられる,数えろ,数えるな,数えよう,数えたい,数えなければ,数えなきゃ,数えなくちゃ,считать,посчитать,считаю,буду считать,считал(а),посчитал(а),посчитаю,посчитаю,посчитав,посчитай,посчитаем,быть посчитанным,заставить посчитать,быть вынужденным посчитать,数え,数え,る,ru,る,ru,,,,,れ,re,れ,re,て,te,て,te,た,ta,た,ta,られ,rare,ら|れ,ra|re,られ,rare,ら|れ,ra|re,させ,sase,さ|せ,sa|se,させられ,saserare,さ|せ|ら|れ,sa|se|ra|re,ろ,ro,ろ,ro,よう,you,よ|う,yo|u,ra|sa|re|ro|yo,れ,re,れ,re,считать,,считать,посчитать,считаю,буду считать,считал(а),посчитал(а),посчитаю,посчитаю,посчитав,посчитай,посчитаем,считать,посчитать,посчитать и затем…,agentive,быть посчитанным,natural,natural,заставить посчитать,быть вынужденным посчитать,1,1,1,0,1,1,1,1,1,1,1,1,1,разрешить посчитать
katazuku,片付く,かたづく,katazuku,приходить в порядок,N3,godan-ku,katazuk,片付き,片付いた,片付いて,片付かない,片付けば,片付いたら,片付ける,,片付かれる,片付かせる,片付かせられる,片付け,片付くな,片付こう,片付きたい,片付かなければ,片付かなきゃ,片付かなくちゃ,приходить в порядок,прийти в порядок,приходит в порядок,буду приходить в порядок,приходило в порядок,пришло в порядок,придёт в порядок,придёт в порядок,уладившись,,,Пассив: приходить в порядок,заставить прийти в порядок,быть вынужденным прийти в порядок,片付,片付,く,ku,く,ku,き,ki,か,ka,け,ke,け,ke,いて,ite,いて,ite,いた,ita,いた,ita,け,ke,け,ke,かれ,kare,か|れ,ka|re,かせ,kase,か|せ,ka|se,かせられ,kaserare,か|せ|ら|れ,ka|se|ra|re,け,ke,け,ke,こう,kou,こ|う,ko|u,ka|ki|ke|ko,,,,,приходить в порядок; улаживаться,улаживаться,приходить в порядок / улаживаться,прийти в порядок / уладиться,приходит в порядок / улаживается,буду приходить в порядок / улаживаться,приходило в порядок / улаживалось,пришло в порядок / уладилось,придёт в порядок / уладится,придёт в порядок / уладится,уладившись,—,—,приходить в порядок,прийти в порядок,прийти в порядок и затем…,non_agentive,Пассив: приходить в порядок,exclude,grammar_label,заставить прийти в порядок,быть вынужденным прийти в порядок,1,0,0,0,0,0,0,0,0,0,0,0,1,разрешить прийти в порядок
kataru,語る,かたる,kataru,рассказывать,N3,godan-ru,kata,語り,語った,語って,語らない,語れば,語ったら,語れる,,語られる,語らせる,語らせられる,語れ,語るな,語ろう,語りたい,語らなければ,語らなきゃ,語らなくちゃ,рассказывать,рассказать,рассказываю,буду рассказывать,рассказывал(а),рассказал(а),расскажу,расскажу,рассказав,расскажи,расскажем,Пассив: рассказывать,заставить рассказать,быть вынужденным рассказать,語,語,る,ru,る,ru,り,ri,ら,ra,れ,re,れ,re,って,tte,って,tte,った,tta,った,tta,れ,re,れ,re,られ,rare,ら|れ,ra|re,らせ,rase,ら|せ,ra|se,らせられ,raserare,ら|せ|ら|れ,ra|se|ra|re,れ,re,れ,re,ろう,rou,ろ|う,ro|u,ra|ri|re|ro,,,,,рассказывать; повествовать,повествовать,рассказывать,рассказать,рассказываю,буду рассказывать,рассказывал(а),рассказал(а),расскажу,расскажу,рассказав,расскажи,расскажем,рассказывать,рассказать,рассказать и затем…,agentive,Пассив: рассказывать,contextual,grammar_label,заставить рассказать,быть вынужденным рассказать,1,1,0,1,1,1,1,1,1,1,1,1,1,разрешить рассказать
kanashimu,悲しむ,かなしむ,kanashimu,грустить,N3,godan-mu,kanashim,悲しみ,悲しんだ,悲しんで,悲しまない,悲しめば,悲しんだら,悲しめる,,悲しまれる,悲しませる,悲しませられる,悲しめ,悲しむな,悲しもう,悲しみたい,悲しまなければ,悲しまなきゃ,悲しまなくちゃ,грустить,погрустить,грущу,буду грустить,грустил(а),погрустил(а),погрущу,погрущу,погрустив,не грусти,не погрустим,Пассив: грустить,заставить погрустить,быть вынужденным погрустить,悲し,悲し,む,mu,む,mu,み,mi,ま,ma,め,me,め,me,んで,nで,んで,nで,んだ,nだ,んだ,nだ,め,me,め,me,まれ,mare,ま|れ,ma|re,ませ,mase,ま|せ,ma|se,ませられ,maserare,ま|せ|ら|れ,ma|se|ra|re,め,me,め,me,もう,mou,も|う,mo|u,ma|mi|me|mo,,,,,грустить; скорбеть,скорбеть,грустить / скорбеть,погрустить,грущу / скорблю,буду грустить / скорбеть,грустил(а) / скорбел(а),погрустил(а),погрущу,погрущу,погрустив,не грусти,не погрустим,грустить,погрустить,погрустить и затем…,agentive,Пассив: грустить,contextual,grammar_label,заставить погрустить,быть вынужденным погрустить,1,1,0,1,1,1,1,1,1,1,1,1,1,разрешить погрустить
karu,刈る,かる,karu,стричь,N3,godan-ru,ka,刈り,刈った,刈って,刈らない,刈れば,刈ったら,刈れる,,刈られる,刈らせる,刈らせられる,刈れ,刈るな,刈ろう,刈りたい,刈らなければ,刈らなきゃ,刈らなくちゃ,стричь,подстричь,стригу,буду стричь,стриг(ла),подстриг(ла),подстригу,подстригу,подстригши,подстриги,подстрижём,Пассив: стричь,заставить подстричь,быть вынужденным подстричь,刈,刈,る,ru,る,ru,り,ri,ら,ra,れ,re,れ,re,って,tte,って,tte,った,tta,った,tta,れ,re,れ,re,られ,rare,ら|れ,ra|re,らせ,rase,ら|せ,ra|se,らせられ,raserare,ら|せ|ら|れ,ra|se|ra|re,れ,re,れ,re,ろう,rou,ろ|う,ro|u,ra|ri|re|ro,,,,,стричь; косить,косить,стричь / косить,подстричь / скосить,стригу / кошу,буду стричь / косить,стриг(ла) / косил(а),подстриг(ла) / скосил(а),подстригу / скошу,подстригу / скошу,подстригши / скосив,подстриги / скоси,подстрижём / скосим,стричь,подстричь,подстричь и затем…,agentive,Пассив: стричь,contextual,grammar_label,заставить подстричь,быть вынужденным подстричь,1,1,0,1,1,1,1,1,1,1,1,1,1,разрешить подстричь
kawakasu,乾かす,かわかす,kawakasu,сушить,N3,godan-su,kawakas,乾かし,乾かした,乾かして,乾かさない,乾かせば,乾かしたら,乾かせる,,乾かされる,乾かさせる,乾かさせられる,乾かせ,乾かすな,乾かそう,乾かしたい,乾かさなければ,乾かさなきゃ,乾かさなくちゃ,сушить,высушить,сушу,буду сушить,сушил(а),высушил(а),высушу,высушу,высушив,высуши,высушим,Пассив: сушить,заставить высушить,быть вынужденным высушить,乾か,乾か,す,su,す,su,し,shi,さ,sa,せ,se,せ,se,して,shite,して,shite,した,shita,した,shita,せ,se,せ,se,され,sare,さ|れ,sa|re,させ,sase,さ|せ,sa|se,させられ,saserare,さ|せ|ら|れ,sa|se|ra|re,せ,se,せ,se,そう,sou,そ|う,so|u,sa|shi|se|so,,,,,сушить,,сушить,высушить,сушу,буду сушить,сушил(а),высушил(а),высушу,высушу,высушив,высуши,высушим,сушить,высушить,высушить и затем…,agentive,Пассив: сушить,contextual,grammar_label,заставить высушить,быть вынужденным высушить,1,1,0,1,1,1,1,1,1,1,1,1,1,разрешить высушить
kawaku_2,渇く,かわく,kawaku,испытывать жажду,N3,godan-ku,kawak,渇き,渇いた,渇いて,渇かない,渇けば,渇いたら,渇ける,,渇かれる,渇かせる,渇かせられる,渇け,渇くな,渇こう,渇きたい,渇かなければ,渇かなきゃ,渇かなくちゃ,испытывать жажду,захотеть пить,хочу пить,буду испытывать жажду,хотел(а) пить,захотел(а) пить,захочу пить,захочу пить,захотев пить,,,Пассив: испытывать жажду,заставить захотеть пить,быть вынужденным захотеть пить,渇,渇,く,ku,く,ku,き,ki,か,ka,け,ke,け,ke,いて,ite,いて,ite,いた,ita,いた,ita,け,ke,け,ke,かれ,kare,か|れ,ka|re,かせ,kase,か|せ,ka|se,かせられ,kaserare,か|せ|ら|れ,ka|se|ra|re,け,ke,け,ke,こう,kou,こ|う,ko|u,ka|ki|ke|ko,,,,,испытывать жажду,,испытывать жажду,захотеть пить,хочу пить,буду испытывать жажду,хотел(а) пить,захотел(а) пить,захочу пить,захочу пить,захотев пить,—,—,испытывать жажду,захотеть пить,захотеть пить и затем…,non_agentive,Пассив: испытывать жажду,contextual,grammar_label,заставить захотеть пить,быть вынужденным захотеть пить,1,1,0,1,0,0,0,0,1,0,0,0,1,разрешить захотеть пить
kanjiru,感じる,かんじる,kanjiru,чувствовать,N3,ichidan,kanji,感じ,感じた,感じて,感じない,感じれば,感じたら,感じられる,感じれる,感じられる,感じさせる,感じさせられる,感じろ,感じるな,感じよう,感じたい,感じなければ,感じなきゃ,感じなくちゃ,чувствовать,почувствовать,чувствую,буду чувствовать,чувствовал(а),почувствовал(а),почувствую,почувствую,почувствовав,почувствуй,почувствуем,Пассив: чувствовать,заставить почувствовать,быть вынужденным почувствовать,感じ,感じ,る,ru,る,ru,,,,,れ,re,れ,re,て,te,て,te,た,ta,た,ta,られ,rare,ら|れ,ra|re,られ,rare,ら|れ,ra|re,させ,sase,さ|せ,sa|se,させられ,saserare,さ|せ|ら|れ,sa|se|ra|re,ろ,ro,ろ,ro,よう,you,よ|う,yo|u,ra|sa|re|ro|yo,れ,re,れ,re,чувствовать,,чувствовать,почувствовать,чувствую,буду чувствовать,чувствовал(а),почувствовал(а),почувствую,почувствую,почувствовав,почувствуй,почувствуем,чувствовать,почувствовать,почувствовать и затем…,agentive,Пассив: чувствовать,contextual,grammar_label,заставить почувствовать,быть вынужденным почувствовать,1,1,0,1,1,1,1,1,1,1,1,1,1,разрешить почувствовать
kansuru,関する,かんする,kansuru,касаться,N3,suru,kansu,関し,関した,関して,関しない,関すれば,関したら,関できる,,関される,関させる,関させられる,関しろ,関するな,関しよう,関したい,関しなければ,関しなきゃ,関しなくちゃ,касаться,коснуться,касается,буду касаться,касалось,коснулось,коснётся,коснётся,коснувшись,,,Пассив: касаться,заставить коснуться,быть вынужденным коснуться,関,関,する,suru,す|る,su|ru,し,shi,し,shi,すれ,sure,す|れ,su|re,して,shite,し|て,shi|te,した,shita,し|た,shi|ta,でき,deki,でき,deki,され,sare,さ|れ,sa|re,させ,sase,さ|せ,sa|se,させられ,saserare,さ|せ|ら|れ,sa|se|ra|re,しろ,shiro,し|ろ,shi|ro,しよう,shiyou,し|よ|う,shi|yo|u,shi|su|deki|sa,,,,,касаться; относиться к,относиться к,касаться / относиться,коснуться / отнестись,касается / относится,буду касаться / относиться,касалось / относилось,коснулось / отнеслось,коснётся / отнесётся,коснётся / отнесётся,коснувшись / отнесясь,—,—,касаться,коснуться,коснуться и затем…,non_agentive,Пассив: касаться,contextual,grammar_label,заставить коснуться,быть вынужденным коснуться,1,1,0,1,0,0,0,0,1,0,0,0,1,разрешить коснуться
kiku_2,効く,きく,kiku,действовать,N3,godan-ku,kik,効き,効いた,効いて,効かない,効けば,効いたら,効ける,,効かれる,効かせる,効かせられる,効け,効くな,効こう,効きたい,効かなければ,効かなきゃ,効かなくちゃ,действовать,подействовать,действует,буду действовать,действовало,подействовало,подействует,подействует,подействовав,,,Пассив: действовать,заставить подействовать,быть вынужденным подействовать,効,効,く,ku,く,ku,き,ki,か,ka,け,ke,け,ke,いて,ite,いて,ite,いた,ita,いた,ita,け,ke,け,ke,かれ,kare,か|れ,ka|re,かせ,kase,か|せ,ka|se,かせられ,kaserare,か|せ|ら|れ,ka|se|ra|re,け,ke,け,ke,こう,kou,こ|う,ko|u,ka|ki|ke|ko,,,,,действовать; быть эффективным,быть эффективным,действовать,подействовать,действует,буду действовать,действовало,подействовало,подействует,подействует,подействовав,—,—,действовать,подействовать,подействовать и затем…,non_agentive,Пассив: действовать,exclude,grammar_label,заставить подействовать,быть вынужденным подействовать,1,0,0,0,0,0,0,0,0,0,0,0,1,разрешить подействовать
kizuku,気付く,きづく,kizuku,замечать,N3,godan-ku,kizuk,気付き,気付いた,気付いて,気付かない,気付けば,気付いたら,気付ける,,気付かれる,気付かせる,気付かせられる,気付け,気付くな,気付こう,気付きたい,気付かなければ,気付かなきゃ,気付かなくちゃ,замечать,заметить,замечаю,буду замечать,замечал(а),заметил(а),замечу,замечу,заметив,заметь,заметим,Пассив: замечать,заставить заметить,быть вынужденным заметить,気付,気付,く,ku,く,ku,き,ki,か,ka,け,ke,け,ke,いて,ite,いて,ite,いた,ita,いた,ita,け,ke,け,ke,かれ,kare,か|れ,ka|re,かせ,kase,か|せ,ka|se,かせられ,kaserare,か|せ|ら|れ,ka|se|ra|re,け,ke,け,ke,こう,kou,こ|う,ko|u,ka|ki|ke|ko,,,,,замечать; осознавать,осознавать,замечать / осознавать,заметить / осознать,замечаю / осознаю,буду замечать / осознавать,замечал(а) / осознавал(а),заметил(а) / осознал(а),замечу / осознаю,замечу / осознаю,заметив / осознав,заметь / осознай,заметим / осознаем,замечать,заметить,заметить и затем…,agentive,Пассив: замечать,contextual,grammar_label,заставить заметить,быть вынужденным заметить,1,1,0,1,1,1,1,1,1,1,1,1,1,разрешить заметить
kiniiru,気に入る,きにいる,kiniiru,нравиться,N3,godan-ru,kinii,気に入り,気に入った,気に入って,気に入らない,気に入れば,気に入ったら,気に入れる,,気に入られる,気に入らせる,気に入らせられる,気に入れ,気に入るな,気に入ろう,気に入りたい,気に入らなければ,気に入らなきゃ,気に入らなくちゃ,нравиться,понравиться,нравится,буду нравиться,нравилось,понравилось,понравится,понравится,понравившись,,,Пассив: нравиться,заставить понравиться,быть вынужденным понравиться,気に入,気に入,る,ru,る,ru,り,ri,ら,ra,れ,re,れ,re,って,tte,って,tte,った,tta,った,tta,れ,re,れ,re,られ,rare,ら|れ,ra|re,らせ,rase,ら|せ,ra|se,らせられ,raserare,ら|せ|ら|れ,ra|se|ra|re,れ,re,れ,re,ろう,rou,ろ|う,ro|u,ra|ri|re|ro,,,,,нравиться,,нравиться,понравиться,нравится,буду нравиться,нравилось,понравилось,понравится,понравится,понравившись,—,—,нравиться,понравиться,понравиться и затем…,non_agentive,Пассив: нравиться,exclude,grammar_label,заставить понравиться,быть вынужденным понравиться,1,0,0,0,0,0,0,0,0,0,0,0,1,разрешить понравиться
kirau,嫌う,きらう,kirau,не любить,N3,godan-u,kira,嫌い,嫌った,嫌って,嫌わない,嫌えば,嫌ったら,嫌える,,嫌われる,嫌わせる,嫌わせられる,嫌え,嫌うな,嫌おう,嫌いたい,嫌わなければ,嫌わなきゃ,嫌わなくちゃ,не любить,возненавидеть,не люблю,буду не любить,не любил(а),возненавидел(а),возненавижу,возненавижу,возненавидев,,,Пассив: не любить,заставить возненавидеть,быть вынужденным возненавидеть,嫌,嫌,う,u,う,u,い,i,わ,wa,え,e,え,e,って,tte,って,tte,った,tta,った,tta,え,e,え,e,われ,ware,わ|れ,wa|re,わせ,wase,わ|せ,wa|se,わせられ,waserare,わ|せ|ら|れ,wa|se|ra|re,え,e,え,e,おう,ou,お|う,o|u,wa|i|e|o,,,,,не любить; ненавидеть,ненавидеть,не любить / ненавидеть,возненавидеть,не люблю / ненавижу,буду не любить / ненавидеть,не любил(а) / ненавидел(а),возненавидел(а),возненавижу,возненавижу,возненавидев,—,—,не любить,возненавидеть,возненавидеть и затем…,non_agentive,Пассив: не любить,contextual,grammar_label,заставить возненавидеть,быть вынужденным возненавидеть,1,1,0,1,0,0,0,0,1,0,0,0,1,разрешить возненавидеть
kireru,切れる,きれる,kireru,обрываться,N3,ichidan,kire,切れ,切れた,切れて,切れない,切れれば,切れたら,切れられる,切れれる,切れられる,切れさせる,切れさせられる,切れろ,切れるな,切れよう,切れたい,切れなければ,切れなきゃ,切れなくちゃ,обрываться,оборваться,обрывается,буду обрываться,обрывалось,оборвалось,оборвётся,оборвётся,оборвавшись,,,Пассив: обрываться,заставить оборваться,быть вынужденным оборваться,切れ,切れ,る,ru,る,ru,,,,,れ,re,れ,re,て,te,て,te,た,ta,た,ta,られ,rare,ら|れ,ra|re,られ,rare,ら|れ,ra|re,させ,sase,さ|せ,sa|se,させられ,saserare,さ|せ|ら|れ,sa|se|ra|re,ろ,ro,ろ,ro,よう,you,よ|う,yo|u,ra|sa|re|ro|yo,れ,re,れ,re,обрываться; заканчиваться,заканчиваться,обрываться / заканчиваться,оборваться / закончиться,обрывается / заканчивается,буду обрываться / заканчиваться,обрывалось / заканчивалось,оборвалось / закончилось,оборвётся / закончится,оборвётся / закончится,оборвавшись / закончившись,—,—,обрываться,оборваться,оборваться и затем…,non_agentive,Пассив: обрываться,exclude,grammar_label,заставить оборваться,быть вынужденным оборваться,1,0,0,0,0,0,0,0,0,0,0,0,1,разрешить оборваться
kusaru,腐る,くさる,kusaru,портиться,N3,godan-ru,kusa,腐り,腐った,腐って,腐らない,腐れば,腐ったら,腐れる,,腐られる,腐らせる,腐らせられる,腐れ,腐るな,腐ろう,腐りたい,腐らなければ,腐らなきゃ,腐らなくちゃ,портиться,испортиться,портится,буду портиться,портилось,испортилось,испортится,испортится,испортившись,,,Пассив: портиться,заставить испортиться,быть вынужденным испортиться,腐,腐,る,ru,る,ru,り,ri,ら,ra,れ,re,れ,re,って,tte,って,tte,った,tta,った,tta,れ,re,れ,re,られ,rare,ら|れ,ra|re,らせ,rase,ら|せ,ra|se,らせられ,raserare,ら|せ|ら|れ,ra|se|ra|re,れ,re,れ,re,ろう,rou,ろ|う,ro|u,ra|ri|re|ro,,,,,портиться; гнить,гнить,портиться / гнить,испортиться / сгнить,портится / гниёт,буду портиться / гнить,портилось / гнило,испортилось / сгнило,испортится / сгниёт,испортится / сгниёт,испортившись / сгнив,—,—,портиться,испортиться,испортиться и затем…,non_agentive,Пассив: портиться,exclude,grammar_label,заставить испортиться,быть вынужденным испортиться,1,0,0,0,0,0,0,0,0,0,0,0,1,разрешить испортиться
kudaru,下る,くだる,kudaru,спускаться,N3,godan-ru,kuda,下り,下った,下って,下らない,下れば,下ったら,下れる,,下られる,下らせる,下らせられる,下れ,下るな,下ろう,下りたい,下らなければ,下らなきゃ,下らなくちゃ,спускаться,спуститься,спускаюсь,буду спускаться,спускался(ась),спустился(ась),спущусь,спущусь,спустившись,спускайся,спустимся,Пассив: спускаться,заставить спуститься,быть вынужденным спуститься,下,下,る,ru,る,ru,り,ri,ら,ra,れ,re,れ,re,って,tte,って,tte,った,tta,った,tta,れ,re,れ,re,られ,rare,ら|れ,ra|re,らせ,rase,ら|せ,ra|se,らせられ,raserare,ら|せ|ら|れ,ra|se|ra|re,れ,re,れ,re,ろう,rou,ろ|う,ro|u,ra|ri|re|ro,,,,,спускаться; идти вниз,идти вниз,спускаться,спуститься,спускаюсь,буду спускаться,спускался(ась),спустился(ась),спущусь,спущусь,спустившись,спускайся,спустимся,спускаться,спуститься,спуститься и затем…,agentive,Пассив: спускаться,contextual,grammar_label,заставить спуститься,быть вынужденным спуститься,1,1,0,1,1,1,1,1,1,1,1,1,1,разрешить спуститься
kumu,組む,くむ,kumu,собирать,N3,godan-mu,kum,組み,組んだ,組んで,組まない,組めば,組んだら,組める,,組まれる,組ませる,組ませられる,組め,組むな,組もう,組みたい,組まなければ,組まなきゃ,組まなくちゃ,собирать,собрать,собираю,буду собирать,собирал(а),собрал(а),соберу,соберу,собрав,собери,соберём,Пассив: собирать,заставить собрать,быть вынужденным собрать,組,組,む,mu,む,mu,み,mi,ま,ma,め,me,め,me,んで,nで,んで,nで,んだ,nだ,んだ,nだ,め,me,め,me,まれ,mare,ま|れ,ma|re,ませ,mase,ま|せ,ma|se,ませられ,maserare,ま|せ|ら|れ,ma|se|ra|re,め,me,め,me,もう,mou,も|う,mo|u,ma|mi|me|mo,,,,,собирать; объединяться,объединяться,собирать / объединяться,собрать / объединиться,собираю / объединяюсь,буду собирать / объединяться,собирал(а) / объединялся(ась),собрал(а) / объединился(ась),соберу / объединюсь,соберу / объединюсь,собрав / объединившись,собери / объединись,соберём / объединимся,собирать,собрать,собрать и затем…,agentive,Пассив: собирать,contextual,grammar_label,заставить собрать,быть вынужденным собрать,1,1,0,1,1,1,1,1,1,1,1,1,1,разрешить собрать
kurasu,暮らす,くらす,kurasu,жить,N3,godan-su,kuras,暮らし,暮らした,暮らして,暮らさない,暮らせば,暮らしたら,暮らせる,,暮らされる,暮らさせる,暮らさせられる,暮らせ,暮らすな,暮らそう,暮らしたい,暮らさなければ,暮らさなきゃ,暮らさなくちゃ,жить,прожить,живу,буду жить,жил(а),прожил(а),проживу,проживу,прожив,живи,проживём,Пассив: жить,заставить прожить,быть вынужденным прожить,暮ら,暮ら,す,su,す,su,し,shi,さ,sa,せ,se,せ,se,して,shite,して,shite,した,shita,した,shita,せ,se,せ,se,され,sare,さ|れ,sa|re,させ,sase,さ|せ,sa|se,させられ,saserare,さ|せ|ら|れ,sa|se|ra|re,せ,se,せ,se,そう,sou,そ|う,so|u,sa|shi|se|so,,,,,жить; проводить жизнь,проводить жизнь,жить,прожить,живу,буду жить,жил(а),прожил(а),проживу,проживу,прожив,живи,проживём,жить,прожить,прожить и затем…,agentive,Пассив: жить,contextual,grammar_label,заставить прожить,быть вынужденным прожить,1,1,0,1,1,1,1,1,1,1,1,1,1,разрешить прожить
kurikaesu,繰り返す,くりかえす,kurikaesu,повторять,N3,godan-su,kurikaes,繰り返し,繰り返した,繰り返して,繰り返さない,繰り返せば,繰り返したら,繰り返せる,,繰り返される,繰り返させる,繰り返させられる,繰り返せ,繰り返すな,繰り返そう,繰り返したい,繰り返さなければ,繰り返さなきゃ,繰り返さなくちゃ,повторять,повторить,повторяю,буду повторять,повторял(а),повторил(а),повторю,повторю,повторив,повтори,повторим,Пассив: повторять,заставить повторить,быть вынужденным повторить,繰り返,繰り返,す,su,す,su,し,shi,さ,sa,せ,se,せ,se,して,shite,して,shite,した,shita,した,shita,せ,se,せ,se,され,sare,さ|れ,sa|re,させ,sase,さ|せ,sa|se,させられ,saserare,さ|せ|ら|れ,sa|se|ra|re,せ,se,せ,se,そう,sou,そ|う,so|u,sa|shi|se|so,,,,,повторять,,повторять,повторить,повторяю,буду повторять,повторял(а),повторил(а),повторю,повторю,повторив,повтори,повторим,повторять,повторить,повторить и затем…,agentive,Пассив: повторять,contextual,grammar_label,заставить повторить,быть вынужденным повторить,1,1,0,1,1,1,1,1,1,1,1,1,1,разрешить повторить
kurushimu,苦しむ,くるしむ,kurushimu,страдать,N3,godan-mu,kurushim,苦しみ,苦しんだ,苦しんで,苦しまない,苦しめば,苦しんだら,苦しめる,,苦しまれる,苦しませる,苦しませられる,苦しめ,苦しむな,苦しもう,苦しみたい,苦しまなければ,苦しまなきゃ,苦しまなくちゃ,страдать,пострадать,страдаю,буду страдать,страдал(а),пострадал(а),пострадаю,пострадаю,пострадав,не мучайся,не пострадаем,Пассив: страдать,заставить пострадать,быть вынужденным пострадать,苦し,苦し,む,mu,む,mu,み,mi,ま,ma,め,me,め,me,んで,nで,んで,nで,んだ,nだ,んだ,nだ,め,me,め,me,まれ,mare,ま|れ,ma|re,ませ,mase,ま|せ,ma|se,ませられ,maserare,ま|せ|ら|れ,ma|se|ra|re,め,me,め,me,もう,mou,も|う,mo|u,ma|mi|me|mo,,,,,страдать; мучиться,мучиться,страдать / мучиться,пострадать / измучиться,страдаю / мучаюсь,буду страдать / мучиться,страдал(а) / мучился(ась),пострадал(а) / измучился(ась),пострадаю / измучусь,пострадаю / измучусь,пострадав / измучившись,не мучайся,не пострадаем,страдать,пострадать,пострадать и затем…,agentive,Пассив: страдать,contextual,grammar_label,заставить пострадать,быть вынужденным пострадать,1,1,0,1,1,1,1,1,1,1,1,1,1,разрешить пострадать
kuwaeru,加える,くわえる,kuwaeru,добавлять,N3,ichidan,kuwae,加え,加えた,加えて,加えない,加えれば,加えたら,加えられる,加えれる,加えられる,加えさせる,加えさせられる,加えろ,加えるな,加えよう,加えたい,加えなければ,加えなきゃ,加えなくちゃ,добавлять,добавить,добавляю,буду добавлять,добавлял(а),добавил(а),добавлю,добавлю,добавив,добавь,добавим,быть добавленным,заставить добавить,быть вынужденным добавить,加え,加え,る,ru,る,ru,,,,,れ,re,れ,re,て,te,て,te,た,ta,た,ta,られ,rare,ら|れ,ra|re,られ,rare,ら|れ,ra|re,させ,sase,さ|せ,sa|se,させられ,saserare,さ|せ|ら|れ,sa|se|ra|re,ろ,ro,ろ,ro,よう,you,よ|う,yo|u,ra|sa|re|ro|yo,れ,re,れ,re,добавлять,,добавлять,добавить,добавляю,буду добавлять,добавлял(а),добавил(а),добавлю,добавлю,добавив,добавь,добавим,добавлять,добавить,добавить и затем…,agentive,быть добавленным,natural,natural,заставить добавить,быть вынужденным добавить,1,1,1,0,1,1,1,1,1,1,1,1,1,разрешить добавить
kuwawaru,加わる,くわわる,kuwawaru,присоединяться,N3,godan-ru,kuwawa,加わり,加わった,加わって,加わらない,加われば,加わったら,加われる,,加わられる,加わらせる,加わらせられる,加われ,加わるな,加わろう,加わりたい,加わらなければ,加わらなきゃ,加わらなくちゃ,присоединяться,присоединиться,присоединяюсь,буду присоединяться,присоединялся(ась),присоединился(ась),присоединюсь,присоединюсь,присоединившись,присоединяйся,присоединимся,Пассив: присоединяться,заставить присоединиться,быть вынужденным присоединиться,加わ,加わ,る,ru,る,ru,り,ri,ら,ra,れ,re,れ,re,って,tte,って,tte,った,tta,った,tta,れ,re,れ,re,られ,rare,ら|れ,ra|re,らせ,rase,ら|せ,ra|se,らせられ,raserare,ら|せ|ら|れ,ra|se|ra|re,れ,re,れ,re,ろう,rou,ろ|う,ro|u,ra|ri|re|ro,,,,,присоединяться,,присоединяться,присоединиться,присоединяюсь,буду присоединяться,присоединялся(ась),присоединился(ась),присоединюсь,присоединюсь,присоединившись,присоединяйся,присоединимся,присоединяться,присоединиться,присоединиться и затем…,agentive,Пассив: присоединяться,contextual,grammar_label,заставить присоединиться,быть вынужденным присоединиться,1,1,0,1,1,1,1,1,1,1,1,1,1,разрешить присоединиться
keikensuru,経験する,けいけんする,keikensuru,испытывать,N3,suru,keikensu,経験し,経験した,経験して,経験しない,経験すれば,経験したら,経験できる,,経験される,経験させる,経験させられる,経験しろ,経験するな,経験しよう,経験したい,経験しなければ,経験しなきゃ,経験しなくちゃ,испытывать,испытать,испытываю,буду испытывать,испытывал(а),испытал(а),испытаю,испытаю,испытав,испытай,испытаем,Пассив: испытывать,заставить испытать,быть вынужденным испытать,経験,経験,する,suru,す|る,su|ru,し,shi,し,shi,すれ,sure,す|れ,su|re,して,shite,し|て,shi|te,した,shita,し|た,shi|ta,でき,deki,でき,deki,され,sare,さ|れ,sa|re,させ,sase,さ|せ,sa|se,させられ,saserare,さ|せ|ら|れ,sa|se|ra|re,しろ,shiro,し|ろ,shi|ro,しよう,shiyou,し|よ|う,shi|yo|u,shi|su|deki|sa,,,,,испытывать; иметь опыт,иметь опыт,испытывать / переживать,испытать / пережить,испытываю / переживаю,буду испытывать / переживать,испытывал(а) / переживал(а),испытал(а) / пережил(а),испытаю / переживу,испытаю / переживу,испытав / пережив,испытай / переживи,испытаем / переживём,испытывать,испытать,испытать и затем…,agentive,Пассив: испытывать,contextual,grammar_label,заставить испытать,быть вынужденным испытать,1,1,0,1,1,1,1,1,1,1,1,1,1,разрешить испытать
kekkonsuru,結婚する,けっこんする,kekkonsuru,жениться,N3,suru,kekkonsu,結婚し,結婚した,結婚して,結婚しない,結婚すれば,結婚したら,結婚できる,,結婚される,結婚させる,結婚させられる,結婚しろ,結婚するな,結婚しよう,結婚したい,結婚しなければ,結婚しなきゃ,結婚しなくちゃ,жениться,пожениться,женюсь,буду жениться,женился,поженились,поженимся,поженимся,поженившись,женись,поженимся,Пассив: жениться,заставить пожениться,быть вынужденным пожениться,結婚,結婚,する,suru,す|る,su|ru,し,shi,し,shi,すれ,sure,す|れ,su|re,して,shite,し|て,shi|te,した,shita,し|た,shi|ta,でき,deki,でき,deki,され,sare,さ|れ,sa|re,させ,sase,さ|せ,sa|se,させられ,saserare,さ|せ|ら|れ,sa|se|ra|re,しろ,shiro,し|ろ,shi|ro,しよう,shiyou,し|よ|う,shi|yo|u,shi|su|deki|sa,,,,,жениться; выходить замуж,выходить замуж,жениться / выходить замуж,пожениться,женюсь / выхожу замуж,буду жениться / выходить замуж,женился / выходила замуж,поженились,поженимся,поженимся,поженившись,женись / выходи замуж,поженимся,жениться,пожениться,пожениться и затем…,agentive,Пассив: жениться,contextual,grammar_label,заставить пожениться,быть вынужденным пожениться,1,1,0,1,1,1,1,1,1,1,1,1,1,разрешить пожениться
ketteisuru,決定する,けっていする,ketteisuru,решать,N3,suru,ketteisu,決定し,決定した,決定して,決定しない,決定すれば,決定したら,決定できる,,決定される,決定させる,決定させられる,決定しろ,決定するな,決定しよう,決定したい,決定しなければ,決定しなきゃ,決定しなくちゃ,решать,решить,решаю,буду решать,решал(а),решил(а),решу,решу,решив,реши,решим,быть решённым,заставить решить,быть вынужденным решить,決定,決定,する,suru,す|る,su|ru,し,shi,し,shi,すれ,sure,す|れ,su|re,して,shite,し|て,shi|te,した,shita,し|た,shi|ta,でき,deki,でき,deki,され,sare,さ|れ,sa|re,させ,sase,さ|せ,sa|se,させられ,saserare,さ|せ|ら|れ,sa|se|ra|re,しろ,shiro,し|ろ,shi|ro,しよう,shiyou,し|よ|う,shi|yo|u,shi|su|deki|sa,,,,,решать; определять,определять,решать / определять,решить / определить,решаю / определяю,буду решать / определять,решал(а) / определял(а),решил(а) / определил(а),решу / определю,решу / определю,решив / определив,реши / определи,решим / определим,решать,решить,решить и затем…,agentive,быть решённым,natural,natural,заставить решить,быть вынужденным решить,1,1,1,0,1,1,1,1,1,1,1,1,1,разрешить решить
ketsudansuru,決断する,けつだんする,ketsudansuru,принимать решение,N3,suru,ketsudansu,決断し,決断した,決断して,決断しない,決断すれば,決断したら,決断できる,,決断される,決断させる,決断させられる,決断しろ,決断するな,決断しよう,決断したい,決断しなければ,決断しなきゃ,決断しなくちゃ,принимать решение,принять решение,принимаю решение,буду принимать решение,принимал(а) решение,принял(а) решение,приму решение,приму решение,приняв решение,прими решение,примем решение,Пассив: принимать решение,заставить принять решение,быть вынужденным принять решение,決断,決断,する,suru,す|る,su|ru,し,shi,し,shi,すれ,sure,す|れ,su|re,して,shite,し|て,shi|te,した,shita,し|た,shi|ta,でき,deki,でき,deki,され,sare,さ|れ,sa|re,させ,sase,さ|せ,sa|se,させられ,saserare,さ|せ|ら|れ,sa|se|ra|re,しろ,shiro,し|ろ,shi|ro,しよう,shiyou,し|よ|う,shi|yo|u,shi|su|deki|sa,,,,,принимать решение,,принимать решение,принять решение,принимаю решение,буду принимать решение,принимал(а) решение,принял(а) решение,приму решение,приму решение,приняв решение,прими решение,примем решение,принимать решение,принять решение,принять решение и затем…,agentive,Пассив: принимать решение,contextual,grammar_label,заставить принять решение,быть вынужденным принять решение,1,1,0,1,1,1,1,1,1,1,1,1,1,разрешить принять решение
keru,蹴る,ける,keru,пинать,N3,godan-ru,ke,蹴り,蹴った,蹴って,蹴らない,蹴れば,蹴ったら,蹴れる,,蹴られる,蹴らせる,蹴らせられる,蹴れ,蹴るな,蹴ろう,蹴りたい,蹴らなければ,蹴らなきゃ,蹴らなくちゃ,пинать,пнуть,пинаю,буду пинать,пинал(а),пнул(а),пну,пну,пнув,пни,пнём,Пассив: пинать,заставить пнуть,быть вынужденным пнуть,蹴,蹴,る,ru,る,ru,り,ri,ら,ra,れ,re,れ,re,って,tte,って,tte,った,tta,った,tta,れ,re,れ,re,られ,rare,ら|れ,ra|re,らせ,rase,ら|せ,ra|se,らせられ,raserare,ら|せ|ら|れ,ra|se|ra|re,れ,re,れ,re,ろう,rou,ろ|う,ro|u,ra|ri|re|ro,,,,,пинать,,пинать,пнуть,пинаю,буду пинать,пинал(а),пнул(а),пну,пну,пнув,пни,пнём,пинать,пнуть,пнуть и затем…,agentive,Пассив: пинать,contextual,grammar_label,заставить пнуть,быть вынужденным пнуть,1,1,0,1,1,1,1,1,1,1,1,1,1,разрешить пнуть
kenkyuusuru,研究する,けんきゅうする,kenkyuusuru,исследовать,N3,suru,kenkyuusu,研究し,研究した,研究して,研究しない,研究すれば,研究したら,研究できる,,研究される,研究させる,研究させられる,研究しろ,研究するな,研究しよう,研究したい,研究しなければ,研究しなきゃ,研究しなくちゃ,исследовать,исследовать,исследую,буду исследовать,исследовал(а),исследовал(а),буду исследовать,буду исследовать,исследовав,исследуй,будем исследовать,Пассив: исследовать,заставить исследовать,быть вынужденным исследовать,研究,研究,する,suru,す|る,su|ru,し,shi,し,shi,すれ,sure,す|れ,su|re,して,shite,し|て,shi|te,した,shita,し|た,shi|ta,でき,deki,でき,deki,され,sare,さ|れ,sa|re,させ,sase,さ|せ,sa|se,させられ,saserare,さ|せ|ら|れ,sa|se|ra|re,しろ,shiro,し|ろ,shi|ro,しよう,shiyou,し|よ|う,shi|yo|u,shi|su|deki|sa,,,,,исследовать,,исследовать,исследовать,исследую,буду исследовать,исследовал(а),исследовал(а),буду исследовать,буду исследовать,исследовав,исследуй,будем исследовать,исследовать,исследовать,исследовать и затем…,agentive,Пассив: исследовать,contextual,grammar_label,заставить исследовать,быть вынужденным исследовать,1,1,0,1,1,1,1,1,1,1,1,1,1,разрешить исследовать
genshousuru,減少する,げんしょうする,genshousuru,уменьшаться,N3,suru,genshousu,減少し,減少した,減少して,減少しない,減少すれば,減少したら,減少できる,,減少される,減少させる,減少させられる,減少しろ,減少するな,減少しよう,減少したい,減少しなければ,減少しなきゃ,減少しなくちゃ,уменьшаться,уменьшиться,уменьшается,буду уменьшаться,уменьшалось,уменьшилось,уменьшится,уменьшится,уменьшившись,,,Пассив: уменьшаться,заставить уменьшиться,быть вынужденным уменьшиться,減少,減少,する,suru,す|る,su|ru,し,shi,し,shi,すれ,sure,す|れ,su|re,して,shite,し|て,shi|te,した,shita,し|た,shi|ta,でき,deki,でき,deki,され,sare,さ|れ,sa|re,させ,sase,さ|せ,sa|se,させられ,saserare,さ|せ|ら|れ,sa|se|ra|re,しろ,shiro,し|ろ,shi|ro,しよう,shiyou,し|よ|う,shi|yo|u,shi|su|deki|sa,,,,,уменьшаться,,уменьшаться,уменьшиться,уменьшается,буду уменьшаться,уменьшалось,уменьшилось,уменьшится,уменьшится,уменьшившись,—,—,уменьшаться,уменьшиться,уменьшиться и затем…,non_agentive,Пассив: уменьшаться,exclude,grammar_label,заставить уменьшиться,быть вынужденным уменьшиться,1,0,0,0,0,0,0,0,0,0,0,0,1,разрешить уменьшиться
koeru,越える,こえる,koeru,переходить,N3,ichidan,koe,越え,越えた,越えて,越えない,越えれば,越えたら,越えられる,越えれる,越えられる,越えさせる,越えさせられる,越えろ,越えるな,越えよう,越えたい,越えなければ,越えなきゃ,越えなくちゃ,переходить,перейти,перехожу,буду переходить,переходил(а),перешёл(ла),перейду,перейду,перейдя,перейди,перейдём,Пассив: переходить,заставить перейти,быть вынужденным перейти,越え,越え,る,ru,る,ru,,,,,れ,re,れ,re,て,te,て,te,た,ta,た,ta,られ,rare,ら|れ,ra|re,られ,rare,ら|れ,ra|re,させ,sase,さ|せ,sa|se,させられ,saserare,さ|せ|ら|れ,sa|se|ra|re,ろ,ro,ろ,ro,よう,you,よ|う,yo|u,ra|sa|re|ro|yo,れ,re,れ,re,переходить; превышать,превышать,переходить / превышать,перейти / превысить,перехожу / превышаю,буду переходить / превышать,переходил(а) / превышал(а),перешёл(ла) / превысил(а),перейду / превышу,перейду / превышу,перейдя / превысив,перейди / превысь,перейдём / превысим,переходить,перейти,перейти и затем…,agentive,Пассив: переходить,contextual,grammar_label,заставить перейти,быть вынужденным перейти,1,1,0,1,1,1,1,1,1,1,1,1,1,разрешить перейти
kooru,凍る,こおる,kooru,замерзать,N3,godan-ru,koo,凍り,凍った,凍って,凍らない,凍れば,凍ったら,凍れる,,凍られる,凍らせる,凍らせられる,凍れ,凍るな,凍ろう,凍りたい,凍らなければ,凍らなきゃ,凍らなくちゃ,замерзать,замёрзнуть,замерзаю,буду замерзать,замерзал(а),замёрз(ла),замёрзну,замёрзну,замёрзнув,,,Пассив: замерзать,заставить замёрзнуть,быть вынужденным замёрзнуть,凍,凍,る,ru,る,ru,り,ri,ら,ra,れ,re,れ,re,って,tte,って,tte,った,tta,った,tta,れ,re,れ,re,られ,rare,ら|れ,ra|re,らせ,rase,ら|せ,ra|se,らせられ,raserare,ら|せ|ら|れ,ra|se|ra|re,れ,re,れ,re,ろう,rou,ろ|う,ro|u,ra|ri|re|ro,,,,,замерзать,,замерзать,замёрзнуть,замерзаю,буду замерзать,замерзал(а),замёрз(ла),замёрзну,замёрзну,замёрзнув,не замерзай,не замёрзнем,замерзать,замёрзнуть,замёрзнуть и затем…,non_agentive,Пассив: замерзать,exclude,grammar_label,заставить замёрзнуть,быть вынужденным замёрзнуть,1,0,0,0,0,0,0,0,0,0,0,0,1,разрешить замёрзнуть
kotonaru,異なる,ことなる,kotonaru,различаться,N3,godan-ru,kotona,異なり,異なった,異なって,異ならない,異なれば,異なったら,異なれる,,異なられる,異ならせる,異ならせられる,異なれ,異なるな,異なろう,異なりたい,異ならなければ,異ならなきゃ,異ならなくちゃ,различаться,различиться,различается,буду различаться,различалось,различилось,будет различаться,будет различаться,различившись,,,Пассив: различаться,заставить различиться,быть вынужденным различиться,異な,異な,る,ru,る,ru,り,ri,ら,ra,れ,re,れ,re,って,tte,って,tte,った,tta,った,tta,れ,re,れ,re,られ,rare,ら|れ,ra|re,らせ,rase,ら|せ,ra|se,らせられ,raserare,ら|せ|ら|れ,ra|se|ra|re,れ,re,れ,re,ろう,rou,ろ|う,ro|u,ra|ri|re|ro,,,,,различаться,,различаться,различиться,различается,буду различаться,различалось,различилось,будет различаться,будет различаться,различившись,—,—,различаться,различиться,различиться и затем…,non_agentive,Пассив: различаться,exclude,grammar_label,заставить различиться,быть вынужденным различиться,1,0,0,0,0,0,0,0,0,0,0,0,1,разрешить различиться
kotowaru,断る,ことわる,kotowaru,отказывать,N3,godan-ru,kotowa,断り,断った,断って,断らない,断れば,断ったら,断れる,,断られる,断らせる,断らせられる,断れ,断るな,断ろう,断りたい,断らなければ,断らなきゃ,断らなくちゃ,отказывать,отказать,отказываю,буду отказывать,отказывал(а),отказал(а),откажу,откажу,отказав,откажи,откажем,Пассив: отказывать,заставить отказать,быть вынужденным отказать,断,断,る,ru,る,ru,り,ri,ら,ra,れ,re,れ,re,って,tte,って,tte,った,tta,った,tta,れ,re,れ,re,られ,rare,ら|れ,ra|re,らせ,rase,ら|せ,ra|se,らせられ,raserare,ら|せ|ら|れ,ra|se|ra|re,れ,re,れ,re,ろう,rou,ろ|う,ro|u,ra|ri|re|ro,,,,,отказывать,,отказывать,отказать,отказываю,буду отказывать,отказывал(а),отказал(а),откажу,откажу,отказав,откажи,откажем,отказывать,отказать,отказать и затем…,agentive,Пассив: отказывать,contextual,grammar_label,заставить отказать,быть вынужденным отказать,1,1,0,1,1,1,1,1,1,1,1,1,1,разрешить отказать
konomu,好む,このむ,konomu,предпочитать,N3,godan-mu,konom,好み,好んだ,好んで,好まない,好めば,好んだら,好める,,好まれる,好ませる,好ませられる,好め,好むな,好もう,好みたい,好まなければ,好まなきゃ,好まなくちゃ,предпочитать,предпочесть,предпочитаю,буду предпочитать,предпочитал(а),предпочёл(ла),предпочту,предпочту,предпочтя,предпочти,предпочтём,Пассив: предпочитать,заставить предпочесть,быть вынужденным предпочесть,好,好,む,mu,む,mu,み,mi,ま,ma,め,me,め,me,んで,nで,んで,nで,んだ,nだ,んだ,nだ,め,me,め,me,まれ,mare,ま|れ,ma|re,ませ,mase,ま|せ,ma|se,ませられ,maserare,ま|せ|ら|れ,ma|se|ra|re,め,me,め,me,もう,mou,も|う,mo|u,ma|mi|me|mo,,,,,предпочитать,,предпочитать,предпочесть,предпочитаю,буду предпочитать,предпочитал(а),предпочёл(ла),предпочту,предпочту,предпочтя,предпочти,предпочтём,предпочитать,предпочесть,предпочесть и затем…,agentive,Пассив: предпочитать,contextual,grammar_label,заставить предпочесть,быть вынужденным предпочесть,1,1,0,1,1,1,1,1,1,1,1,1,1,разрешить предпочесть
kobosu,こぼす,こぼす,kobosu,проливать,N3,godan-su,kobos,こぼし,こぼした,こぼして,こぼさない,こぼせば,こぼしたら,こぼせる,,こぼされる,こぼさせる,こぼさせられる,こぼせ,こぼすな,こぼそう,こぼしたい,こぼさなければ,こぼさなきゃ,こぼさなくちゃ,проливать,пролить,проливаю,буду проливать,проливал(а),пролил(а),пролью,пролью,пролив,не пролей,не прольём,Пассив: проливать,заставить пролить,быть вынужденным пролить,こぼ,こぼ,す,su,す,su,し,shi,さ,sa,せ,se,せ,se,して,shite,して,shite,した,shita,した,shita,せ,se,せ,se,され,sare,さ|れ,sa|re,させ,sase,さ|せ,sa|se,させられ,saserare,さ|せ|ら|れ,sa|se|ra|re,せ,se,せ,se,そう,sou,そ|う,so|u,sa|shi|se|so,,,,,проливать; рассыпать,рассыпать,проливать / рассыпать,пролить / рассыпать,проливаю / рассыпаю,буду проливать / рассыпать,проливал(а) / рассыпал(а),пролил(а) / рассыпал(а),пролью / рассыплю,пролью / рассыплю,пролив / рассыпав,не пролей / не рассыпь,не прольём / не рассыплем,проливать,пролить,пролить и затем…,agentive,Пассив: проливать,contextual,grammar_label,заставить пролить,быть вынужденным пролить,1,1,0,1,1,1,1,1,1,1,1,1,1,разрешить пролить
koboreru,こぼれる,こぼれる,koboreru,проливаться,N3,ichidan,kobore,こぼれ,こぼれた,こぼれて,こぼれない,こぼれれば,こぼれたら,こぼれられる,こぼれれる,こぼれられる,こぼれさせる,こぼれさせられる,こぼれろ,こぼれるな,こぼれよう,こぼれたい,こぼれなければ,こぼれなきゃ,こぼれなくちゃ,проливаться,пролиться,проливается,буду проливаться,проливалось,пролилось,прольётся,прольётся,пролившись,,,Пассив: проливаться,заставить пролиться,быть вынужденным пролиться,こぼれ,こぼれ,る,ru,る,ru,,,,,れ,re,れ,re,て,te,て,te,た,ta,た,ta,られ,rare,ら|れ,ra|re,られ,rare,ら|れ,ra|re,させ,sase,さ|せ,sa|se,させられ,saserare,さ|せ|ら|れ,sa|se|ra|re,ろ,ro,ろ,ro,よう,you,よ|う,yo|u,ra|sa|re|ro|yo,れ,re,れ,re,проливаться; высыпаться,высыпаться,проливаться / высыпаться,пролиться / высыпаться,проливается / высыпается,буду проливаться / высыпаться,проливалось / высыпалось,пролилось / высыпалось,прольётся / высыплется,прольётся / высыплется,пролившись / высыпавшись,—,—,проливаться,пролиться,пролиться и затем…,non_agentive,Пассив: проливаться,exclude,grammar_label,заставить пролиться,быть вынужденным пролиться,1,0,0,0,0,0,0,0,0,0,0,0,1,разрешить пролиться
korosu,殺す,ころす,korosu,убивать,N3,godan-su,koros,殺し,殺した,殺して,殺さない,殺せば,殺したら,殺せる,,殺される,殺させる,殺させられる,殺せ,殺すな,殺そう,殺したい,殺さなければ,殺さなきゃ,殺さなくちゃ,убивать,убить,убиваю,буду убивать,убивал(а),убил(а),убью,убью,убив,не убивай,не убьём,быть убитым,заставить убить,быть вынужденным убить,殺,殺,す,su,す,su,し,shi,さ,sa,せ,se,せ,se,して,shite,して,shite,した,shita,した,shita,せ,se,せ,se,され,sare,さ|れ,sa|re,させ,sase,さ|せ,sa|se,させられ,saserare,さ|せ|ら|れ,sa|se|ra|re,せ,se,せ,se,そう,sou,そ|う,so|u,sa|shi|se|so,,,,,убивать,,убивать,убить,убиваю,буду убивать,убивал(а),убил(а),убью,убью,убив,не убивай,не убьём,убивать,убить,убить и затем…,agentive,быть убитым,natural,natural,заставить убить,быть вынужденным убить,1,1,1,0,1,1,1,1,1,1,1,1,1,разрешить убить
korobu,転ぶ,ころぶ,korobu,падать,N3,godan-bu,korob,転び,転んだ,転んで,転ばない,転べば,転んだら,転べる,,転ばれる,転ばせる,転ばせられる,転べ,転ぶな,転ぼう,転びたい,転ばなければ,転ばなきゃ,転ばなくちゃ,падать,упасть,падаю,буду падать,падал(а),упал(а),упаду,упаду,упав,,,Пассив: падать,заставить упасть,быть вынужденным упасть,転,転,ぶ,bu,ぶ,bu,び,bi,ば,ba,べ,be,べ,be,んで,nで,んで,nで,んだ,nだ,んだ,nだ,べ,be,べ,be,ばれ,bare,ば|れ,ba|re,ばせ,base,ば|せ,ba|se,ばせられ,baserare,ば|せ|ら|れ,ba|se|ra|re,べ,be,べ,be,ぼう,bou,ぼ|う,bo|u,ba|bi|be|bo,,,,,падать,,падать,упасть,падаю,буду падать,падал(а),упал(а),упаду,упаду,упав,не падай,не упадём,падать,упасть,упасть и затем…,non_agentive,Пассив: падать,exclude,grammar_label,заставить упасть,быть вынужденным упасть,1,0,0,0,0,0,0,0,0,0,0,0,1,разрешить упасть
sakebu,叫ぶ,さけぶ,sakebu,кричать,N3,godan-bu,sakeb,叫び,叫んだ,叫んで,叫ばない,叫べば,叫んだら,叫べる,,叫ばれる,叫ばせる,叫ばせられる,叫べ,叫ぶな,叫ぼう,叫びたい,叫ばなければ,叫ばなきゃ,叫ばなくちゃ,кричать,крикнуть,кричу,буду кричать,кричал(а),крикнул(а),крикну,крикну,крикнув,кричи,крикнем,Пассив: кричать,заставить крикнуть,быть вынужденным крикнуть,叫,叫,ぶ,bu,ぶ,bu,び,bi,ば,ba,べ,be,べ,be,んで,nで,んで,nで,んだ,nだ,んだ,nだ,べ,be,べ,be,ばれ,bare,ば|れ,ba|re,ばせ,base,ば|せ,ba|se,ばせられ,baserare,ば|せ|ら|れ,ba|se|ra|re,べ,be,べ,be,ぼう,bou,ぼ|う,bo|u,ba|bi|be|bo,,,,,кричать,,кричать,крикнуть,кричу,буду кричать,кричал(а),крикнул(а),крикну,крикну,крикнув,кричи,крикнем,кричать,крикнуть,крикнуть и затем…,agentive,Пассив: кричать,contextual,grammar_label,заставить крикнуть,быть вынужденным крикнуть,1,1,0,1,1,1,1,1,1,1,1,1,1,разрешить крикнуть
sakeru,避ける,さける,sakeru,избегать,N3,ichidan,sake,避け,避けた,避けて,避けない,避ければ,避けたら,避けられる,避けれる,避けられる,避けさせる,避けさせられる,避けろ,避けるな,避けよう,避けたい,避けなければ,避けなきゃ,避けなくちゃ,избегать,избежать,избегаю,буду избегать,избегал(а),избежал(а),избегу,избегу,избежав,избегай,избежим,Пассив: избегать,заставить избежать,быть вынужденным избежать,避け,避け,る,ru,る,ru,,,,,れ,re,れ,re,て,te,て,te,た,ta,た,ta,られ,rare,ら|れ,ra|re,られ,rare,ら|れ,ra|re,させ,sase,さ|せ,sa|se,させられ,saserare,さ|せ|ら|れ,sa|se|ra|re,ろ,ro,ろ,ro,よう,you,よ|う,yo|u,ra|sa|re|ro|yo,れ,re,れ,re,избегать,,избегать,избежать,избегаю,буду избегать,избегал(а),избежал(а),избегу,избегу,избежав,избегай,избежим,избегать,избежать,избежать и затем…,agentive,Пассив: избегать,contextual,grammar_label,заставить избежать,быть вынужденным избежать,1,1,0,1,1,1,1,1,1,1,1,1,1,разрешить избежать
sasaru,刺さる,ささる,sasaru,втыкаться,N3,godan-ru,sasa,刺さり,刺さった,刺さって,刺さらない,刺されば,刺さったら,刺される,,刺さられる,刺さらせる,刺さらせられる,刺され,刺さるな,刺さろう,刺さりたい,刺さらなければ,刺さらなきゃ,刺さらなくちゃ,втыкаться,воткнуться,втыкается,буду втыкаться,втыкалось,воткнулось,воткнётся,воткнётся,воткнувшись,,,Пассив: втыкаться,заставить воткнуться,быть вынужденным воткнуться,刺さ,刺さ,る,ru,る,ru,り,ri,ら,ra,れ,re,れ,re,って,tte,って,tte,った,tta,った,tta,れ,re,れ,re,られ,rare,ら|れ,ra|re,らせ,rase,ら|せ,ra|se,らせられ,raserare,ら|せ|ら|れ,ra|se|ra|re,れ,re,れ,re,ろう,rou,ろ|う,ro|u,ra|ri|re|ro,,,,,втыкаться; застревать,застревать,втыкаться / застревать,воткнуться / застрять,втыкается / застревает,буду втыкаться / застревать,втыкалось / застревало,воткнулось / застряло,воткнётся / застрянет,воткнётся / застрянет,воткнувшись / застряв,—,—,втыкаться,воткнуться,воткнуться и затем…,non_agentive,Пассив: втыкаться,exclude,grammar_label,заставить воткнуться,быть вынужденным воткнуться,1,0,0,0,0,0,0,0,0,0,0,0,1,разрешить воткнуться
sasu_2,刺す,さす,sasu,колоть,N3,godan-su,sas,刺し,刺した,刺して,刺さない,刺せば,刺したら,刺せる,,刺される,刺させる,刺させられる,刺せ,刺すな,刺そう,刺したい,刺さなければ,刺さなきゃ,刺さなくちゃ,колоть,уколоть,колю,буду колоть,колол(а),уколол(а),уколю,уколю,уколов,не коли,не уколем,Пассив: колоть,заставить уколоть,быть вынужденным уколоть,刺,刺,す,su,す,su,し,shi,さ,sa,せ,se,せ,se,して,shite,して,shite,した,shita,した,shita,せ,se,せ,se,され,sare,さ|れ,sa|re,させ,sase,さ|せ,sa|se,させられ,saserare,さ|せ|ら|れ,sa|se|ra|re,せ,se,せ,se,そう,sou,そ|う,so|u,sa|shi|se|so,,,,,колоть; жалить,жалить,колоть / жалить,уколоть / ужалить,колю / жалю,буду колоть / жалить,колол(а) / жалил(а),уколол(а) / ужалил(а),уколю / ужалю,уколю / ужалю,уколов / ужалив,не коли,не уколем,колоть,уколоть,уколоть и затем…,agentive,Пассив: колоть,contextual,grammar_label,заставить уколоть,быть вынужденным уколоть,1,1,0,1,1,1,1,1,1,1,1,1,1,разрешить уколоть
sasu_3,指す,さす,sasu,указывать,N3,godan-su,sas,指し,指した,指して,指さない,指せば,指したら,指せる,,指される,指させる,指させられる,指せ,指すな,指そう,指したい,指さなければ,指さなきゃ,指さなくちゃ,указывать,указать,указываю,буду указывать,указывал(а),указал(а),укажу,укажу,указав,укажи,укажем,Пассив: указывать,заставить указать,быть вынужденным указать,指,指,す,su,す,su,し,shi,さ,sa,せ,se,せ,se,して,shite,して,shite,した,shita,した,shita,せ,se,せ,se,され,sare,さ|れ,sa|re,させ,sase,さ|せ,sa|se,させられ,saserare,さ|せ|ら|れ,sa|se|ra|re,せ,se,せ,se,そう,sou,そ|う,so|u,sa|shi|se|so,,,,,указывать,,указывать,указать,указываю,буду указывать,указывал(а),указал(а),укажу,укажу,указав,укажи,укажем,указывать,указать,указать и затем…,agentive,Пассив: указывать,contextual,grammar_label,заставить указать,быть вынужденным указать,1,1,0,1,1,1,1,1,1,1,1,1,1,разрешить указать
sasou,誘う,さそう,sasou,приглашать,N3,godan-u,saso,誘い,誘った,誘って,誘わない,誘えば,誘ったら,誘える,,誘われる,誘わせる,誘わせられる,誘え,誘うな,誘おう,誘いたい,誘わなければ,誘わなきゃ,誘わなくちゃ,приглашать,пригласить,приглашаю,буду приглашать,приглашал(а),пригласил(а),приглашу,приглашу,пригласив,пригласи,пригласим,Пассив: приглашать,заставить пригласить,быть вынужденным пригласить,誘,誘,う,u,う,u,い,i,わ,wa,え,e,え,e,って,tte,って,tte,った,tta,った,tta,え,e,え,e,われ,ware,わ|れ,wa|re,わせ,wase,わ|せ,wa|se,わせられ,waserare,わ|せ|ら|れ,wa|se|ra|re,え,e,え,e,おう,ou,お|う,o|u,wa|i|e|o,,,,,приглашать,,приглашать,пригласить,приглашаю,буду приглашать,приглашал(а),пригласил(а),приглашу,приглашу,пригласив,пригласи,пригласим,приглашать,пригласить,пригласить и затем…,agentive,Пассив: приглашать,contextual,grammar_label,заставить пригласить,быть вынужденным пригласить,1,1,0,1,1,1,1,1,1,1,1,1,1,разрешить пригласить
samasu,冷ます,さます,samasu,остужать,N3,godan-su,samas,冷まし,冷ました,冷まして,冷まさない,冷ませば,冷ましたら,冷ませる,,冷まされる,冷まさせる,冷まさせられる,冷ませ,冷ますな,冷まそう,冷ましたい,冷まさなければ,冷まさなきゃ,冷まさなくちゃ,остужать,остудить,остужаю,буду остужать,остужал(а),остудил(а),остужу,остужу,остудив,остуди,остудим,Пассив: остужать,заставить остудить,быть вынужденным остудить,冷ま,冷ま,す,su,す,su,し,shi,さ,sa,せ,se,せ,se,して,shite,して,shite,した,shita,した,shita,せ,se,せ,se,され,sare,さ|れ,sa|re,させ,sase,さ|せ,sa|se,させられ,saserare,さ|せ|ら|れ,sa|se|ra|re,せ,se,せ,se,そう,sou,そ|う,so|u,sa|shi|se|so,,,,,остужать,,остужать,остудить,остужаю,буду остужать,остужал(а),остудил(а),остужу,остужу,остудив,остуди,остудим,остужать,остудить,остудить и затем…,agentive,Пассив: остужать,contextual,grammar_label,заставить остудить,быть вынужденным остудить,1,1,0,1,1,1,1,1,1,1,1,1,1,разрешить остудить
samasu_2,覚ます,さます,samasu,будить,N3,godan-su,samas,覚まし,覚ました,覚まして,覚まさない,覚ませば,覚ましたら,覚ませる,,覚まされる,覚まさせる,覚まさせられる,覚ませ,覚ますな,覚まそう,覚ましたい,覚まさなければ,覚まさなきゃ,覚まさなくちゃ,будить,разбудить,бужу,буду будить,будил(а),разбудил(а),разбужу,разбужу,разбудив,разбуди,разбудим,Пассив: будить,заставить разбудить,быть вынужденным разбудить,覚ま,覚ま,す,su,す,su,し,shi,さ,sa,せ,se,せ,se,して,shite,して,shite,した,shita,した,shita,せ,se,せ,se,され,sare,さ|れ,sa|re,させ,sase,さ|せ,sa|se,させられ,saserare,さ|せ|ら|れ,sa|se|ra|re,せ,se,せ,se,そう,sou,そ|う,so|u,sa|shi|se|so,,,,,будить; пробуждать,пробуждать,будить / пробуждать,разбудить / пробудить,бужу / пробуждаю,буду будить / пробуждать,будил(а) / пробуждал(а),разбудил(а) / пробудил(а),разбужу / пробужу,разбужу / пробужу,разбудив / пробудив,разбуди / пробуди,разбудим / пробудим,будить,разбудить,разбудить и затем…,agentive,Пассив: будить,contextual,grammar_label,заставить разбудить,быть вынужденным разбудить,1,1,0,1,1,1,1,1,1,1,1,1,1,разрешить разбудить
sameru,冷める,さめる,sameru,остывать,N3,ichidan,same,冷め,冷めた,冷めて,冷めない,冷めれば,冷めたら,冷められる,冷めれる,冷められる,冷めさせる,冷めさせられる,冷めろ,冷めるな,冷めよう,冷めたい,冷めなければ,冷めなきゃ,冷めなくちゃ,остывать,остыть,остывает,буду остывать,остывало,остыло,остынет,остынет,остыв,,,Пассив: остывать,заставить остыть,быть вынужденным остыть,冷め,冷め,る,ru,る,ru,,,,,れ,re,れ,re,て,te,て,te,た,ta,た,ta,られ,rare,ら|れ,ra|re,られ,rare,ら|れ,ra|re,させ,sase,さ|せ,sa|se,させられ,saserare,さ|せ|ら|れ,sa|se|ra|re,ろ,ro,ろ,ro,よう,you,よ|う,yo|u,ra|sa|re|ro|yo,れ,re,れ,re,остывать; проходить (о чувстве),проходить (о чувстве),остывать / проходить,остыть / пройти,остывает / проходит,буду остывать / проходить,остывало / проходило,остыло / прошло,остынет / пройдёт,остынет / пройдёт,остыв / пройдя,—,—,остывать,остыть,остыть и затем…,non_agentive,Пассив: остывать,exclude,grammar_label,заставить остыть,быть вынужденным остыть,1,0,0,0,0,0,0,0,0,0,0,0,1,разрешить остыть
sameru_2,覚める,さめる,sameru,просыпаться,N3,ichidan,same,覚め,覚めた,覚めて,覚めない,覚めれば,覚めたら,覚められる,覚めれる,覚められる,覚めさせる,覚めさせられる,覚めろ,覚めるな,覚めよう,覚めたい,覚めなければ,覚めなきゃ,覚めなくちゃ,просыпаться,проснуться,просыпаюсь,буду просыпаться,просыпался(ась),проснулся(ась),проснусь,проснусь,проснувшись,проснись,проснёмся,Пассив: просыпаться,заставить проснуться,быть вынужденным проснуться,覚め,覚め,る,ru,る,ru,,,,,れ,re,れ,re,て,te,て,te,た,ta,た,ta,られ,rare,ら|れ,ra|re,られ,rare,ら|れ,ra|re,させ,sase,さ|せ,sa|se,させられ,saserare,さ|せ|ら|れ,sa|se|ra|re,ろ,ro,ろ,ro,よう,you,よ|う,yo|u,ra|sa|re|ro|yo,れ,re,れ,re,просыпаться,,просыпаться,проснуться,просыпаюсь,буду просыпаться,просыпался(ась),проснулся(ась),проснусь,проснусь,проснувшись,проснись,проснёмся,просыпаться,проснуться,проснуться и затем…,agentive,Пассив: просыпаться,contextual,grammar_label,заставить проснуться,быть вынужденным проснуться,1,1,0,1,1,1,1,1,1,1,1,1,1,разрешить проснуться
saru,去る,さる,saru,уходить,N3,godan-ru,sa,去り,去った,去って,去らない,去れば,去ったら,去れる,,去られる,去らせる,去らせられる,去れ,去るな,去ろう,去りたい,去らなければ,去らなきゃ,去らなくちゃ,уходить,уйти,ухожу,буду уходить,уходил(а),ушёл / ушла,уйду,уйду,уйдя,уйди,уйдём,Пассив: уходить,заставить уйти,быть вынужденным уйти,去,去,る,ru,る,ru,り,ri,ら,ra,れ,re,れ,re,って,tte,って,tte,った,tta,った,tta,れ,re,れ,re,られ,rare,ら|れ,ra|re,らせ,rase,ら|せ,ra|se,らせられ,raserare,ら|せ|ら|れ,ra|se|ra|re,れ,re,れ,re,ろう,rou,ろ|う,ro|u,ra|ri|re|ro,,,,,уходить; покидать,покидать,уходить / покидать,уйти / покинуть,ухожу / покидаю,буду уходить / покидать,уходил(а) / покидал(а),ушёл / ушла; покинул(а),уйду / покину,уйду / покину,уйдя / покинув,уйди / покинь,уйдём / покинем,уходить,уйти,уйти и затем…,agentive,Пассив: уходить,contextual,grammar_label,заставить уйти,быть вынужденным уйти,1,1,0,1,1,1,1,1,1,1,1,1,1,разрешить уйти
sankasuru,参加する,さんかする,sankasuru,участвовать,N3,suru,sankasu,参加し,参加した,参加して,参加しない,参加すれば,参加したら,参加できる,,参加される,参加させる,参加させられる,参加しろ,参加するな,参加しよう,参加したい,参加しなければ,参加しなきゃ,参加しなくちゃ,участвовать,поучаствовать,участвую,буду участвовать,участвовал(а),поучаствовал(а),поучаствую,поучаствую,поучаствовав,участвуй,поучаствуем,Пассив: участвовать,заставить поучаствовать,быть вынужденным поучаствовать,参加,参加,する,suru,す|る,su|ru,し,shi,し,shi,すれ,sure,す|れ,su|re,して,shite,し|て,shi|te,した,shita,し|た,shi|ta,でき,deki,でき,deki,され,sare,さ|れ,sa|re,させ,sase,さ|せ,sa|se,させられ,saserare,さ|せ|ら|れ,sa|se|ra|re,しろ,shiro,し|ろ,shi|ro,しよう,shiyou,し|よ|う,shi|yo|u,shi|su|deki|sa,,,,,участвовать,,участвовать,поучаствовать,участвую,буду участвовать,участвовал(а),поучаствовал(а),поучаствую,поучаствую,поучаствовав,участвуй,поучаствуем,участвовать,поучаствовать,поучаствовать и затем…,agentive,Пассив: участвовать,contextual,grammar_label,заставить поучаствовать,быть вынужденным поучаствовать,1,1,0,1,1,1,1,1,1,1,1,1,1,разрешить поучаствовать
shizumu,沈む,しずむ,shizumu,тонуть,N3,godan-mu,shizum,沈み,沈んだ,沈んで,沈まない,沈めば,沈んだら,沈める,,沈まれる,沈ませる,沈ませられる,沈め,沈むな,沈もう,沈みたい,沈まなければ,沈まなきゃ,沈まなくちゃ,тонуть,утонуть,тону,буду тонуть,тонул(а),утонул(а),утону,утону,утонув,,,Пассив: тонуть,заставить утонуть,быть вынужденным утонуть,沈,沈,む,mu,む,mu,み,mi,ま,ma,め,me,め,me,んで,nで,んで,nで,んだ,nだ,んだ,nだ,め,me,め,me,まれ,mare,ま|れ,ma|re,ませ,mase,ま|せ,ma|se,ませられ,maserare,ま|せ|ら|れ,ma|se|ra|re,め,me,め,me,もう,mou,も|う,mo|u,ma|mi|me|mo,,,,,тонуть; погружаться,погружаться,тонуть / погружаться,утонуть / погрузиться,тону / погружаюсь,буду тонуть / погружаться,тонул(а) / погружался(ась),утонул(а) / погрузился(ась),утону / погружусь,утону / погружусь,утонув / погрузившись,не тони,не утонем,тонуть,утонуть,утонуть и затем…,non_agentive,Пассив: тонуть,exclude,grammar_label,заставить утонуть,быть вынужденным утонуть,1,0,0,0,0,0,0,0,0,0,0,0,1,разрешить утонуть
shitagau,従う,したがう,shitagau,следовать,N3,godan-u,shitaga,従い,従った,従って,従わない,従えば,従ったら,従える,,従われる,従わせる,従わせられる,従え,従うな,従おう,従いたい,従わなければ,従わなきゃ,従わなくちゃ,следовать,последовать,следую,буду следовать,следовал(а),последовал(а),последую,последую,последовав,следуй,последуем,Пассив: следовать,заставить последовать,быть вынужденным последовать,従,従,う,u,う,u,い,i,わ,wa,え,e,え,e,って,tte,って,tte,った,tta,った,tta,え,e,え,e,われ,ware,わ|れ,wa|re,わせ,wase,わ|せ,wa|se,わせられ,waserare,わ|せ|ら|れ,wa|se|ra|re,え,e,え,e,おう,ou,お|う,o|u,wa|i|e|o,,,,,следовать; подчиняться,подчиняться,следовать / подчиняться,последовать / подчиниться,следую / подчиняюсь,буду следовать / подчиняться,следовал(а) / подчинялся(ась),последовал(а) / подчинился(ась),последую / подчинюсь,последую / подчинюсь,последовав / подчинившись,следуй / подчинись,последуем / подчинимся,следовать,последовать,последовать и затем…,agentive,Пассив: следовать,contextual,grammar_label,заставить последовать,быть вынужденным последовать,1,1,0,1,1,1,1,1,1,1,1,1,1,разрешить последовать
shippaisuru,失敗する,しっぱいする,shippaisuru,терпеть неудачу,N3,suru,shippaisu,失敗し,失敗した,失敗して,失敗しない,失敗すれば,失敗したら,失敗できる,,失敗される,失敗させる,失敗させられる,失敗しろ,失敗するな,失敗しよう,失敗したい,失敗しなければ,失敗しなきゃ,失敗しなくちゃ,терпеть неудачу,потерпеть неудачу,терплю неудачу,буду терпеть неудачу,терпел(а) неудачу,потерпел(а) неудачу,потерплю неудачу,потерплю неудачу,потерпев неудачу,не ошибись,не ошибёмся,Пассив: терпеть неудачу,заставить потерпеть неудачу,быть вынужденным потерпеть неудачу,失敗,失敗,する,suru,す|る,su|ru,し,shi,し,shi,すれ,sure,す|れ,su|re,して,shite,し|て,shi|te,した,shita,し|た,shi|ta,でき,deki,でき,deki,され,sare,さ|れ,sa|re,させ,sase,さ|せ,sa|se,させられ,saserare,さ|せ|ら|れ,sa|se|ra|re,しろ,shiro,し|ろ,shi|ro,しよう,shiyou,し|よ|う,shi|yo|u,shi|su|deki|sa,,,,,терпеть неудачу; ошибаться,ошибаться,терпеть неудачу / ошибаться,потерпеть неудачу / ошибиться,терплю неудачу / ошибаюсь,буду терпеть неудачу / ошибаться,терпел(а) неудачу / ошибался(ась),потерпел(а) неудачу / ошибся(лась),потерплю неудачу / ошибусь,потерплю неудачу / ошибусь,потерпев неудачу / ошибившись,не ошибись,не ошибёмся,терпеть неудачу,потерпеть неудачу,потерпеть неудачу и затем…,agentive,Пассив: терпеть неудачу,contextual,grammar_label,заставить потерпеть неудачу,быть вынужденным потерпеть неудачу,1,1,0,1,1,1,1,1,1,1,1,1,1,разрешить потерпеть неудачу
shitsumonsuru,質問する,しつもんする,shitsumonsuru,задавать вопрос,N3,suru,shitsumonsu,質問し,質問した,質問して,質問しない,質問すれば,質問したら,質問できる,,質問される,質問させる,質問させられる,質問しろ,質問するな,質問しよう,質問したい,質問しなければ,質問しなきゃ,質問しなくちゃ,задавать вопрос,задать вопрос,задаю вопрос,буду задавать вопрос,задавал(а) вопрос,задал(а) вопрос,задам вопрос,задам вопрос,задав вопрос,задай вопрос,зададим вопрос,Пассив: задавать вопрос,заставить задать вопрос,быть вынужденным задать вопрос,質問,質問,する,suru,す|る,su|ru,し,shi,し,shi,すれ,sure,す|れ,su|re,して,shite,し|て,shi|te,した,shita,し|た,shi|ta,でき,deki,でき,deki,され,sare,さ|れ,sa|re,させ,sase,さ|せ,sa|se,させられ,saserare,さ|せ|ら|れ,sa|se|ra|re,しろ,shiro,し|ろ,shi|ro,しよう,shiyou,し|よ|う,shi|yo|u,shi|su|deki|sa,,,,,задавать вопрос,,задавать вопрос,задать вопрос,задаю вопрос,буду задавать вопрос,задавал(а) вопрос,задал(а) вопрос,задам вопрос,задам вопрос,задав вопрос,задай вопрос,зададим вопрос,задавать вопрос,задать вопрос,задать вопрос и затем…,agentive,Пассив: задавать вопрос,contextual,grammar_label,заставить задать вопрос,быть вынужденным задать вопрос,1,1,0,1,1,1,1,1,1,1,1,1,1,разрешить задать вопрос
shiharau,支払う,しはらう,shiharau,платить,N3,godan-u,shihara,支払い,支払った,支払って,支払わない,支払えば,支払ったら,支払える,,支払われる,支払わせる,支払わせられる,支払え,支払うな,支払おう,支払いたい,支払わなければ,支払わなきゃ,支払わなくちゃ,платить,заплатить,плачу,буду платить,платил(а),заплатил(а),заплачу,заплачу,заплатив,заплати,заплатим,Пассив: платить,заставить заплатить,быть вынужденным заплатить,支払,支払,う,u,う,u,い,i,わ,wa,え,e,え,e,って,tte,って,tte,った,tta,った,tta,え,e,え,e,われ,ware,わ|れ,wa|re,わせ,wase,わ|せ,wa|se,わせられ,waserare,わ|せ|ら|れ,wa|se|ra|re,え,e,え,e,おう,ou,お|う,o|u,wa|i|e|o,,,,,"платить, оплачивать",оплачивать,платить / оплачивать,заплатить / оплатить,плачу / оплачиваю,буду платить / оплачивать,платил(а) / оплачивал(а),заплатил(а) / оплатил(а),заплачу / оплачу,заплачу / оплачу,заплатив / оплатив,заплати / оплати,заплатим / оплатим,платить,заплатить,заплатить и затем…,agentive,Пассив: платить,contextual,grammar_label,заставить заплатить,быть вынужденным заплатить,1,1,0,1,1,1,1,1,1,1,1,1,1,разрешить заплатить
shimesu,示す,しめす,shimesu,показывать,N3,godan-su,shimes,示し,示した,示して,示さない,示せば,示したら,示せる,,示される,示させる,示させられる,示せ,示すな,示そう,示したい,示さなければ,示さなきゃ,示さなくちゃ,показывать,показать,показываю,буду показывать,показывал(а),показал(а),покажу,покажу,показав,покажи,покажем,Пассив: показывать,заставить показать,быть вынужденным показать,示,示,す,su,す,su,し,shi,さ,sa,せ,se,せ,se,して,shite,して,shite,した,shita,した,shita,せ,se,せ,se,され,sare,さ|れ,sa|re,させ,sase,さ|せ,sa|se,させられ,saserare,さ|せ|ら|れ,sa|se|ra|re,せ,se,せ,se,そう,sou,そ|う,so|u,sa|shi|se|so,,,,,"показывать, указывать",указывать,показывать / указывать,показать / указать,показываю / указываю,буду показывать / указывать,показывал(а) / указывал(а),показал(а) / указал(а),покажу / укажу,покажу / укажу,показав / указав,покажи / укажи,покажем / укажем,показывать,показать,показать и затем…,agentive,Пассив: показывать,contextual,grammar_label,заставить показать,быть вынужденным показать,1,1,0,1,1,1,1,1,1,1,1,1,1,разрешить показать
shimeru_3,占める,しめる,shimeru,занимать долю,N3,ichidan,shime,占め,占めた,占めて,占めない,占めれば,占めたら,占められる,占めれる,占められる,占めさせる,占めさせられる,占めろ,占めるな,占めよう,占めたい,占めなければ,占めなきゃ,占めなくちゃ,занимать,занять,занимает,буду занимать,занимало,заняло,займёт,займёт,заняв,,,Пассив: занимать,заставить занять,быть вынужденным занять,占め,占め,る,ru,る,ru,,,,,れ,re,れ,re,て,te,て,te,た,ta,た,ta,られ,rare,ら|れ,ra|re,られ,rare,ら|れ,ra|re,させ,sase,さ|せ,sa|se,させられ,saserare,さ|せ|ら|れ,sa|se|ra|re,ろ,ro,ろ,ro,よう,you,よ|う,yo|u,ra|sa|re|ro|yo,れ,re,れ,re,занимать долю; составлять,составлять,занимать / составлять,занять / составить,занимает / составляет,буду занимать / составлять,занимало / составляло,заняло / составило,займёт / составит,займёт / составит,заняв / составив,—,—,занимать,занять,занять и затем…,non_agentive,Пассив: занимать,contextual,grammar_label,заставить занять,быть вынужденным занять,1,1,0,1,0,0,0,0,1,0,0,0,1,разрешить занять
shimeru_4,湿る,しめる,shimeru,сыреть,N3,godan-ru,shime,湿り,湿った,湿って,湿らない,湿れば,湿ったら,湿れる,,湿られる,湿らせる,湿らせられる,湿れ,湿るな,湿ろう,湿りたい,湿らなければ,湿らなきゃ,湿らなくちゃ,сыреть,отсыреть,сыреет,буду сыреть,сырело,отсырело,отсыреет,отсыреет,отсырев,,,Пассив: сыреть,заставить отсыреть,быть вынужденным отсыреть,湿,湿,る,ru,る,ru,り,ri,ら,ra,れ,re,れ,re,って,tte,って,tte,った,tta,った,tta,れ,re,れ,re,られ,rare,ら|れ,ra|re,らせ,rase,ら|せ,ra|se,らせられ,raserare,ら|せ|ら|れ,ra|se|ra|re,れ,re,れ,re,ろう,rou,ろ|う,ro|u,ra|ri|re|ro,,,,,сыреть; быть влажным,быть влажным,сыреть,отсыреть,сыреет,буду сыреть,сырело,отсырело,отсыреет,отсыреет,отсырев,—,—,сыреть,отсыреть,отсыреть и затем…,non_agentive,Пассив: сыреть,exclude,grammar_label,заставить отсыреть,быть вынужденным отсыреть,1,0,0,0,0,0,0,0,0,0,0,0,1,разрешить отсыреть
shaberu,しゃべる,しゃべる,shaberu,болтать,N3,godan-ru,shabe,しゃべり,しゃべった,しゃべって,しゃべらない,しゃべれば,しゃべったら,しゃべれる,,しゃべられる,しゃべらせる,しゃべらせられる,しゃべれ,しゃべるな,しゃべろう,しゃべりたい,しゃべらなければ,しゃべらなきゃ,しゃべらなくちゃ,болтать,поболтать,болтаю,буду болтать,болтал(а),поболтал(а),поболтаю,поболтаю,поболтав,болтай,поболтаем,Пассив: болтать,заставить поболтать,быть вынужденным поболтать,しゃべ,しゃべ,る,ru,る,ru,り,ri,ら,ra,れ,re,れ,re,って,tte,って,tte,った,tta,った,tta,れ,re,れ,re,られ,rare,ら|れ,ra|re,らせ,rase,ら|せ,ra|se,らせられ,raserare,ら|せ|ら|れ,ra|se|ra|re,れ,re,れ,re,ろう,rou,ろ|う,ro|u,ra|ri|re|ro,,,,,болтать; разговаривать,разговаривать,болтать / разговаривать,поболтать / поговорить,болтаю / разговариваю,буду болтать / разговаривать,болтал(а) / разговаривал(а),поболтал(а) / поговорил(а),поболтаю / поговорю,поболтаю / поговорю,поболтав / поговорив,болтай / поговори,поболтаем / поговорим,болтать,поболтать,поболтать и затем…,agentive,Пассив: болтать,contextual,grammar_label,заставить поболтать,быть вынужденным поболтать,1,1,0,1,1,1,1,1,1,1,1,1,1,разрешить поболтать
shuppatsusuru,出発する,しゅっぱつする,shuppatsusuru,отправляться,N3,suru,shuppatsusu,出発し,出発した,出発して,出発しない,出発すれば,出発したら,出発できる,,出発される,出発させる,出発させられる,出発しろ,出発するな,出発しよう,出発したい,出発しなければ,出発しなきゃ,出発しなくちゃ,отправляться,отправиться,отправляюсь,буду отправляться,отправлялся(ась),отправился(ась),отправлюсь,отправлюсь,отправившись,отправляйся,отправимся,Пассив: отправляться,заставить отправиться,быть вынужденным отправиться,出発,出発,する,suru,す|る,su|ru,し,shi,し,shi,すれ,sure,す|れ,su|re,して,shite,し|て,shi|te,した,shita,し|た,shi|ta,でき,deki,でき,deki,され,sare,さ|れ,sa|re,させ,sase,さ|せ,sa|se,させられ,saserare,さ|せ|ら|れ,sa|se|ra|re,しろ,shiro,し|ろ,shi|ro,しよう,shiyou,し|よ|う,shi|yo|u,shi|su|deki|sa,,,,,отправляться,,отправляться,отправиться,отправляюсь,буду отправляться,отправлялся(ась),отправился(ась),отправлюсь,отправлюсь,отправившись,отправляйся,отправимся,отправляться,отправиться,отправиться и затем…,agentive,Пассив: отправляться,contextual,grammar_label,заставить отправиться,быть вынужденным отправиться,1,1,0,1,1,1,1,1,1,1,1,1,1,разрешить отправиться
shoukaisuru,紹介する,しょうかいする,shoukaisuru,представлять,N3,suru,shoukaisu,紹介し,紹介した,紹介して,紹介しない,紹介すれば,紹介したら,紹介できる,,紹介される,紹介させる,紹介させられる,紹介しろ,紹介するな,紹介しよう,紹介したい,紹介しなければ,紹介しなきゃ,紹介しなくちゃ,представлять,представить,представляю,буду представлять,представлял(а),представил(а),представлю,представлю,представив,представь,представим,быть представленным,заставить представить,быть вынужденным представить,紹介,紹介,する,suru,す|る,su|ru,し,shi,し,shi,すれ,sure,す|れ,su|re,して,shite,し|て,shi|te,した,shita,し|た,shi|ta,でき,deki,でき,deki,され,sare,さ|れ,sa|re,させ,sase,さ|せ,sa|se,させられ,saserare,さ|せ|ら|れ,sa|se|ra|re,しろ,shiro,し|ろ,shi|ro,しよう,shiyou,し|よ|う,shi|yo|u,shi|su|deki|sa,,,,,представлять; знакомить,знакомить,представлять / знакомить,представить / познакомить,представляю / знакомлю,буду представлять / знакомить,представлял(а) / знакомил(а),представил(а) / познакомил(а),представлю / познакомлю,представлю / познакомлю,представив / познакомив,представь / познакомь,представим / познакомим,представлять,представить,представить и затем…,agentive,быть представленным,natural,natural,заставить представить,быть вынужденным представить,1,1,1,0,1,1,1,1,1,1,1,1,1,разрешить представить
shoujiru,生じる,しょうじる,shoujiru,возникать,N3,ichidan,shouji,生じ,生じた,生じて,生じない,生じれば,生じたら,生じられる,生じれる,生じられる,生じさせる,生じさせられる,生じろ,生じるな,生じよう,生じたい,生じなければ,生じなきゃ,生じなくちゃ,возникать,возникнуть,возникает,буду возникать,возникало,возникло,возникнет,возникнет,возникнув,,,Пассив: возникать,заставить возникнуть,быть вынужденным возникнуть,生じ,生じ,る,ru,る,ru,,,,,れ,re,れ,re,て,te,て,te,た,ta,た,ta,られ,rare,ら|れ,ra|re,られ,rare,ら|れ,ra|re,させ,sase,さ|せ,sa|se,させられ,saserare,さ|せ|ら|れ,sa|se|ra|re,ろ,ro,ろ,ro,よう,you,よ|う,yo|u,ra|sa|re|ro|yo,れ,re,れ,re,возникать; появляться,появляться,возникать / появляться,возникнуть / появиться,возникает / появляется,буду возникать / появляться,возникало / появлялось,возникло / появилось,возникнет / появится,возникнет / появится,возникнув / появившись,—,—,возникать,возникнуть,возникнуть и затем…,non_agentive,Пассив: возникать,exclude,grammar_label,заставить возникнуть,быть вынужденным возникнуть,1,0,0,0,0,0,0,0,0,0,0,0,1,разрешить возникнуть
shinjiru,信じる,しんじる,shinjiru,верить,N3,ichidan,shinji,信じ,信じた,信じて,信じない,信じれば,信じたら,信じられる,信じれる,信じられる,信じさせる,信じさせられる,信じろ,信じるな,信じよう,信じたい,信じなければ,信じなきゃ,信じなくちゃ,верить,поверить,верю,буду верить,верил(а),поверил(а),поверю,поверю,поверив,поверь,поверим,Пассив: верить,заставить поверить,быть вынужденным поверить,信じ,信じ,る,ru,る,ru,,,,,れ,re,れ,re,て,te,て,te,た,ta,た,ta,られ,rare,ら|れ,ra|re,られ,rare,ら|れ,ra|re,させ,sase,さ|せ,sa|se,させられ,saserare,さ|せ|ら|れ,sa|se|ra|re,ろ,ro,ろ,ro,よう,you,よ|う,yo|u,ra|sa|re|ro|yo,れ,re,れ,re,верить,,верить,поверить,верю,буду верить,верил(а),поверил(а),поверю,поверю,поверив,поверь,поверим,верить,поверить,поверить и затем…,agentive,Пассив: верить,contextual,grammar_label,заставить поверить,быть вынужденным поверить,1,1,0,1,1,1,1,1,1,1,1,1,1,разрешить поверить
shinpaisuru,心配する,しんぱいする,shinpaisuru,беспокоиться,N3,suru,shinpaisu,心配し,心配した,心配して,心配しない,心配すれば,心配したら,心配できる,,心配される,心配させる,心配させられる,心配しろ,心配するな,心配しよう,心配したい,心配しなければ,心配しなきゃ,心配しなくちゃ,беспокоиться,побеспокоиться,беспокоюсь,буду беспокоиться,беспокоился(ась),побеспокоился(ась),побеспокоюсь,побеспокоюсь,побеспокоившись,не беспокойся,не побеспокоимся,Пассив: беспокоиться,заставить побеспокоиться,быть вынужденным побеспокоиться,心配,心配,する,suru,す|る,su|ru,し,shi,し,shi,すれ,sure,す|れ,su|re,して,shite,し|て,shi|te,した,shita,し|た,shi|ta,でき,deki,でき,deki,され,sare,さ|れ,sa|re,させ,sase,さ|せ,sa|se,させられ,saserare,さ|せ|ら|れ,sa|se|ra|re,しろ,shiro,し|ろ,shi|ro,しよう,shiyou,し|よ|う,shi|yo|u,shi|su|deki|sa,,,,,беспокоиться,,беспокоиться,побеспокоиться,беспокоюсь,буду беспокоиться,беспокоился(ась),побеспокоился(ась),побеспокоюсь,побеспокоюсь,побеспокоившись,не беспокойся,не побеспокоимся,беспокоиться,побеспокоиться,побеспокоиться и затем…,agentive,Пассив: беспокоиться,contextual,grammar_label,заставить побеспокоиться,быть вынужденным побеспокоиться,1,1,0,1,1,1,1,1,1,1,1,1,1,разрешить побеспокоиться
junbisuru,準備する,じゅんびする,junbisuru,готовиться,N3,suru,junbisu,準備し,準備した,準備して,準備しない,準備すれば,準備したら,準備できる,,準備される,準備させる,準備させられる,準備しろ,準備するな,準備しよう,準備したい,準備しなければ,準備しなきゃ,準備しなくちゃ,готовиться,подготовиться,готовлюсь,буду готовиться,готовился(ась),подготовился(ась),подготовлюсь,подготовлюсь,подготовившись,подготовься,подготовимся,Пассив: готовиться,заставить подготовиться,быть вынужденным подготовиться,準備,準備,する,suru,す|る,su|ru,し,shi,し,shi,すれ,sure,す|れ,su|re,して,shite,し|て,shi|te,した,shita,し|た,shi|ta,でき,deki,でき,deki,され,sare,さ|れ,sa|re,させ,sase,さ|せ,sa|se,させられ,saserare,さ|せ|ら|れ,sa|se|ra|re,しろ,shiro,し|ろ,shi|ro,しよう,shiyou,し|よ|う,shi|yo|u,shi|su|deki|sa,,,,,готовиться; подготавливать,подготавливать,готовиться / подготавливать,подготовиться / подготовить,готовлюсь / подготавливаю,буду готовиться / подготавливать,готовился(ась) / подготавливал(а),подготовился(ась) / подготовил(а),подготовлюсь / подготовлю,подготовлюсь / подготовлю,подготовившись / подготовив,подготовься / подготовь,подготовимся / подготовим,готовиться,подготовиться,подготовиться и затем…,agentive,Пассив: готовиться,contextual,grammar_label,заставить подготовиться,быть вынужденным подготовиться,1,1,0,1,1,1,1,1,1,1,1,1,1,разрешить подготовиться
sukuu,救う,すくう,sukuu,спасать,N3,godan-u,suku,救い,救った,救って,救わない,救えば,救ったら,救える,,救われる,救わせる,救わせられる,救え,救うな,救おう,救いたい,救わなければ,救わなきゃ,救わなくちゃ,спасать,спасти,спасаю,буду спасать,спасал(а),спас(ла),спасу,спасу,спасши,спаси,спасём,Пассив: спасать,заставить спасти,быть вынужденным спасти,救,救,う,u,う,u,い,i,わ,wa,え,e,え,e,って,tte,って,tte,った,tta,った,tta,え,e,え,e,われ,ware,わ|れ,wa|re,わせ,wase,わ|せ,wa|se,わせられ,waserare,わ|せ|ら|れ,wa|se|ra|re,え,e,え,e,おう,ou,お|う,o|u,wa|i|e|o,,,,,спасать,,спасать,спасти,спасаю,буду спасать,спасал(а),спас(ла),спасу,спасу,спасши,спаси,спасём,спасать,спасти,спасти и затем…,agentive,Пассив: спасать,contextual,grammar_label,заставить спасти,быть вынужденным спасти,1,1,0,1,1,1,1,1,1,1,1,1,1,разрешить спасти
sugureru,優れる,すぐれる,sugureru,превосходить,N3,ichidan,sugure,優れ,優れた,優れて,優れない,優れれば,優れたら,優れられる,優れれる,優れられる,優れさせる,優れさせられる,優れろ,優れるな,優れよう,優れたい,優れなければ,優れなきゃ,優れなくちゃ,превосходить,превзойти,превосходит,буду превосходить,превосходил(а),превзошёл(ла),превзойдёт,превзойдёт,превзойдя,,,Пассив: превосходить,заставить превзойти,быть вынужденным превзойти,優れ,優れ,る,ru,る,ru,,,,,れ,re,れ,re,て,te,て,te,た,ta,た,ta,られ,rare,ら|れ,ra|re,られ,rare,ら|れ,ra|re,させ,sase,さ|せ,sa|se,させられ,saserare,さ|せ|ら|れ,sa|se|ra|re,ろ,ro,ろ,ro,よう,you,よ|う,yo|u,ra|sa|re|ro|yo,れ,re,れ,re,превосходить; отличаться качеством,отличаться качеством,превосходить,превзойти,превосходит,буду превосходить,превосходил(а),превзошёл(ла),превзойдёт,превзойдёт,превзойдя,—,—,превосходить,превзойти,превзойти и затем…,non_agentive,Пассив: превосходить,contextual,grammar_label,заставить превзойти,быть вынужденным превзойти,1,1,0,1,0,0,0,0,1,0,0,0,1,разрешить превзойти
sugosu,過ごす,すごす,sugosu,проводить время,N3,godan-su,sugos,過ごし,過ごした,過ごして,過ごさない,過ごせば,過ごしたら,過ごせる,,過ごされる,過ごさせる,過ごさせられる,過ごせ,過ごすな,過ごそう,過ごしたい,過ごさなければ,過ごさなきゃ,過ごさなくちゃ,проводить время,провести время,провожу время,буду проводить время,проводил(а) время,провёл,проведу время,проведу время,проведя время,проведи время,проведём время,Пассив: проводить время,заставить провести время,быть вынужденным провести время,過ご,過ご,す,su,す,su,し,shi,さ,sa,せ,se,せ,se,して,shite,して,shite,した,shita,した,shita,せ,se,せ,se,され,sare,さ|れ,sa|re,させ,sase,さ|せ,sa|se,させられ,saserare,さ|せ|ら|れ,sa|se|ra|re,せ,se,せ,se,そう,sou,そ|う,so|u,sa|shi|se|so,,,,,проводить время,,проводить время,провести время,провожу время,буду проводить время,проводил(а) время,провёл / провела время,проведу время,проведу время,проведя время,проведи время,проведём время,проводить время,провести время,провести время и затем…,agentive,Пассив: проводить время,contextual,grammar_label,заставить провести время,быть вынужденным провести время,1,1,0,1,1,1,1,1,1,1,1,1,1,разрешить провести время
susumu,進む,すすむ,susumu,продвигаться,N3,godan-mu,susum,進み,進んだ,進んで,進まない,進めば,進んだら,進める,,進まれる,進ませる,進ませられる,進め,進むな,進もう,進みたい,進まなければ,進まなきゃ,進まなくちゃ,продвигаться,продвинуться,продвигаюсь,буду продвигаться,продвигался(ась),продвинулся(лась),продвинусь,продвинусь,продвинувшись,продвигайся,продвинемся,Пассив: продвигаться,заставить продвинуться,быть вынужденным продвинуться,進,進,む,mu,む,mu,み,mi,ま,ma,め,me,め,me,んで,nで,んで,nで,んだ,nだ,んだ,nだ,め,me,め,me,まれ,mare,ま|れ,ma|re,ませ,mase,ま|せ,ma|se,ませられ,maserare,ま|せ|ら|れ,ma|se|ra|re,め,me,め,me,もう,mou,も|う,mo|u,ma|mi|me|mo,,,,,"продвигаться, двигаться вперёд",двигаться вперёд,продвигаться,продвинуться,продвигаюсь,буду продвигаться,продвигался(ась),продвинулся(лась),продвинусь,продвинусь,продвинувшись,продвигайся,продвинемся,продвигаться,продвинуться,продвинуться и затем…,agentive,Пассив: продвигаться,contextual,grammar_label,заставить продвинуться,быть вынужденным продвинуться,1,1,0,1,1,1,1,1,1,1,1,1,1,разрешить продвинуться
susumeru_2,勧める,すすめる,susumeru,советовать,N3,ichidan,susume,勧め,勧めた,勧めて,勧めない,勧めれば,勧めたら,勧められる,勧めれる,勧められる,勧めさせる,勧めさせられる,勧めろ,勧めるな,勧めよう,勧めたい,勧めなければ,勧めなきゃ,勧めなくちゃ,советовать,посоветовать,советую,буду советовать,советовал(а),посоветовал(а),посоветую,посоветую,посоветовав,посоветуй,посоветуем,Пассив: советовать,заставить посоветовать,быть вынужденным посоветовать,勧め,勧め,る,ru,る,ru,,,,,れ,re,れ,re,て,te,て,te,た,ta,た,ta,られ,rare,ら|れ,ra|re,られ,rare,ら|れ,ra|re,させ,sase,さ|せ,sa|se,させられ,saserare,さ|せ|ら|れ,sa|se|ra|re,ろ,ro,ろ,ro,よう,you,よ|う,yo|u,ra|sa|re|ro|yo,れ,re,れ,re,советовать; рекомендовать,рекомендовать,советовать / рекомендовать,посоветовать / порекомендовать,советую / рекомендую,буду советовать / рекомендовать,советовал(а) / рекомендовал(а),посоветовал(а) / порекомендовал(а),посоветую / порекомендую,посоветую / порекомендую,посоветовав / порекомендовав,посоветуй / порекомендуй,посоветуем / порекомендуем,советовать,посоветовать,посоветовать и затем…,agentive,Пассив: советовать,contextual,grammar_label,заставить посоветовать,быть вынужденным посоветовать,1,1,0,1,1,1,1,1,1,1,1,1,1,разрешить посоветовать
susumeru,進める,すすめる,susumeru,продвигать,N3,ichidan,susume,進め,進めた,進めて,進めない,進めれば,進めたら,進められる,進めれる,進められる,進めさせる,進めさせられる,進めろ,進めるな,進めよう,進めたい,進めなければ,進めなきゃ,進めなくちゃ,продвигать,продвинуть,продвигаю,буду продвигать,продвигал(а),продвинул(а),продвину,продвину,продвинув,продвинь,продвинем,Пассив: продвигать,заставить продвинуть,быть вынужденным продвинуть,進め,進め,る,ru,る,ru,,,,,れ,re,れ,re,て,te,て,te,た,ta,た,ta,られ,rare,ら|れ,ra|re,られ,rare,ら|れ,ra|re,させ,sase,さ|せ,sa|se,させられ,saserare,さ|せ|ら|れ,sa|se|ra|re,ろ,ro,ろ,ro,よう,you,よ|う,yo|u,ra|sa|re|ro|yo,れ,re,れ,re,продвигать; двигать вперёд,двигать вперёд,продвигать,продвинуть,продвигаю,буду продвигать,продвигал(а),продвинул(а),продвину,продвину,продвинув,продвинь,продвинем,продвигать,продвинуть,продвинуть и затем…,agentive,Пассив: продвигать,contextual,grammar_label,заставить продвинуть,быть вынужденным продвинуть,1,1,0,1,1,1,1,1,1,1,1,1,1,разрешить продвинуть
sumaseru,済ませる,すませる,sumaseru,заканчивать,N3,ichidan,sumase,済ませ,済ませた,済ませて,済ませない,済ませれば,済ませたら,済ませられる,済ませれる,済ませられる,済ませさせる,済ませさせられる,済ませろ,済ませるな,済ませよう,済ませたい,済ませなければ,済ませなきゃ,済ませなくちゃ,заканчивать,закончить,заканчиваю,буду заканчивать,заканчивал(а),закончил(а),закончу,закончу,закончив,закончи,закончим,Пассив: заканчивать,заставить закончить,быть вынужденным закончить,済ませ,済ませ,る,ru,る,ru,,,,,れ,re,れ,re,て,te,て,te,た,ta,た,ta,られ,rare,ら|れ,ra|re,られ,rare,ら|れ,ra|re,させ,sase,さ|せ,sa|se,させられ,saserare,さ|せ|ら|れ,sa|se|ra|re,ろ,ro,ろ,ro,よう,you,よ|う,yo|u,ra|sa|re|ro|yo,れ,re,れ,re,заканчивать; улаживать,улаживать,заканчивать / улаживать,закончить / уладить,заканчиваю / улаживаю,буду заканчивать / улаживать,заканчивал(а) / улаживал(а),закончил(а) / уладил(а),закончу / улажу,закончу / улажу,закончив / уладив,закончи / уладь,закончим / уладим,заканчивать,закончить,закончить и затем…,agentive,Пассив: заканчивать,contextual,grammar_label,заставить закончить,быть вынужденным закончить,1,1,0,1,1,1,1,1,1,1,1,1,1,разрешить закончить
sumu_3,澄む,すむ,sumu,проясняться,N3,godan-mu,sum,澄み,澄んだ,澄んで,澄まない,澄めば,澄んだら,澄める,,澄まれる,澄ませる,澄ませられる,澄め,澄むな,澄もう,澄みたい,澄まなければ,澄まなきゃ,澄まなくちゃ,проясняться,проясниться,проясняется,буду проясняться,прояснялось,прояснилось,прояснится,прояснится,прояснившись,,,Пассив: проясняться,заставить проясниться,быть вынужденным проясниться,澄,澄,む,mu,む,mu,み,mi,ま,ma,め,me,め,me,んで,nで,んで,nで,んだ,nだ,んだ,nだ,め,me,め,me,まれ,mare,ま|れ,ma|re,ませ,mase,ま|せ,ma|se,ませられ,maserare,ま|せ|ら|れ,ma|se|ra|re,め,me,め,me,もう,mou,も|う,mo|u,ma|mi|me|mo,,,,,проясняться; становиться прозрачным,становиться прозрачным,проясняться,проясниться,проясняется,буду проясняться,прояснялось,прояснилось,прояснится,прояснится,прояснившись,—,—,проясняться,проясниться,проясниться и затем…,non_agentive,Пассив: проясняться,contextual,grammar_label,заставить проясниться,быть вынужденным проясниться,1,1,0,1,0,0,0,0,1,0,0,0,1,разрешить проясниться
suru_2,刷る,する,suru,печатать на бумаге,N3,godan-ru,su,刷り,刷った,刷って,刷らない,刷れば,刷ったら,刷れる,,刷られる,刷らせる,刷らせられる,刷れ,刷るな,刷ろう,刷りたい,刷らなければ,刷らなきゃ,刷らなくちゃ,печатать,напечатать,печатаю,буду печатать,печатал(а),напечатал(а),напечатаю,напечатаю,напечатав,напечатай,напечатаем,Пассив: печатать,заставить напечатать,быть вынужденным напечатать,刷,刷,る,ru,る,ru,り,ri,ら,ra,れ,re,れ,re,って,tte,って,tte,った,tta,った,tta,れ,re,れ,re,られ,rare,ら|れ,ra|re,らせ,rase,ら|せ,ra|se,らせられ,raserare,ら|せ|ら|れ,ra|se|ra|re,れ,re,れ,re,ろう,rou,ろ|う,ro|u,ra|ri|re|ro,,,,,печатать на бумаге,,печатать,напечатать,печатаю,буду печатать,печатал(а),напечатал(а),напечатаю,напечатаю,напечатав,напечатай,напечатаем,печатать,напечатать,напечатать и затем…,agentive,Пассив: печатать,contextual,grammar_label,заставить напечатать,быть вынужденным напечатать,1,1,0,1,1,1,1,1,1,1,1,1,1,разрешить напечатать
seikousuru,成功する,せいこうする,seikousuru,добиваться успеха,N3,suru,seikousu,成功し,成功した,成功して,成功しない,成功すれば,成功したら,成功できる,,成功される,成功させる,成功させられる,成功しろ,成功するな,成功しよう,成功したい,成功しなければ,成功しなきゃ,成功しなくちゃ,добиваться успеха,добиться успеха,добиваюсь успеха,буду добиваться успеха,добивался(ась) успеха,добился(ась) успеха,добьюсь успеха,добьюсь успеха,добившись успеха,добейся успеха,добьёмся успеха,Пассив: добиваться успеха,заставить добиться успеха,быть вынужденным добиться успеха,成功,成功,する,suru,す|る,su|ru,し,shi,し,shi,すれ,sure,す|れ,su|re,して,shite,し|て,shi|te,した,shita,し|た,shi|ta,でき,deki,でき,deki,され,sare,さ|れ,sa|re,させ,sase,さ|せ,sa|se,させられ,saserare,さ|せ|ら|れ,sa|se|ra|re,しろ,shiro,し|ろ,shi|ro,しよう,shiyou,し|よ|う,shi|yo|u,shi|su|deki|sa,,,,,добиваться успеха,,добиваться успеха,добиться успеха,добиваюсь успеха,буду добиваться успеха,добивался(ась) успеха,добился(ась) успеха,добьюсь успеха,добьюсь успеха,добившись успеха,добейся успеха,добьёмся успеха,добиваться успеха,добиться успеха,добиться успеха и затем…,agentive,Пассив: добиваться успеха,contextual,grammar_label,заставить добиться успеха,быть вынужденным добиться успеха,1,1,0,1,1,1,1,1,1,1,1,1,1,разрешить добиться успеха
setsumeisuru,説明する,せつめいする,setsumeisuru,объяснять,N3,suru,setsumeisu,説明し,説明した,説明して,説明しない,説明すれば,説明したら,説明できる,,説明される,説明させる,説明させられる,説明しろ,説明するな,説明しよう,説明したい,説明しなければ,説明しなきゃ,説明しなくちゃ,объяснять,объяснить,объясняю,буду объяснять,объяснял(а),объяснил(а),объясню,объясню,объяснив,объясни,объясним,быть объяснённым,заставить объяснить,быть вынужденным объяснить,説明,説明,する,suru,す|る,su|ru,し,shi,し,shi,すれ,sure,す|れ,su|re,して,shite,し|て,shi|te,した,shita,し|た,shi|ta,でき,deki,でき,deki,され,sare,さ|れ,sa|re,させ,sase,さ|せ,sa|se,させられ,saserare,さ|せ|ら|れ,sa|se|ra|re,しろ,shiro,し|ろ,shi|ro,しよう,shiyou,し|よ|う,shi|yo|u,shi|su|deki|sa,,,,,объяснять,,объяснять,объяснить,объясняю,буду объяснять,объяснял(а),объяснил(а),объясню,объясню,объяснив,объясни,объясним,объяснять,объяснить,объяснить и затем…,agentive,быть объяснённым,natural,natural,заставить объяснить,быть вынужденным объяснить,1,1,1,0,1,1,1,1,1,1,1,1,1,разрешить объяснить
soudansuru,相談する,そうだんする,soudansuru,советоваться,N3,suru,soudansu,相談し,相談した,相談して,相談しない,相談すれば,相談したら,相談できる,,相談される,相談させる,相談させられる,相談しろ,相談するな,相談しよう,相談したい,相談しなければ,相談しなきゃ,相談しなくちゃ,советоваться,посоветоваться,советуюсь,буду советоваться,советовался(ась),посоветовался(ась),посоветуюсь,посоветуюсь,посоветовавшись,посоветуйся,посоветуемся,Пассив: советоваться,заставить посоветоваться,быть вынужденным посоветоваться,相談,相談,する,suru,す|る,su|ru,し,shi,し,shi,すれ,sure,す|れ,su|re,して,shite,し|て,shi|te,した,shita,し|た,shi|ta,でき,deki,でき,deki,され,sare,さ|れ,sa|re,させ,sase,さ|せ,sa|se,させられ,saserare,さ|せ|ら|れ,sa|se|ra|re,しろ,shiro,し|ろ,shi|ro,しよう,shiyou,し|よ|う,shi|yo|u,shi|su|deki|sa,,,,,советоваться; обсуждать,обсуждать,советоваться / обсуждать,посоветоваться / обсудить,советуюсь / обсуждаю,буду советоваться / обсуждать,советовался(ась) / обсуждал(а),посоветовался(ась) / обсудил(а),посоветуюсь / обсужу,посоветуюсь / обсужу,посоветовавшись / обсудив,посоветуйся / обсуди,посоветуемся / обсудим,советоваться,посоветоваться,посоветоваться и затем…,agentive,Пассив: советоваться,contextual,grammar_label,заставить посоветоваться,быть вынужденным посоветоваться,1,1,0,1,1,1,1,1,1,1,1,1,1,разрешить посоветоваться
sotsugiyousuru,卒業する,そつぎょうする,sotsugiyousuru,заканчивать учебное заведение,N3,suru,sotsugiyousu,卒業し,卒業した,卒業して,卒業しない,卒業すれば,卒業したら,卒業できる,,卒業される,卒業させる,卒業させられる,卒業しろ,卒業するな,卒業しよう,卒業したい,卒業しなければ,卒業しなきゃ,卒業しなくちゃ,заканчивать обучение,закончить обучение,заканчиваю обучение,буду заканчивать обучение,заканчивал(а) обучение,закончил(а) обучение,закончу обучение,закончу обучение,закончив обучение,закончи обучение,закончим обучение,Пассив: заканчивать обучение,заставить закончить обучение,быть вынужденным закончить обучение,卒業,卒業,する,suru,す|る,su|ru,し,shi,し,shi,すれ,sure,す|れ,su|re,して,shite,し|て,shi|te,した,shita,し|た,shi|ta,でき,deki,でき,deki,され,sare,さ|れ,sa|re,させ,sase,さ|せ,sa|se,させられ,saserare,さ|せ|ら|れ,sa|se|ra|re,しろ,shiro,し|ろ,shi|ro,しよう,shiyou,し|よ|う,shi|yo|u,shi|su|deki|sa,,,,,заканчивать учебное заведение,,заканчивать обучение,закончить обучение,заканчиваю обучение,буду заканчивать обучение,заканчивал(а) обучение,закончил(а) обучение,закончу обучение,закончу обучение,закончив обучение,закончи обучение,закончим обучение,заканчивать обучение,закончить обучение,закончить обучение и затем…,agentive,Пассив: заканчивать обучение,contextual,grammar_label,заставить закончить обучение,быть вынужденным закончить обучение,1,1,0,1,1,1,1,1,1,1,1,1,1,разрешить закончить обучение
zoukasuru,増加する,ぞうかする,zoukasuru,увеличиваться,N3,suru,zoukasu,増加し,増加した,増加して,増加しない,増加すれば,増加したら,増加できる,,増加される,増加させる,増加させられる,増加しろ,増加するな,増加しよう,増加したい,増加しなければ,増加しなきゃ,増加しなくちゃ,увеличиваться,увеличиться,увеличивается,буду увеличиваться,увеличивалось,увеличилось,увеличится,увеличится,увеличившись,,,Пассив: увеличиваться,заставить увеличиться,быть вынужденным увеличиться,増加,増加,する,suru,す|る,su|ru,し,shi,し,shi,すれ,sure,す|れ,su|re,して,shite,し|て,shi|te,した,shita,し|た,shi|ta,でき,deki,でき,deki,され,sare,さ|れ,sa|re,させ,sase,さ|せ,sa|se,させられ,saserare,さ|せ|ら|れ,sa|se|ra|re,しろ,shiro,し|ろ,shi|ro,しよう,shiyou,し|よ|う,shi|yo|u,shi|su|deki|sa,,,,,увеличиваться,,увеличиваться,увеличиться,увеличивается,буду увеличиваться,увеличивалось,увеличилось,увеличится,увеличится,увеличившись,—,—,увеличиваться,увеличиться,увеличиться и затем…,non_agentive,Пассив: увеличиваться,exclude,grammar_label,заставить увеличиться,быть вынужденным увеличиться,1,0,0,0,0,0,0,0,0,0,0,0,1,разрешить увеличиться
taiinsuru,退院する,たいいんする,taiinsuru,выписываться из больницы,N3,suru,taiinsu,退院し,退院した,退院して,退院しない,退院すれば,退院したら,退院できる,,退院される,退院させる,退院させられる,退院しろ,退院するな,退院しよう,退院したい,退院しなければ,退院しなきゃ,退院しなくちゃ,выписываться,выписаться,выписываюсь,буду выписываться,выписывался(ась),выписался(ась),выпишусь,выпишусь,выписавшись,выписывайся,выпишемся,Пассив: выписываться,заставить выписаться,быть вынужденным выписаться,退院,退院,する,suru,す|る,su|ru,し,shi,し,shi,すれ,sure,す|れ,su|re,して,shite,し|て,shi|te,した,shita,し|た,shi|ta,でき,deki,でき,deki,され,sare,さ|れ,sa|re,させ,sase,さ|せ,sa|se,させられ,saserare,さ|せ|ら|れ,sa|se|ra|re,しろ,shiro,し|ろ,shi|ro,しよう,shiyou,し|よ|う,shi|yo|u,shi|su|deki|sa,,,,,выписываться из больницы,,выписываться,выписаться,выписываюсь,буду выписываться,выписывался(ась),выписался(ась),выпишусь,выпишусь,выписавшись,выписывайся,выпишемся,выписываться,выписаться,выписаться и затем…,agentive,Пассив: выписываться,contextual,grammar_label,заставить выписаться,быть вынужденным выписаться,1,1,0,1,1,1,1,1,1,1,1,1,1,разрешить выписаться
tashikameru,確かめる,たしかめる,tashikameru,проверять,N3,ichidan,tashikame,確かめ,確かめた,確かめて,確かめない,確かめれば,確かめたら,確かめられる,確かめれる,確かめられる,確かめさせる,確かめさせられる,確かめろ,確かめるな,確かめよう,確かめたい,確かめなければ,確かめなきゃ,確かめなくちゃ,проверять,проверить,проверяю,буду проверять,проверял(а),проверил(а),проверю,проверю,проверив,проверь,проверим,Пассив: проверять,заставить проверить,быть вынужденным проверить,確かめ,確かめ,る,ru,る,ru,,,,,れ,re,れ,re,て,te,て,te,た,ta,た,ta,られ,rare,ら|れ,ra|re,られ,rare,ら|れ,ra|re,させ,sase,さ|せ,sa|se,させられ,saserare,さ|せ|ら|れ,sa|se|ra|re,ろ,ro,ろ,ro,よう,you,よ|う,yo|u,ra|sa|re|ro|yo,れ,re,れ,re,"проверять, удостоверяться",удостоверяться,проверять / удостоверяться,проверить / удостовериться,проверяю / удостоверяюсь,буду проверять / удостоверяться,проверял(а) / удостоверялся(ась),проверил(а) / удостоверился(ась),проверю / удостоверюсь,проверю / удостоверюсь,проверив / удостоверившись,проверь,проверим,проверять,проверить,проверить и затем…,agentive,Пассив: проверять,contextual,grammar_label,заставить проверить,быть вынужденным проверить,1,1,0,1,1,1,1,1,1,1,1,1,1,разрешить проверить
chuuisuru,注意する,ちゅういする,chuuisuru,обращать внимание,N3,suru,chuuisu,注意し,注意した,注意して,注意しない,注意すれば,注意したら,注意できる,,注意される,注意させる,注意させられる,注意しろ,注意するな,注意しよう,注意したい,注意しなければ,注意しなきゃ,注意しなくちゃ,обращать внимание,обратить внимание,обращаю внимание,буду обращать внимание,обращал(а) внимание,обратил(а) внимание,обращу внимание,обращу внимание,обратив внимание,обрати внимание,обратим внимание,Пассив: обращать внимание,заставить обратить внимание,быть вынужденным обратить внимание,注意,注意,する,suru,す|る,su|ru,し,shi,し,shi,すれ,sure,す|れ,su|re,して,shite,し|て,shi|te,した,shita,し|た,shi|ta,でき,deki,でき,deki,され,sare,さ|れ,sa|re,させ,sase,さ|せ,sa|se,させられ,saserare,さ|せ|ら|れ,sa|se|ra|re,しろ,shiro,し|ろ,shi|ro,しよう,shiyou,し|よ|う,shi|yo|u,shi|su|deki|sa,,,,,обращать внимание; предупреждать,предупреждать,обращать внимание / предупреждать,обратить внимание / предупредить,обращаю внимание / предупреждаю,буду обращать внимание / предупреждать,обращал(а) внимание / предупреждал(а),обратил(а) внимание / предупредил(а),обращу внимание / предупрежу,обращу внимание / предупрежу,обратив внимание / предупредив,обрати внимание / предупреди,обратим внимание / предупредим,обращать внимание,обратить внимание,обратить внимание и затем…,agentive,Пассив: обращать внимание,contextual,grammar_label,заставить обратить внимание,быть вынужденным обратить внимание,1,1,0,1,1,1,1,1,1,1,1,1,1,разрешить обратить внимание
tsukiau,付き合う,つきあう,tsukiau,общаться,N3,godan-u,tsukia,付き合い,付き合った,付き合って,付き合わない,付き合えば,付き合ったら,付き合える,,付き合われる,付き合わせる,付き合わせられる,付き合え,付き合うな,付き合おう,付き合いたい,付き合わなければ,付き合わなきゃ,付き合わなくちゃ,общаться,пообщаться,общаюсь,буду общаться,общался(ась),пообщался(ась),пообщаюсь,пообщаюсь,пообщавшись,общайся,пообщаемся,Пассив: общаться,заставить пообщаться,быть вынужденным пообщаться,付き合,付き合,う,u,う,u,い,i,わ,wa,え,e,え,e,って,tte,って,tte,った,tta,った,tta,え,e,え,e,われ,ware,わ|れ,wa|re,わせ,wase,わ|せ,wa|se,わせられ,waserare,わ|せ|ら|れ,wa|se|ra|re,え,e,え,e,おう,ou,お|う,o|u,wa|i|e|o,,,,,общаться; встречаться,встречаться,общаться / встречаться,пообщаться / встретиться,общаюсь / встречаюсь,буду общаться / встречаться,общался(ась) / встречался(ась),пообщался(ась) / встретился(ась),пообщаюсь / встречусь,пообщаюсь / встречусь,пообщавшись / встретившись,общайся / встреться,пообщаемся / встретимся,общаться,пообщаться,пообщаться и затем…,agentive,Пассив: общаться,contextual,grammar_label,заставить пообщаться,быть вынужденным пообщаться,1,1,0,1,1,1,1,1,1,1,1,1,1,разрешить пообщаться
teniireru,手に入れる,てにいれる,teniireru,получать,N3,ichidan,teniire,手に入れ,手に入れた,手に入れて,手に入れない,手に入れれば,手に入れたら,手に入れられる,手に入れれる,手に入れられる,手に入れさせる,手に入れさせられる,手に入れろ,手に入れるな,手に入れよう,手に入れたい,手に入れなければ,手に入れなきゃ,手に入れなくちゃ,получать,получить,получаю,буду получать,получал(а),получил(а),получу,получу,получив,получи,получим,Пассив: получать,заставить получить,быть вынужденным получить,手に入れ,手に入れ,る,ru,る,ru,,,,,れ,re,れ,re,て,te,て,te,た,ta,た,ta,られ,rare,ら|れ,ra|re,られ,rare,ら|れ,ra|re,させ,sase,さ|せ,sa|se,させられ,saserare,さ|せ|ら|れ,sa|se|ra|re,ろ,ro,ろ,ro,よう,you,よ|う,yo|u,ra|sa|re|ro|yo,れ,re,れ,re,получать; приобретать,приобретать,получать / приобретать,получить / приобрести,получаю / приобретаю,буду получать / приобретать,получал(а) / приобретал(а),получил(а) / приобрёл(ла),получу / приобрету,получу / приобрету,получив / приобретя,получи / приобрети,получим / приобретём,получать,получить,получить и затем…,agentive,Пассив: получать,contextual,grammar_label,заставить получить,быть вынужденным получить,1,1,0,1,1,1,1,1,1,1,1,1,1,разрешить получить
touchakusuru,到着する,とうちゃくする,touchakusuru,прибывать,N3,suru,touchakusu,到着し,到着した,到着して,到着しない,到着すれば,到着したら,到着できる,,到着される,到着させる,到着させられる,到着しろ,到着するな,到着しよう,到着したい,到着しなければ,到着しなきゃ,到着しなくちゃ,прибывать,прибыть,прибываю,буду прибывать,прибывал(а),прибыл(а),прибуду,прибуду,прибыв,прибудь,прибудем,Пассив: прибывать,заставить прибыть,быть вынужденным прибыть,到着,到着,する,suru,す|る,su|ru,し,shi,し,shi,すれ,sure,す|れ,su|re,して,shite,し|て,shi|te,した,shita,し|た,shi|ta,でき,deki,でき,deki,され,sare,さ|れ,sa|re,させ,sase,さ|せ,sa|se,させられ,saserare,さ|せ|ら|れ,sa|se|ra|re,しろ,shiro,し|ろ,shi|ro,しよう,shiyou,し|よ|う,shi|yo|u,shi|su|deki|sa,,,,,прибывать,,прибывать,прибыть,прибываю,буду прибывать,прибывал(а),прибыл(а),прибуду,прибуду,прибыв,прибудь,прибудем,прибывать,прибыть,прибыть и затем…,agentive,Пассив: прибывать,contextual,grammar_label,заставить прибыть,быть вынужденным прибыть,1,1,0,1,1,1,1,1,1,1,1,1,1,разрешить прибыть
toriageru,取り上げる,とりあげる,toriageru,поднимать,N3,ichidan,toriage,取り上げ,取り上げた,取り上げて,取り上げない,取り上げれば,取り上げたら,取り上げられる,取り上げれる,取り上げられる,取り上げさせる,取り上げさせられる,取り上げろ,取り上げるな,取り上げよう,取り上げたい,取り上げなければ,取り上げなきゃ,取り上げなくちゃ,поднимать,поднять,поднимаю,буду поднимать,поднимал(а),поднял(а),подниму,подниму,подняв,подними,поднимем,Пассив: поднимать,заставить поднять,быть вынужденным поднять,取り上げ,取り上げ,る,ru,る,ru,,,,,れ,re,れ,re,て,te,て,te,た,ta,た,ta,られ,rare,ら|れ,ra|re,られ,rare,ら|れ,ra|re,させ,sase,さ|せ,sa|se,させられ,saserare,さ|せ|ら|れ,sa|se|ra|re,ろ,ro,ろ,ro,よう,you,よ|う,yo|u,ra|sa|re|ro|yo,れ,re,れ,re,"поднимать, подбирать, рассматривать",подбирать | рассматривать,поднимать / подбирать,поднять / подобрать,поднимаю / подбираю,буду поднимать / подбирать,поднимал(а) / подбирал(а),поднял(а) / подобрал(а),подниму / подберу,подниму / подберу,подняв / подобрав,подними / подбери,поднимем / подберём,поднимать,поднять,поднять и затем…,agentive,Пассив: поднимать,contextual,grammar_label,заставить поднять,быть вынужденным поднять,1,1,0,1,1,1,1,1,1,1,1,1,1,разрешить поднять
toreru,取れる,とれる,toreru,сниматься,N3,ichidan,tore,取れ,取れた,取れて,取れない,取れれば,取れたら,取れられる,取れれる,取れられる,取れさせる,取れさせられる,取れろ,取れるな,取れよう,取れたい,取れなければ,取れなきゃ,取れなくちゃ,сниматься,сняться,снимается,буду сниматься,снималось,снялось,снимется,снимется,снявшись,,,Пассив: сниматься,заставить сняться,быть вынужденным сняться,取れ,取れ,る,ru,る,ru,,,,,れ,re,れ,re,て,te,て,te,た,ta,た,ta,られ,rare,ら|れ,ra|re,られ,rare,ら|れ,ra|re,させ,sase,さ|せ,sa|se,させられ,saserare,さ|せ|ら|れ,sa|se|ra|re,ろ,ro,ろ,ro,よう,you,よ|う,yo|u,ra|sa|re|ro|yo,れ,re,れ,re,"сниматься, отрываться, получаться",отрываться | получаться,сниматься / отрываться,сняться / оторваться,снимается / отрывается,буду сниматься / отрываться,снималось / отрывалось,снялось / оторвалось,снимется / оторвётся,снимется / оторвётся,снявшись / оторвавшись,—,—,сниматься,сняться,сняться и затем…,non_agentive,Пассив: сниматься,exclude,grammar_label,заставить сняться,быть вынужденным сняться,1,0,0,0,0,0,0,0,0,0,0,0,1,разрешить сняться
nyuuinsuru,入院する,にゅういんする,nyuuinsuru,ложиться в больницу,N3,suru,nyuuinsu,入院し,入院した,入院して,入院しない,入院すれば,入院したら,入院できる,,入院される,入院させる,入院させられる,入院しろ,入院するな,入院しよう,入院したい,入院しなければ,入院しなきゃ,入院しなくちゃ,ложиться в больницу,лечь в больницу,ложусь в больницу,буду ложиться в больницу,ложился(ась) в больницу,лёг(ла) в больницу,лягу в больницу,лягу в больницу,после поступления в больницу,ложись в больницу,ляжем в больницу,Пассив: ложиться в больницу,заставить лечь в больницу,быть вынужденным лечь в больницу,入院,入院,する,suru,す|る,su|ru,し,shi,し,shi,すれ,sure,す|れ,su|re,して,shite,し|て,shi|te,した,shita,し|た,shi|ta,でき,deki,でき,deki,され,sare,さ|れ,sa|re,させ,sase,さ|せ,sa|se,させられ,saserare,さ|せ|ら|れ,sa|se|ra|re,しろ,shiro,し|ろ,shi|ro,しよう,shiyou,し|よ|う,shi|yo|u,shi|su|deki|sa,,,,,ложиться в больницу,,ложиться в больницу,лечь в больницу,ложусь в больницу,буду ложиться в больницу,ложился(ась) в больницу,лёг(ла) в больницу,лягу в больницу,лягу в больницу,лёжа в больницу,ложись в больницу,ляжем в больницу,ложиться в больницу,лечь в больницу,лечь в больницу и затем…,agentive,Пассив: ложиться в больницу,contextual,grammar_label,заставить лечь в больницу,быть вынужденным лечь в больницу,1,1,0,1,1,1,1,1,1,1,1,1,1,разрешить лечь в больницу
nyuugakusuru,入学する,にゅうがくする,nyuugakusuru,поступать в учебное заведение,N3,suru,nyuugakusu,入学し,入学した,入学して,入学しない,入学すれば,入学したら,入学できる,,入学される,入学させる,入学させられる,入学しろ,入学するな,入学しよう,入学したい,入学しなければ,入学しなきゃ,入学しなくちゃ,поступать,поступить,поступаю,буду поступать,поступал(а),поступил(а),поступлю,поступлю,поступив,поступай,поступим,Пассив: поступать,заставить поступить,быть вынужденным поступить,入学,入学,する,suru,す|る,su|ru,し,shi,し,shi,すれ,sure,す|れ,su|re,して,shite,し|て,shi|te,した,shita,し|た,shi|ta,でき,deki,でき,deki,され,sare,さ|れ,sa|re,させ,sase,さ|せ,sa|se,させられ,saserare,さ|せ|ら|れ,sa|se|ra|re,しろ,shiro,し|ろ,shi|ro,しよう,shiyou,し|よ|う,shi|yo|u,shi|su|deki|sa,,,,,поступать в учебное заведение,,поступать,поступить,поступаю,буду поступать,поступал(а),поступил(а),поступлю,поступлю,поступив,поступай,поступим,поступать,поступить,поступить и затем…,agentive,Пассив: поступать,contextual,grammar_label,заставить поступить,быть вынужденным поступить,1,1,0,1,1,1,1,1,1,1,1,1,1,разрешить поступить
hazusu,外す,はずす,hazusu,снимать,N3,godan-su,hazus,外し,外した,外して,外さない,外せば,外したら,外せる,,外される,外させる,外させられる,外せ,外すな,外そう,外したい,外さなければ,外さなきゃ,外さなくちゃ,снимать,снять,снимаю,буду снимать,снимал(а),снял(а),сниму,сниму,сняв,сними,снимем,Пассив: снимать,заставить снять,быть вынужденным снять,外,外,す,su,す,su,し,shi,さ,sa,せ,se,せ,se,して,shite,して,shite,した,shita,した,shita,せ,se,せ,se,され,sare,さ|れ,sa|re,させ,sase,さ|せ,sa|se,させられ,saserare,さ|せ|ら|れ,sa|se|ra|re,せ,se,せ,se,そう,sou,そ|う,so|u,sa|shi|se|so,,,,,"снимать, отсоединять, промахиваться",отсоединять | промахиваться,снимать / отсоединять,снять / отсоединить,снимаю / отсоединяю,буду снимать / отсоединять,снимал(а) / отсоединял(а),снял(а) / отсоединил(а),сниму / отсоединю,сниму / отсоединю,сняв / отсоединив,сними / отсоедини,снимем / отсоединим,снимать,снять,снять и затем…,agentive,Пассив: снимать,contextual,grammar_label,заставить снять,быть вынужденным снять,1,1,0,1,1,1,1,1,1,1,1,1,1,разрешить снять
hakkensuru,発見する,はっけんする,hakkensuru,обнаруживать,N3,suru,hakkensu,発見し,発見した,発見して,発見しない,発見すれば,発見したら,発見できる,,発見される,発見させる,発見させられる,発見しろ,発見するな,発見しよう,発見したい,発見しなければ,発見しなきゃ,発見しなくちゃ,обнаруживать,обнаружить,обнаруживаю,буду обнаруживать,обнаруживал(а),обнаружил(а),обнаружу,обнаружу,обнаружив,обнаружь,обнаружим,быть обнаруженным,заставить обнаружить,быть вынужденным обнаружить,発見,発見,する,suru,す|る,su|ru,し,shi,し,shi,すれ,sure,す|れ,su|re,して,shite,し|て,shi|te,した,shita,し|た,shi|ta,でき,deki,でき,deki,され,sare,さ|れ,sa|re,させ,sase,さ|せ,sa|se,させられ,saserare,さ|せ|ら|れ,sa|se|ra|re,しろ,shiro,し|ろ,shi|ro,しよう,shiyou,し|よ|う,shi|yo|u,shi|su|deki|sa,,,,,обнаруживать,,обнаруживать,обнаружить,обнаруживаю,буду обнаруживать,обнаруживал(а),обнаружил(а),обнаружу,обнаружу,обнаружив,обнаружь,обнаружим,обнаруживать,обнаружить,обнаружить и затем…,agentive,быть обнаруженным,natural,natural,заставить обнаружить,быть вынужденным обнаружить,1,1,1,0,1,1,1,1,1,1,1,1,1,разрешить обнаружить
happiyousuru,発表する,はっぴょうする,happiyousuru,объявлять,N3,suru,happiyousu,発表し,発表した,発表して,発表しない,発表すれば,発表したら,発表できる,,発表される,発表させる,発表させられる,発表しろ,発表するな,発表しよう,発表したい,発表しなければ,発表しなきゃ,発表しなくちゃ,объявлять,объявить,объявляю,буду объявлять,объявлял(а),объявил(а),объявлю,объявлю,объявив,объяви,объявим,быть объявленным,заставить объявить,быть вынужденным объявить,発表,発表,する,suru,す|る,su|ru,し,shi,し,shi,すれ,sure,す|れ,su|re,して,shite,し|て,shi|te,した,shita,し|た,shi|ta,でき,deki,でき,deki,され,sare,さ|れ,sa|re,させ,sase,さ|せ,sa|se,させられ,saserare,さ|せ|ら|れ,sa|se|ra|re,しろ,shiro,し|ろ,shi|ro,しよう,shiyou,し|よ|う,shi|yo|u,shi|su|deki|sa,,,,,объявлять; выступать,выступать,объявлять / выступать,объявить / выступить,объявляю / выступаю,буду объявлять / выступать,объявлял(а) / выступал(а),объявил(а) / выступил(а),объявлю / выступлю,объявлю / выступлю,объявив / выступив,объяви / выступи,объявим / выступим,объявлять,объявить,объявить и затем…,agentive,быть объявленным,natural,natural,заставить объявить,быть вынужденным объявить,1,1,1,0,1,1,1,1,1,1,1,1,1,разрешить объявить
fuyasu,増やす,ふやす,fuyasu,увеличивать,N3,godan-su,fuyas,増やし,増やした,増やして,増やさない,増やせば,増やしたら,増やせる,,増やされる,増やさせる,増やさせられる,増やせ,増やすな,増やそう,増やしたい,増やさなければ,増やさなきゃ,増やさなくちゃ,увеличивать,увеличить,увеличиваю,буду увеличивать,увеличивал(а),увеличил(а),увеличу,увеличу,увеличив,увеличь,увеличим,Пассив: увеличивать,заставить увеличить,быть вынужденным увеличить,増や,増や,す,su,す,su,し,shi,さ,sa,せ,se,せ,se,して,shite,して,shite,した,shita,した,shita,せ,se,せ,se,され,sare,さ|れ,sa|re,させ,sase,さ|せ,sa|se,させられ,saserare,さ|せ|ら|れ,sa|se|ra|re,せ,se,せ,se,そう,sou,そ|う,so|u,sa|shi|se|so,,,,,увеличивать,,увеличивать,увеличить,увеличиваю,буду увеличивать,увеличивал(а),увеличил(а),увеличу,увеличу,увеличив,увеличь,увеличим,увеличивать,увеличить,увеличить и затем…,agentive,Пассив: увеличивать,contextual,grammar_label,заставить увеличить,быть вынужденным увеличить,1,1,0,1,1,1,1,1,1,1,1,1,1,разрешить увеличить
herasu,減らす,へらす,herasu,уменьшать,N3,godan-su,heras,減らし,減らした,減らして,減らさない,減らせば,減らしたら,減らせる,,減らされる,減らさせる,減らさせられる,減らせ,減らすな,減らそう,減らしたい,減らさなければ,減らさなきゃ,減らさなくちゃ,уменьшать,уменьшить,уменьшаю,буду уменьшать,уменьшал(а),уменьшил(а),уменьшу,уменьшу,уменьшив,уменьши,уменьшим,Пассив: уменьшать,заставить уменьшить,быть вынужденным уменьшить,減ら,減ら,す,su,す,su,し,shi,さ,sa,せ,se,せ,se,して,shite,して,shite,した,shita,した,shita,せ,se,せ,se,され,sare,さ|れ,sa|re,させ,sase,さ|せ,sa|se,させられ,saserare,さ|せ|ら|れ,sa|se|ra|re,せ,se,せ,se,そう,sou,そ|う,so|u,sa|shi|se|so,,,,,уменьшать,,уменьшать,уменьшить,уменьшаю,буду уменьшать,уменьшал(а),уменьшил(а),уменьшу,уменьшу,уменьшив,уменьши,уменьшим,уменьшать,уменьшить,уменьшить и затем…,agentive,Пассив: уменьшать,contextual,grammar_label,заставить уменьшить,быть вынужденным уменьшить,1,1,0,1,1,1,1,1,1,1,1,1,1,разрешить уменьшить
heru,減る,へる,heru,уменьшаться,N3,godan-ru,he,減り,減った,減って,減らない,減れば,減ったら,減れる,,減られる,減らせる,減らせられる,減れ,減るな,減ろう,減りたい,減らなければ,減らなきゃ,減らなくちゃ,уменьшаться,уменьшиться,уменьшается,буду уменьшаться,уменьшалось,уменьшилось,уменьшится,уменьшится,уменьшившись,,,Пассив: уменьшаться,заставить уменьшиться,быть вынужденным уменьшиться,減,減,る,ru,る,ru,り,ri,ら,ra,れ,re,れ,re,って,tte,って,tte,った,tta,った,tta,れ,re,れ,re,られ,rare,ら|れ,ra|re,らせ,rase,ら|せ,ra|se,らせられ,raserare,ら|せ|ら|れ,ra|se|ra|re,れ,re,れ,re,ろう,rou,ろ|う,ro|u,ra|ri|re|ro,,,,,уменьшаться,,уменьшаться,уменьшиться,уменьшается,буду уменьшаться,уменьшалось,уменьшилось,уменьшится,уменьшится,уменьшившись,—,—,уменьшаться,уменьшиться,уменьшиться и затем…,non_agentive,Пассив: уменьшаться,exclude,grammar_label,заставить уменьшиться,быть вынужденным уменьшиться,1,0,0,0,0,0,0,0,0,0,0,0,1,разрешить уменьшиться
henkousuru,変更する,へんこうする,henkousuru,изменять,N3,suru,henkousu,変更し,変更した,変更して,変更しない,変更すれば,変更したら,変更できる,,変更される,変更させる,変更させられる,変更しろ,変更するな,変更しよう,変更したい,変更しなければ,変更しなきゃ,変更しなくちゃ,изменять,изменить,изменяю,буду изменять,изменял(а),изменил(а),изменю,изменю,изменив,измени,изменим,быть изменённым,заставить изменить,быть вынужденным изменить,変更,変更,する,suru,す|る,su|ru,し,shi,し,shi,すれ,sure,す|れ,su|re,して,shite,し|て,shi|te,した,shita,し|た,shi|ta,でき,deki,でき,deki,され,sare,さ|れ,sa|re,させ,sase,さ|せ,sa|se,させられ,saserare,さ|せ|ら|れ,sa|se|ra|re,しろ,shiro,し|ろ,shi|ro,しよう,shiyou,し|よ|う,shi|yo|u,shi|su|deki|sa,,,,,изменять,,изменять,изменить,изменяю,буду изменять,изменял(а),изменил(а),изменю,изменю,изменив,измени,изменим,изменять,изменить,изменить и затем…,agentive,быть изменённым,natural,natural,заставить изменить,быть вынужденным изменить,1,1,1,0,1,1,1,1,1,1,1,1,1,разрешить изменить
makaseru,任せる,まかせる,makaseru,поручать,N3,ichidan,makase,任せ,任せた,任せて,任せない,任せれば,任せたら,任せられる,任せれる,任せられる,任せさせる,任せさせられる,任せろ,任せるな,任せよう,任せたい,任せなければ,任せなきゃ,任せなくちゃ,поручать,поручить,поручаю,буду поручать,поручал(а),поручил(а),поручу,поручу,поручив,поручи,поручим,Пассив: поручать,заставить поручить,быть вынужденным поручить,任せ,任せ,る,ru,る,ru,,,,,れ,re,れ,re,て,te,て,te,た,ta,た,ta,られ,rare,ら|れ,ra|re,られ,rare,ら|れ,ra|re,させ,sase,さ|せ,sa|se,させられ,saserare,さ|せ|ら|れ,sa|se|ra|re,ろ,ro,ろ,ro,よう,you,よ|う,yo|u,ra|sa|re|ro|yo,れ,re,れ,re,поручать; доверять,доверять,поручать / доверять,поручить / доверить,поручаю / доверяю,буду поручать / доверять,поручал(а) / доверял(а),поручил(а) / доверил(а),поручу / доверю,поручу / доверю,поручив / доверив,поручи / доверь,поручим / доверим,поручать,поручить,поручить и затем…,agentive,Пассив: поручать,contextual,grammar_label,заставить поручить,быть вынужденным поручить,1,1,0,1,1,1,1,1,1,1,1,1,1,разрешить поручить
manabu,学ぶ,まなぶ,manabu,изучать,N3,godan-bu,manab,学び,学んだ,学んで,学ばない,学べば,学んだら,学べる,,学ばれる,学ばせる,学ばせられる,学べ,学ぶな,学ぼう,学びたい,学ばなければ,学ばなきゃ,学ばなくちゃ,изучать,изучить,изучаю,буду изучать,изучал(а),изучил(а),изучу,изучу,изучив,изучай,изучим,Пассив: изучать,заставить изучить,быть вынужденным изучить,学,学,ぶ,bu,ぶ,bu,び,bi,ば,ba,べ,be,べ,be,んで,nで,んで,nで,んだ,nだ,んだ,nだ,べ,be,べ,be,ばれ,bare,ば|れ,ba|re,ばせ,base,ば|せ,ba|se,ばせられ,baserare,ば|せ|ら|れ,ba|se|ra|re,べ,be,べ,be,ぼう,bou,ぼ|う,bo|u,ba|bi|be|bo,,,,,изучать; учиться,учиться,изучать / учиться,изучить / научиться,изучаю / учусь,буду изучать / учиться,изучал(а) / учился(ась),изучил(а) / научился(ась),изучу / научусь,изучу / научусь,изучив / научившись,изучай / учись,изучим / научимся,изучать,изучить,изучить и затем…,agentive,Пассив: изучать,contextual,grammar_label,заставить изучить,быть вынужденным изучить,1,1,0,1,1,1,1,1,1,1,1,1,1,разрешить изучить
mamoru,守る,まもる,mamoru,защищать,N3,godan-ru,mamo,守り,守った,守って,守らない,守れば,守ったら,守れる,,守られる,守らせる,守らせられる,守れ,守るな,守ろう,守りたい,守らなければ,守らなきゃ,守らなくちゃ,защищать,защитить,защищаю,буду защищать,защищал(а),защитил(а),защищу,защищу,защитив,защити,защитим,Пассив: защищать,заставить защитить,быть вынужденным защитить,守,守,る,ru,る,ru,り,ri,ら,ra,れ,re,れ,re,って,tte,って,tte,った,tta,った,tta,れ,re,れ,re,られ,rare,ら|れ,ra|re,らせ,rase,ら|せ,ra|se,らせられ,raserare,ら|せ|ら|れ,ra|se|ra|re,れ,re,れ,re,ろう,rou,ろ|う,ro|u,ra|ri|re|ro,,,,,защищать; соблюдать,соблюдать,защищать / соблюдать,защитить / соблюсти,защищаю / соблюдаю,буду защищать / соблюдать,защищал(а) / соблюдал(а),защитил(а) / соблюл(а),защищу / соблюду,защищу / соблюду,защитив / соблюдя,защити / соблюдай,защитим / соблюдём,защищать,защитить,защитить и затем…,agentive,Пассив: защищать,contextual,grammar_label,заставить защитить,быть вынужденным защитить,1,1,0,1,1,1,1,1,1,1,1,1,1,разрешить защитить
mayou,迷う,まよう,mayou,сомневаться,N3,godan-u,mayo,迷い,迷った,迷って,迷わない,迷えば,迷ったら,迷える,,迷われる,迷わせる,迷わせられる,迷え,迷うな,迷おう,迷いたい,迷わなければ,迷わなきゃ,迷わなくちゃ,сомневаться,засомневаться,сомневаюсь,буду сомневаться,сомневался(ась),засомневался(ась),засомневаюсь,засомневаюсь,засомневавшись,не теряйся,не потеряемся,Пассив: сомневаться,заставить засомневаться,быть вынужденным засомневаться,迷,迷,う,u,う,u,い,i,わ,wa,え,e,え,e,って,tte,って,tte,った,tta,った,tta,え,e,え,e,われ,ware,わ|れ,wa|re,わせ,wase,わ|せ,wa|se,わせられ,waserare,わ|せ|ら|れ,wa|se|ra|re,え,e,え,e,おう,ou,お|う,o|u,wa|i|e|o,,,,,сомневаться; теряться,теряться,сомневаться / теряться,засомневаться / потеряться,сомневаюсь / теряюсь,буду сомневаться / теряться,сомневался(ась) / терялся(ась),засомневался(ась) / потерялся(ась),засомневаюсь / потеряюсь,засомневаюсь / потеряюсь,засомневавшись / потерявшись,не теряйся,не потеряемся,сомневаться,засомневаться,засомневаться и затем…,agentive,Пассив: сомневаться,contextual,grammar_label,заставить засомневаться,быть вынужденным засомневаться,1,1,0,1,1,1,1,1,1,1,1,1,1,разрешить засомневаться
michiru,満ちる,みちる,michiru,наполняться,N3,ichidan,michi,満ち,満ちた,満ちて,満ちない,満ちれば,満ちたら,満ちられる,満ちれる,満ちられる,満ちさせる,満ちさせられる,満ちろ,満ちるな,満ちよう,満ちたい,満ちなければ,満ちなきゃ,満ちなくちゃ,наполняться,наполниться,наполняется,буду наполняться,наполнялось,наполнилось,наполнится,наполнится,наполнившись,,,Пассив: наполняться,заставить наполниться,быть вынужденным наполниться,満ち,満ち,る,ru,る,ru,,,,,れ,re,れ,re,て,te,て,te,た,ta,た,ta,られ,rare,ら|れ,ra|re,られ,rare,ら|れ,ra|re,させ,sase,さ|せ,sa|se,させられ,saserare,さ|せ|ら|れ,sa|se|ra|re,ろ,ro,ろ,ro,よう,you,よ|う,yo|u,ra|sa|re|ro|yo,れ,re,れ,re,наполняться,,наполняться,наполниться,наполняется,буду наполняться,наполнялось,наполнилось,наполнится,наполнится,наполнившись,—,—,наполняться,наполниться,наполниться и затем…,non_agentive,Пассив: наполняться,exclude,grammar_label,заставить наполниться,быть вынужденным наполниться,1,0,0,0,0,0,0,0,0,0,0,0,1,разрешить наполниться
mitomeru,認める,みとめる,mitomeru,признавать,N3,ichidan,mitome,認め,認めた,認めて,認めない,認めれば,認めたら,認められる,認めれる,認められる,認めさせる,認めさせられる,認めろ,認めるな,認めよう,認めたい,認めなければ,認めなきゃ,認めなくちゃ,признавать,признать,признаю,буду признавать,признавал(а),признал(а),признаю,признаю,признав,признай,признаем,Пассив: признавать,заставить признать,быть вынужденным признать,認め,認め,る,ru,る,ru,,,,,れ,re,れ,re,て,te,て,te,た,ta,た,ta,られ,rare,ら|れ,ra|re,られ,rare,ら|れ,ra|re,させ,sase,さ|せ,sa|se,させられ,saserare,さ|せ|ら|れ,sa|se|ra|re,ろ,ro,ろ,ro,よう,you,よ|う,yo|u,ra|sa|re|ro|yo,れ,re,れ,re,"признавать, замечать",замечать,признавать,признать,признаю,буду признавать,признавал(а),признал(а),признаю,признаю,признав,признай,признаем,признавать,признать,признать и затем…,agentive,Пассив: признавать,contextual,grammar_label,заставить признать,быть вынужденным признать,1,1,0,1,1,1,1,1,1,1,1,1,1,разрешить признать
miru_2,診る,みる,miru,осматривать пациента,N3,ichidan,mi,診,診た,診て,診ない,診れば,診たら,診られる,診れる,診られる,診させる,診させられる,診ろ,診るな,診よう,診たい,診なければ,診なきゃ,診なくちゃ,осматривать,осмотреть,осматриваю,буду осматривать,осматривал(а),осмотрел(а),осмотрю,осмотрю,осмотрев,осмотри,осмотрим,Пассив: осматривать,заставить осмотреть,быть вынужденным осмотреть,診,診,る,ru,る,ru,,,,,れ,re,れ,re,て,te,て,te,た,ta,た,ta,られ,rare,ら|れ,ra|re,られ,rare,ら|れ,ra|re,させ,sase,さ|せ,sa|se,させられ,saserare,さ|せ|ら|れ,sa|se|ra|re,ろ,ro,ろ,ro,よう,you,よ|う,yo|u,ra|sa|re|ro|yo,れ,re,れ,re,осматривать пациента,,осматривать,осмотреть,осматриваю,буду осматривать,осматривал(а),осмотрел(а),осмотрю,осмотрю,осмотрев,осмотри,осмотрим,осматривать,осмотреть,осмотреть и затем…,agentive,Пассив: осматривать,contextual,grammar_label,заставить осмотреть,быть вынужденным осмотреть,1,1,0,1,1,1,1,1,1,1,1,1,1,разрешить осмотреть
muku_2,剥く,むく,muku,чистить кожуру,N3,godan-ku,muk,剥き,剥いた,剥いて,剥かない,剥けば,剥いたら,剥ける,,剥かれる,剥かせる,剥かせられる,剥け,剥くな,剥こう,剥きたい,剥かなければ,剥かなきゃ,剥かなくちゃ,чистить,почистить,чищу,буду чистить,чистил(а),почистил(а),почищу,почищу,почистив,почисти,почистим,Пассив: чистить,заставить почистить,быть вынужденным почистить,剥,剥,く,ku,く,ku,き,ki,か,ka,け,ke,け,ke,いて,ite,いて,ite,いた,ita,いた,ita,け,ke,け,ke,かれ,kare,か|れ,ka|re,かせ,kase,か|せ,ka|se,かせられ,kaserare,か|せ|ら|れ,ka|se|ra|re,け,ke,け,ke,こう,kou,こ|う,ko|u,ka|ki|ke|ko,,,,,чистить кожуру,,чистить,почистить,чищу,буду чистить,чистил(а),почистил(а),почищу,почищу,почистив,почисти,почистим,чистить,почистить,почистить и затем…,agentive,Пассив: чистить,contextual,grammar_label,заставить почистить,быть вынужденным почистить,1,1,0,1,1,1,1,1,1,1,1,1,1,разрешить почистить
muku,向く,むく,muku,быть обращённым,N3,godan-ku,muk,向き,向いた,向いて,向かない,向けば,向いたら,向ける,,向かれる,向かせる,向かせられる,向け,向くな,向こう,向きたい,向かなければ,向かなきゃ,向かなくちゃ,быть обращённым,повернуться,обращён,буду быть обращённым,был обращён,повернулся,повернётся,повернётся,повернувшись,,,Пассив: быть обращённым,заставить повернуться,быть вынужденным повернуться,向,向,く,ku,く,ku,き,ki,か,ka,け,ke,け,ke,いて,ite,いて,ite,いた,ita,いた,ita,け,ke,け,ke,かれ,kare,か|れ,ka|re,かせ,kase,か|せ,ka|se,かせられ,kaserare,か|せ|ら|れ,ka|se|ra|re,け,ke,け,ke,こう,kou,こ|う,ko|u,ka|ki|ke|ko,,,,,быть обращённым; подходить,подходить,быть обращённым / подходить,повернуться / подойти,обращён / подходит,буду быть обращённым / подходить,был обращён / подходил,повернулся / подошёл,повернётся / подойдёт,повернётся / подойдёт,повернувшись / подойдя,—,—,быть обращённым,повернуться,повернуться и затем…,non_agentive,Пассив: быть обращённым,contextual,grammar_label,заставить повернуться,быть вынужденным повернуться,1,1,0,1,0,0,0,0,1,0,0,0,1,разрешить повернуться
mukeru,向ける,むける,mukeru,направлять,N3,ichidan,muke,向け,向けた,向けて,向けない,向ければ,向けたら,向けられる,向けれる,向けられる,向けさせる,向けさせられる,向けろ,向けるな,向けよう,向けたい,向けなければ,向けなきゃ,向けなくちゃ,направлять,направить,направляю,буду направлять,направлял(а),направил(а),направлю,направлю,направив,направь,направим,Пассив: направлять,заставить направить,быть вынужденным направить,向け,向け,る,ru,る,ru,,,,,れ,re,れ,re,て,te,て,te,た,ta,た,ta,られ,rare,ら|れ,ra|re,られ,rare,ら|れ,ra|re,させ,sase,さ|せ,sa|se,させられ,saserare,さ|せ|ら|れ,sa|se|ra|re,ろ,ro,ろ,ro,よう,you,よ|う,yo|u,ra|sa|re|ro|yo,れ,re,れ,re,направлять; поворачивать,поворачивать,направлять / поворачивать,направить / повернуть,направляю / поворачиваю,буду направлять / поворачивать,направлял(а) / поворачивал(а),направил(а) / повернул(а),направлю / поверну,направлю / поверну,направив / повернув,направь / поверни,направим / повернём,направлять,направить,направить и затем…,agentive,Пассив: направлять,contextual,grammar_label,заставить направить,быть вынужденным направить,1,1,0,1,1,1,1,1,1,1,1,1,1,разрешить направить
musubu,結ぶ,むすぶ,musubu,связывать,N3,godan-bu,musub,結び,結んだ,結んで,結ばない,結べば,結んだら,結べる,,結ばれる,結ばせる,結ばせられる,結べ,結ぶな,結ぼう,結びたい,結ばなければ,結ばなきゃ,結ばなくちゃ,связывать,связать,связываю,буду связывать,связывал(а),связал(а),свяжу,свяжу,связав,свяжи,свяжем,Пассив: связывать,заставить связать,быть вынужденным связать,結,結,ぶ,bu,ぶ,bu,び,bi,ば,ba,べ,be,べ,be,んで,nで,んで,nで,んだ,nだ,んだ,nだ,べ,be,べ,be,ばれ,bare,ば|れ,ba|re,ばせ,base,ば|せ,ba|se,ばせられ,baserare,ば|せ|ら|れ,ba|se|ra|re,べ,be,べ,be,ぼう,bou,ぼ|う,bo|u,ba|bi|be|bo,,,,,связывать; завязывать,завязывать,связывать / завязывать,связать / завязать,связываю / завязываю,буду связывать / завязывать,связывал(а) / завязывал(а),связал(а) / завязал(а),свяжу / завяжу,свяжу / завяжу,связав / завязав,свяжи / завяжи,свяжем / завяжем,связывать,связать,связать и затем…,agentive,Пассив: связывать,contextual,grammar_label,заставить связать,быть вынужденным связать,1,1,0,1,1,1,1,1,1,1,1,1,1,разрешить связать
meijiru,命じる,めいじる,meijiru,приказывать,N3,ichidan,meiji,命じ,命じた,命じて,命じない,命じれば,命じたら,命じられる,命じれる,命じられる,命じさせる,命じさせられる,命じろ,命じるな,命じよう,命じたい,命じなければ,命じなきゃ,命じなくちゃ,приказывать,приказать,приказываю,буду приказывать,приказывал(а),приказал(а),прикажу,прикажу,приказав,прикажи,прикажем,Пассив: приказывать,заставить приказать,быть вынужденным приказать,命じ,命じ,る,ru,る,ru,,,,,れ,re,れ,re,て,te,て,te,た,ta,た,ta,られ,rare,ら|れ,ra|re,られ,rare,ら|れ,ra|re,させ,sase,さ|せ,sa|se,させられ,saserare,さ|せ|ら|れ,sa|se|ra|re,ろ,ro,ろ,ro,よう,you,よ|う,yo|u,ra|sa|re|ro|yo,れ,re,れ,re,приказывать; назначать,назначать,приказывать / назначать,приказать / назначить,приказываю / назначаю,буду приказывать / назначать,приказывал(а) / назначал(а),приказал(а) / назначил(а),прикажу / назначу,прикажу / назначу,приказав / назначив,прикажи / назначь,прикажем / назначим,приказывать,приказать,приказать и затем…,agentive,Пассив: приказывать,contextual,grammar_label,заставить приказать,быть вынужденным приказать,1,1,0,1,1,1,1,1,1,1,1,1,1,разрешить приказать
medatsu,目立つ,めだつ,medatsu,выделяться,N3,godan-tsu,medats,目立ち,目立った,目立って,目立たない,目立てば,目立ったら,目立てる,,目立たれる,目立たせる,目立たせられる,目立て,目立つな,目立とう,目立ちたい,目立たなければ,目立たなきゃ,目立たなくちゃ,выделяться,выделиться,выделяюсь,буду выделяться,выделялся(ась),выделился(ась),выделюсь,выделюсь,выделившись,,,Пассив: выделяться,заставить выделиться,быть вынужденным выделиться,目立,目立,つ,tsu,つ,tsu,ち,chi,た,ta,て,te,て,te,って,tte,って,tte,った,tta,った,tta,て,te,て,te,たれ,tare,た|れ,ta|re,たせ,tase,た|せ,ta|se,たせられ,taserare,た|せ|ら|れ,ta|se|ra|re,て,te,て,te,とう,tou,と|う,to|u,ta|chi|te|to,,,,,выделяться; бросаться в глаза,бросаться в глаза,выделяться,выделиться,выделяюсь,буду выделяться,выделялся(ась),выделился(ась),выделюсь,выделюсь,выделившись,—,—,выделяться,выделиться,выделиться и затем…,non_agentive,Пассив: выделяться,exclude,grammar_label,заставить выделиться,быть вынужденным выделиться,1,0,0,0,0,0,0,0,0,0,0,0,1,разрешить выделиться
moushikomu,申し込む,もうしこむ,moushikomu,подавать заявку,N3,godan-mu,moushikom,申し込み,申し込んだ,申し込んで,申し込まない,申し込めば,申し込んだら,申し込める,,申し込まれる,申し込ませる,申し込ませられる,申し込め,申し込むな,申し込もう,申し込みたい,申し込まなければ,申し込まなきゃ,申し込まなくちゃ,подавать заявку,подать заявку,подаю заявку,буду подавать заявку,подавал(а) заявку,подал(а) заявку,подам заявку,подам заявку,подав заявку,подай заявку,подадим заявку,Пассив: подавать заявку,заставить подать заявку,быть вынужденным подать заявку,申し込,申し込,む,mu,む,mu,み,mi,ま,ma,め,me,め,me,んで,nで,んで,nで,んだ,nだ,んだ,nだ,め,me,め,me,まれ,mare,ま|れ,ma|re,ませ,mase,ま|せ,ma|se,ませられ,maserare,ま|せ|ら|れ,ma|se|ra|re,め,me,め,me,もう,mou,も|う,mo|u,ma|mi|me|mo,,,,,подавать заявку; записываться,записываться,подавать заявку / записываться,подать заявку / записаться,подаю заявку / записываюсь,буду подавать заявку / записываться,подавал(а) заявку / записывался(ась),подал(а) заявку / записался(ась),подам заявку / запишусь,подам заявку / запишусь,подав заявку / записавшись,подай заявку / запишись,подадим заявку / запишемся,подавать заявку,подать заявку,подать заявку и затем…,agentive,Пассив: подавать заявку,contextual,grammar_label,заставить подать заявку,быть вынужденным подать заявку,1,1,0,1,1,1,1,1,1,1,1,1,1,разрешить подать заявку
moeru,燃える,もえる,moeru,гореть,N3,ichidan,moe,燃え,燃えた,燃えて,燃えない,燃えれば,燃えたら,燃えられる,燃えれる,燃えられる,燃えさせる,燃えさせられる,燃えろ,燃えるな,燃えよう,燃えたい,燃えなければ,燃えなきゃ,燃えなくちゃ,гореть,загореться,горит,буду гореть,горело,загорелось,загорится,загорится,загоревшись,,,Пассив: гореть,заставить загореться,быть вынужденным загореться,燃え,燃え,る,ru,る,ru,,,,,れ,re,れ,re,て,te,て,te,た,ta,た,ta,られ,rare,ら|れ,ra|re,られ,rare,ら|れ,ra|re,させ,sase,さ|せ,sa|se,させられ,saserare,さ|せ|ら|れ,sa|se|ra|re,ろ,ro,ろ,ro,よう,you,よ|う,yo|u,ra|sa|re|ro|yo,れ,re,れ,re,гореть,,гореть,загореться,горит,буду гореть,горело,загорелось,загорится,загорится,загоревшись,—,—,гореть,загореться,загореться и затем…,non_agentive,Пассив: гореть,exclude,grammar_label,заставить загореться,быть вынужденным загореться,1,0,0,0,0,0,0,0,0,0,0,0,1,разрешить загореться
mochiiru,用いる,もちいる,mochiiru,использовать,N3,ichidan,mochii,用い,用いた,用いて,用いない,用いれば,用いたら,用いられる,用いれる,用いられる,用いさせる,用いさせられる,用いろ,用いるな,用いよう,用いたい,用いなければ,用いなきゃ,用いなくちゃ,использовать,использовать,использую,буду использовать,использовал(а),использовал(а),использую,использую,использовав,используй,используем,Пассив: использовать,заставить использовать,быть вынужденным использовать,用い,用い,る,ru,る,ru,,,,,れ,re,れ,re,て,te,て,te,た,ta,た,ta,られ,rare,ら|れ,ra|re,られ,rare,ら|れ,ra|re,させ,sase,さ|せ,sa|se,させられ,saserare,さ|せ|ら|れ,sa|se|ra|re,ろ,ro,ろ,ro,よう,you,よ|う,yo|u,ra|sa|re|ro|yo,れ,re,れ,re,использовать; применять,применять,использовать / применять,использовать / применить,использую / применяю,буду использовать / применять,использовал(а) / применял(а),использовал(а) / применил(а),использую / применю,использую / применю,использовав / применив,используй / примени,используем / применим,использовать,использовать,использовать и затем…,agentive,Пассив: использовать,contextual,grammar_label,заставить использовать,быть вынужденным использовать,1,1,0,1,1,1,1,1,1,1,1,1,1,разрешить использовать
motozuku,基づく,もとづく,motozuku,основываться на,N3,godan-ku,motozuk,基づき,基づいた,基づいて,基づかない,基づけば,基づいたら,基づける,,基づかれる,基づかせる,基づかせられる,基づけ,基づくな,基づこう,基づきたい,基づかなければ,基づかなきゃ,基づかなくちゃ,основываться,основаться,основывается,буду основываться,основывалось,основалось,будет основываться,будет основываться,основавшись,,,Пассив: основываться,заставить основаться,быть вынужденным основаться,基づ,基づ,く,ku,く,ku,き,ki,か,ka,け,ke,け,ke,いて,ite,いて,ite,いた,ita,いた,ita,け,ke,け,ke,かれ,kare,か|れ,ka|re,かせ,kase,か|せ,ka|se,かせられ,kaserare,か|せ|ら|れ,ka|se|ra|re,け,ke,け,ke,こう,kou,こ|う,ko|u,ka|ki|ke|ko,,,,,основываться на,,основываться,основаться,основывается,буду основываться,основывалось,основалось,будет основываться,будет основываться,основавшись,—,—,основываться,основаться,основаться и затем…,non_agentive,Пассив: основываться,exclude,grammar_label,заставить основаться,быть вынужденным основаться,1,0,0,0,0,0,0,0,0,0,0,0,1,разрешить основаться
motomeru,求める,もとめる,motomeru,требовать,N3,ichidan,motome,求め,求めた,求めて,求めない,求めれば,求めたら,求められる,求めれる,求められる,求めさせる,求めさせられる,求めろ,求めるな,求めよう,求めたい,求めなければ,求めなきゃ,求めなくちゃ,требовать,потребовать,требую,буду требовать,требовал(а),потребовал(а),потребую,потребую,потребовав,требуй,потребуем,Пассив: требовать,заставить потребовать,быть вынужденным потребовать,求め,求め,る,ru,る,ru,,,,,れ,re,れ,re,て,te,て,te,た,ta,た,ta,られ,rare,ら|れ,ra|re,られ,rare,ら|れ,ra|re,させ,sase,さ|せ,sa|se,させられ,saserare,さ|せ|ら|れ,sa|se|ra|re,ろ,ro,ろ,ro,よう,you,よ|う,yo|u,ra|sa|re|ro|yo,れ,re,れ,re,требовать; искать,искать,требовать / искать,потребовать / найти,требую / ищу,буду требовать / искать,требовал(а) / искал(а),потребовал(а) / нашёл(ла),потребую / найду,потребую / найду,потребовав / найдя,требуй / ищи,потребуем / найдём,требовать,потребовать,потребовать и затем…,agentive,Пассив: требовать,contextual,grammar_label,заставить потребовать,быть вынужденным потребовать,1,1,0,1,1,1,1,1,1,1,1,1,1,разрешить потребовать
modosu,戻す,もどす,modosu,возвращать на место,N3,godan-su,modos,戻し,戻した,戻して,戻さない,戻せば,戻したら,戻せる,,戻される,戻させる,戻させられる,戻せ,戻すな,戻そう,戻したい,戻さなければ,戻さなきゃ,戻さなくちゃ,возвращать,вернуть,возвращаю,буду возвращать,возвращал(а),вернул(а),верну,верну,вернув,верни,вернём,Пассив: возвращать,заставить вернуть,быть вынужденным вернуть,戻,戻,す,su,す,su,し,shi,さ,sa,せ,se,せ,se,して,shite,して,shite,した,shita,した,shita,せ,se,せ,se,され,sare,さ|れ,sa|re,させ,sase,さ|せ,sa|se,させられ,saserare,さ|せ|ら|れ,sa|se|ra|re,せ,se,せ,se,そう,sou,そ|う,so|u,sa|shi|se|so,,,,,возвращать на место,,возвращать,вернуть,возвращаю,буду возвращать,возвращал(а),вернул(а),верну,верну,вернув,верни,вернём,возвращать,вернуть,вернуть и затем…,agentive,Пассив: возвращать,contextual,grammar_label,заставить вернуть,быть вынужденным вернуть,1,1,0,1,1,1,1,1,1,1,1,1,1,разрешить вернуть
modoru,戻る,もどる,modoru,возвращаться,N3,godan-ru,modo,戻り,戻った,戻って,戻らない,戻れば,戻ったら,戻れる,,戻られる,戻らせる,戻らせられる,戻れ,戻るな,戻ろう,戻りたい,戻らなければ,戻らなきゃ,戻らなくちゃ,возвращаться,вернуться,возвращаюсь,буду возвращаться,возвращался(ась),вернулся(лась),вернусь,вернусь,вернувшись,вернись,вернёмся,Пассив: возвращаться,заставить вернуться,быть вынужденным вернуться,戻,戻,る,ru,る,ru,り,ri,ら,ra,れ,re,れ,re,って,tte,って,tte,った,tta,った,tta,れ,re,れ,re,られ,rare,ら|れ,ra|re,らせ,rase,ら|せ,ra|se,らせられ,raserare,ら|せ|ら|れ,ra|se|ra|re,れ,re,れ,re,ろう,rou,ろ|う,ro|u,ra|ri|re|ro,,,,,возвращаться,,возвращаться,вернуться,возвращаюсь,буду возвращаться,возвращался(ась),вернулся(лась),вернусь,вернусь,вернувшись,вернись,вернёмся,возвращаться,вернуться,вернуться и затем…,agentive,Пассив: возвращаться,contextual,grammar_label,заставить вернуться,быть вынужденным вернуться,1,1,0,1,1,1,1,1,1,1,1,1,1,разрешить вернуться
moyasu,燃やす,もやす,moyasu,сжигать,N3,godan-su,moyas,燃やし,燃やした,燃やして,燃やさない,燃やせば,燃やしたら,燃やせる,,燃やされる,燃やさせる,燃やさせられる,燃やせ,燃やすな,燃やそう,燃やしたい,燃やさなければ,燃やさなきゃ,燃やさなくちゃ,сжигать,сжечь,сжигаю,буду сжигать,сжигал(а),сжёг(ла),сожгу,сожгу,сжигая,сожги,сожжём,Пассив: сжигать,заставить сжечь,быть вынужденным сжечь,燃や,燃や,す,su,す,su,し,shi,さ,sa,せ,se,せ,se,して,shite,して,shite,した,shita,した,shita,せ,se,せ,se,され,sare,さ|れ,sa|re,させ,sase,さ|せ,sa|se,させられ,saserare,さ|せ|ら|れ,sa|se|ra|re,せ,se,せ,se,そう,sou,そ|う,so|u,sa|shi|se|so,,,,,сжигать,,сжигать,сжечь,сжигаю,буду сжигать,сжигал(а),сжёг(ла),сожгу,сожгу,сжёгши,сожги,сожжём,сжигать,сжечь,сжечь и затем…,agentive,Пассив: сжигать,contextual,grammar_label,заставить сжечь,быть вынужденным сжечь,1,1,0,1,1,1,1,1,1,1,1,1,1,разрешить сжечь
yakusu,訳す,やくす,yakusu,переводить,N3,godan-su,yakus,訳し,訳した,訳して,訳さない,訳せば,訳したら,訳せる,,訳される,訳させる,訳させられる,訳せ,訳すな,訳そう,訳したい,訳さなければ,訳さなきゃ,訳さなくちゃ,переводить,перевести,перевожу,буду переводить,переводил(а),перевёл(ла),переведу,переведу,переведя,переведи,переведём,Пассив: переводить,заставить перевести,быть вынужденным перевести,訳,訳,す,su,す,su,し,shi,さ,sa,せ,se,せ,se,して,shite,して,shite,した,shita,した,shita,せ,se,せ,se,され,sare,さ|れ,sa|re,させ,sase,さ|せ,sa|se,させられ,saserare,さ|せ|ら|れ,sa|se|ra|re,せ,se,せ,se,そう,sou,そ|う,so|u,sa|shi|se|so,,,,,переводить,,переводить,перевести,перевожу,буду переводить,переводил(а),перевёл(ла),переведу,переведу,переведя,переведи,переведём,переводить,перевести,перевести и затем…,agentive,Пассив: переводить,contextual,grammar_label,заставить перевести,быть вынужденным перевести,1,1,0,1,1,1,1,1,1,1,1,1,1,разрешить перевести
yakusokusuru,約束する,やくそくする,yakusokusuru,обещать,N3,suru,yakusokusu,約束し,約束した,約束して,約束しない,約束すれば,約束したら,約束できる,,約束される,約束させる,約束させられる,約束しろ,約束するな,約束しよう,約束したい,約束しなければ,約束しなきゃ,約束しなくちゃ,обещать,пообещать,обещаю,буду обещать,обещал(а),пообещал(а),пообещаю,пообещаю,пообещав,пообещай,пообещаем,Пассив: обещать,заставить пообещать,быть вынужденным пообещать,約束,約束,する,suru,す|る,su|ru,し,shi,し,shi,すれ,sure,す|れ,su|re,して,shite,し|て,shi|te,した,shita,し|た,shi|ta,でき,deki,でき,deki,され,sare,さ|れ,sa|re,させ,sase,さ|せ,sa|se,させられ,saserare,さ|せ|ら|れ,sa|se|ra|re,しろ,shiro,し|ろ,shi|ro,しよう,shiyou,し|よ|う,shi|yo|u,shi|su|deki|sa,,,,,обещать; договариваться,договариваться,обещать / договариваться,пообещать / договориться,обещаю / договариваюсь,буду обещать / договариваться,обещал(а) / договаривался(ась),пообещал(а) / договорился(ась),пообещаю / договорюсь,пообещаю / договорюсь,пообещав / договорившись,пообещай / договорись,пообещаем / договоримся,обещать,пообещать,пообещать и затем…,agentive,Пассив: обещать,contextual,grammar_label,заставить пообещать,быть вынужденным пообещать,1,1,0,1,1,1,1,1,1,1,1,1,1,разрешить пообещать
yakudatsu,役立つ,やくだつ,yakudatsu,быть полезным,N3,godan-tsu,yakudats,役立ち,役立った,役立って,役立たない,役立てば,役立ったら,役立てる,,役立たれる,役立たせる,役立たせられる,役立て,役立つな,役立とう,役立ちたい,役立たなければ,役立たなきゃ,役立たなくちゃ,быть полезным,пригодиться,полезен,буду быть полезным,был(а) полезен(на),пригодился(ась),пригодится,пригодится,пригодившись,,,Пассив: быть полезным,заставить пригодиться,быть вынужденным пригодиться,役立,役立,つ,tsu,つ,tsu,ち,chi,た,ta,て,te,て,te,って,tte,って,tte,った,tta,った,tta,て,te,て,te,たれ,tare,た|れ,ta|re,たせ,tase,た|せ,ta|se,たせられ,taserare,た|せ|ら|れ,ta|se|ra|re,て,te,て,te,とう,tou,と|う,to|u,ta|chi|te|to,,,,,быть полезным; пригодиться,пригодиться,быть полезным,пригодиться,полезен / полезна,буду быть полезным,был(а) полезен(на),пригодился(ась),пригодится,пригодится,пригодившись,—,—,быть полезным,пригодиться,пригодиться и затем…,non_agentive,Пассив: быть полезным,exclude,grammar_label,заставить пригодиться,быть вынужденным пригодиться,1,0,0,0,0,0,0,0,0,0,0,0,1,разрешить пригодиться
yatou,雇う,やとう,yatou,нанимать,N3,godan-u,yato,雇い,雇った,雇って,雇わない,雇えば,雇ったら,雇える,,雇われる,雇わせる,雇わせられる,雇え,雇うな,雇おう,雇いたい,雇わなければ,雇わなきゃ,雇わなくちゃ,нанимать,нанять,нанимаю,буду нанимать,нанимал(а),нанял(а),найму,найму,наняв,найми,наймём,быть нанятым,заставить нанять,быть вынужденным нанять,雇,雇,う,u,う,u,い,i,わ,wa,え,e,え,e,って,tte,って,tte,った,tta,った,tta,え,e,え,e,われ,ware,わ|れ,wa|re,わせ,wase,わ|せ,wa|se,わせられ,waserare,わ|せ|ら|れ,wa|se|ra|re,え,e,え,e,おう,ou,お|う,o|u,wa|i|e|o,,,,,нанимать,,нанимать,нанять,нанимаю,буду нанимать,нанимал(а),нанял(а),найму,найму,наняв,найми,наймём,нанимать,нанять,нанять и затем…,agentive,быть нанятым,natural,natural,заставить нанять,быть вынужденным нанять,1,1,1,0,1,1,1,1,1,1,1,1,1,разрешить нанять
yaburu,破る,やぶる,yaburu,рвать,N3,godan-ru,yabu,破り,破った,破って,破らない,破れば,破ったら,破れる,,破られる,破らせる,破らせられる,破れ,破るな,破ろう,破りたい,破らなければ,破らなきゃ,破らなくちゃ,рвать,порвать,рву,буду рвать,рвал(а),порвал(а),порву,порву,порвав,порви,порвём,Пассив: рвать,заставить порвать,быть вынужденным порвать,破,破,る,ru,る,ru,り,ri,ら,ra,れ,re,れ,re,って,tte,って,tte,った,tta,った,tta,れ,re,れ,re,られ,rare,ら|れ,ra|re,らせ,rase,ら|せ,ra|se,らせられ,raserare,ら|せ|ら|れ,ra|se|ra|re,れ,re,れ,re,ろう,rou,ろ|う,ro|u,ra|ri|re|ro,,,,,рвать; нарушать,нарушать,рвать / нарушать,порвать / нарушить,рву / нарушаю,буду рвать / нарушать,рвал(а) / нарушал(а),порвал(а) / нарушил(а),порву / нарушу,порву / нарушу,порвав / нарушив,порви / не нарушай,порвём / не нарушим,рвать,порвать,порвать и затем…,agentive,Пассив: рвать,contextual,grammar_label,заставить порвать,быть вынужденным порвать,1,1,0,1,1,1,1,1,1,1,1,1,1,разрешить порвать
yabureru,破れる,やぶれる,yabureru,рваться,N3,ichidan,yabure,破れ,破れた,破れて,破れない,破れれば,破れたら,破れられる,破れれる,破れられる,破れさせる,破れさせられる,破れろ,破れるな,破れよう,破れたい,破れなければ,破れなきゃ,破れなくちゃ,рваться,порваться,рвётся,буду рваться,рвалось,порвалось,порвётся,порвётся,порвавшись,,,Пассив: рваться,заставить порваться,быть вынужденным порваться,破れ,破れ,る,ru,る,ru,,,,,れ,re,れ,re,て,te,て,te,た,ta,た,ta,られ,rare,ら|れ,ra|re,られ,rare,ら|れ,ra|re,させ,sase,さ|せ,sa|se,させられ,saserare,さ|せ|ら|れ,sa|se|ra|re,ろ,ro,ろ,ro,よう,you,よ|う,yo|u,ra|sa|re|ro|yo,れ,re,れ,re,рваться,,рваться,порваться,рвётся,буду рваться,рвалось,порвалось,порвётся,порвётся,порвавшись,—,—,рваться,порваться,порваться и затем…,non_agentive,Пассив: рваться,exclude,grammar_label,заставить порваться,быть вынужденным порваться,1,0,0,0,0,0,0,0,0,0,0,0,1,разрешить порваться
yameru_2,辞める,やめる,yameru,увольняться,N3,ichidan,yame,辞め,辞めた,辞めて,辞めない,辞めれば,辞めたら,辞められる,辞めれる,辞められる,辞めさせる,辞めさせられる,辞めろ,辞めるな,辞めよう,辞めたい,辞めなければ,辞めなきゃ,辞めなくちゃ,увольняться,уволиться,увольняюсь,буду увольняться,увольнялся(ась),уволился(ась),уволюсь,уволюсь,уволившись,увольняйся,уволимся,Пассив: увольняться,заставить уволиться,быть вынужденным уволиться,辞め,辞め,る,ru,る,ru,,,,,れ,re,れ,re,て,te,て,te,た,ta,た,ta,られ,rare,ら|れ,ra|re,られ,rare,ら|れ,ra|re,させ,sase,さ|せ,sa|se,させられ,saserare,さ|せ|ら|れ,sa|se|ra|re,ろ,ro,ろ,ro,よう,you,よ|う,yo|u,ra|sa|re|ro|yo,れ,re,れ,re,увольняться; бросать работу,бросать работу,увольняться,уволиться,увольняюсь,буду увольняться,увольнялся(ась),уволился(ась),уволюсь,уволюсь,уволившись,увольняйся,уволимся,увольняться,уволиться,уволиться и затем…,agentive,Пассив: увольняться,contextual,grammar_label,заставить уволиться,быть вынужденным уволиться,1,1,0,1,1,1,1,1,1,1,1,1,1,разрешить уволиться
yuzuru,譲る,ゆずる,yuzuru,уступать,N3,godan-ru,yuzu,譲り,譲った,譲って,譲らない,譲れば,譲ったら,譲れる,,譲られる,譲らせる,譲らせられる,譲れ,譲るな,譲ろう,譲りたい,譲らなければ,譲らなきゃ,譲らなくちゃ,уступать,уступить,уступаю,буду уступать,уступал(а),уступил(а),уступлю,уступлю,уступив,уступи,уступим,Пассив: уступать,заставить уступить,быть вынужденным уступить,譲,譲,る,ru,る,ru,り,ri,ら,ra,れ,re,れ,re,って,tte,って,tte,った,tta,った,tta,れ,re,れ,re,られ,rare,ら|れ,ra|re,らせ,rase,ら|せ,ra|se,らせられ,raserare,ら|せ|ら|れ,ra|se|ra|re,れ,re,れ,re,ろう,rou,ろ|う,ro|u,ra|ri|re|ro,,,,,уступать; передавать,передавать,уступать / передавать,уступить / передать,уступаю / передаю,буду уступать / передавать,уступал(а) / передавал(а),уступил(а) / передал(а),уступлю / передам,уступлю / передам,уступив / передав,уступи / передай,уступим / передадим,уступать,уступить,уступить и затем…,agentive,Пассив: уступать,contextual,grammar_label,заставить уступить,быть вынужденным уступить,1,1,0,1,1,1,1,1,1,1,1,1,1,разрешить уступить
yuderu,茹でる,ゆでる,yuderu,варить в воде,N3,ichidan,yude,茹で,茹でた,茹でて,茹でない,茹でれば,茹でたら,茹でられる,茹でれる,茹でられる,茹でさせる,茹でさせられる,茹でろ,茹でるな,茹でよう,茹でたい,茹でなければ,茹でなきゃ,茹でなくちゃ,варить,сварить,варю,буду варить,варил(а),сварил(а),сварю,сварю,сварив,свари,сварим,Пассив: варить,заставить сварить,быть вынужденным сварить,茹で,茹で,る,ru,る,ru,,,,,れ,re,れ,re,て,te,て,te,た,ta,た,ta,られ,rare,ら|れ,ra|re,られ,rare,ら|れ,ra|re,させ,sase,さ|せ,sa|se,させられ,saserare,さ|せ|ら|れ,sa|se|ra|re,ろ,ro,ろ,ro,よう,you,よ|う,yo|u,ra|sa|re|ro|yo,れ,re,れ,re,варить в воде,,варить,сварить,варю,буду варить,варил(а),сварил(а),сварю,сварю,сварив,свари,сварим,варить,сварить,сварить и затем…,agentive,Пассив: варить,contextual,grammar_label,заставить сварить,быть вынужденным сварить,1,1,0,1,1,1,1,1,1,1,1,1,1,разрешить сварить
yurusu,許す,ゆるす,yurusu,разрешать,N3,godan-su,yurus,許し,許した,許して,許さない,許せば,許したら,許せる,,許される,許させる,許させられる,許せ,許すな,許そう,許したい,許さなければ,許さなきゃ,許さなくちゃ,разрешать,разрешить,разрешаю,буду разрешать,разрешал(а),разрешил(а),разрешу,разрешу,разрешив,разреши,разрешим,Пассив: разрешать,заставить разрешить,быть вынужденным разрешить,許,許,す,su,す,su,し,shi,さ,sa,せ,se,せ,se,して,shite,して,shite,した,shita,した,shita,せ,se,せ,se,され,sare,さ|れ,sa|re,させ,sase,さ|せ,sa|se,させられ,saserare,さ|せ|ら|れ,sa|se|ra|re,せ,se,せ,se,そう,sou,そ|う,so|u,sa|shi|se|so,,,,,разрешать; прощать,прощать,разрешать / прощать,разрешить / простить,разрешаю / прощаю,буду разрешать / прощать,разрешал(а) / прощал(а),разрешил(а) / простил(а),разрешу / прощу,разрешу / прощу,разрешив / простив,разреши / прости,разрешим / простим,разрешать,разрешить,разрешить и затем…,agentive,Пассив: разрешать,contextual,grammar_label,заставить разрешить,быть вынужденным разрешить,1,1,0,1,1,1,1,1,1,1,1,1,1,разрешить разрешить
you,酔う,よう,you,пьянеть,N3,godan-u,yo,酔い,酔った,酔って,酔わない,酔えば,酔ったら,酔える,,酔われる,酔わせる,酔わせられる,酔え,酔うな,酔おう,酔いたい,酔わなければ,酔わなきゃ,酔わなくちゃ,пьянеть,опьянеть,пьянею,буду пьянеть,пьянел(а),опьянел(а),опьянею,опьянею,опьянев,не пьяней,не опьянеем,Пассив: пьянеть,заставить опьянеть,быть вынужденным опьянеть,酔,酔,う,u,う,u,い,i,わ,wa,え,e,え,e,って,tte,って,tte,った,tta,った,tta,え,e,え,e,われ,ware,わ|れ,wa|re,わせ,wase,わ|せ,wa|se,わせられ,waserare,わ|せ|ら|れ,wa|se|ra|re,え,e,え,e,おう,ou,お|う,o|u,wa|i|e|o,,,,,пьянеть,,пьянеть,опьянеть,пьянею,буду пьянеть,пьянел(а),опьянел(а),опьянею,опьянею,опьянев,не пьяней,не опьянеем,пьянеть,опьянеть,опьянеть и затем…,agentive,Пассив: пьянеть,contextual,grammar_label,заставить опьянеть,быть вынужденным опьянеть,1,1,0,1,1,1,1,1,1,1,1,1,1,разрешить опьянеть
yokogiru,横切る,よこぎる,yokogiru,пересекать,N3,godan-ru,yokogi,横切り,横切った,横切って,横切らない,横切れば,横切ったら,横切れる,,横切られる,横切らせる,横切らせられる,横切れ,横切るな,横切ろう,横切りたい,横切らなければ,横切らなきゃ,横切らなくちゃ,пересекать,пересечь,пересекаю,буду пересекать,пересекал(а),пересёк(ла),пересеку,пересеку,пересекая,пересеки,пересечём,Пассив: пересекать,заставить пересечь,быть вынужденным пересечь,横切,横切,る,ru,る,ru,り,ri,ら,ra,れ,re,れ,re,って,tte,って,tte,った,tta,った,tta,れ,re,れ,re,られ,rare,ら|れ,ra|re,らせ,rase,ら|せ,ra|se,らせられ,raserare,ら|せ|ら|れ,ra|se|ra|re,れ,re,れ,re,ろう,rou,ろ|う,ro|u,ra|ri|re|ro,,,,,пересекать,,пересекать,пересечь,пересекаю,буду пересекать,пересекал(а),пересёк(ла),пересеку,пересеку,пересекая,пересеки,пересечём,пересекать,пересечь,пересечь и затем…,agentive,Пассив: пересекать,contextual,grammar_label,заставить пересечь,быть вынужденным пересечь,1,1,0,1,1,1,1,1,1,1,1,1,1,разрешить пересечь
yogosu,汚す,よごす,yogosu,пачкать,N3,godan-su,yogos,汚し,汚した,汚して,汚さない,汚せば,汚したら,汚せる,,汚される,汚させる,汚させられる,汚せ,汚すな,汚そう,汚したい,汚さなければ,汚さなきゃ,汚さなくちゃ,пачкать,испачкать,пачкаю,буду пачкать,пачкал(а),испачкал(а),испачкаю,испачкаю,испачкав,не пачкай,не испачкаем,Пассив: пачкать,заставить испачкать,быть вынужденным испачкать,汚,汚,す,su,す,su,し,shi,さ,sa,せ,se,せ,se,して,shite,して,shite,した,shita,した,shita,せ,se,せ,se,され,sare,さ|れ,sa|re,させ,sase,さ|せ,sa|se,させられ,saserare,さ|せ|ら|れ,sa|se|ra|re,せ,se,せ,se,そう,sou,そ|う,so|u,sa|shi|se|so,,,,,пачкать; загрязнять,загрязнять,пачкать / загрязнять,испачкать / загрязнить,пачкаю / загрязняю,буду пачкать / загрязнять,пачкал(а) / загрязнял(а),испачкал(а) / загрязнил(а),испачкаю / загрязню,испачкаю / загрязню,испачкав / загрязнив,не пачкай,не испачкаем,пачкать,испачкать,испачкать и затем…,agentive,Пассив: пачкать,contextual,grammar_label,заставить испачкать,быть вынужденным испачкать,1,1,0,1,1,1,1,1,1,1,1,1,1,разрешить испачкать
yoseru,寄せる,よせる,yoseru,придвигать,N3,ichidan,yose,寄せ,寄せた,寄せて,寄せない,寄せれば,寄せたら,寄せられる,寄せれる,寄せられる,寄せさせる,寄せさせられる,寄せろ,寄せるな,寄せよう,寄せたい,寄せなければ,寄せなきゃ,寄せなくちゃ,придвигать,придвинуть,придвигаю,буду придвигать,придвигал(а),придвинул(а),придвину,придвину,придвинув,придвинь,придвинем,Пассив: придвигать,заставить придвинуть,быть вынужденным придвинуть,寄せ,寄せ,る,ru,る,ru,,,,,れ,re,れ,re,て,te,て,te,た,ta,た,ta,られ,rare,ら|れ,ra|re,られ,rare,ら|れ,ra|re,させ,sase,さ|せ,sa|se,させられ,saserare,さ|せ|ら|れ,sa|se|ra|re,ろ,ro,ろ,ro,よう,you,よ|う,yo|u,ra|sa|re|ro|yo,れ,re,れ,re,придвигать; собирать,собирать,придвигать / собирать,придвинуть / собрать,придвигаю / собираю,буду придвигать / собирать,придвигал(а) / собирал(а),придвинул(а) / собрал(а),придвину / соберу,придвину / соберу,придвинув / собрав,придвинь / собери,придвинем / соберём,придвигать,придвинуть,придвинуть и затем…,agentive,Пассив: придвигать,contextual,grammar_label,заставить придвинуть,быть вынужденным придвинуть,1,1,0,1,1,1,1,1,1,1,1,1,1,разрешить придвинуть
yoyakusuru,予約する,よやくする,yoyakusuru,бронировать,N3,suru,yoyakusu,予約し,予約した,予約して,予約しない,予約すれば,予約したら,予約できる,,予約される,予約させる,予約させられる,予約しろ,予約するな,予約しよう,予約したい,予約しなければ,予約しなきゃ,予約しなくちゃ,бронировать,забронировать,бронирую,буду бронировать,бронировал(а),забронировал(а),забронирую,забронирую,забронировав,забронируй,забронируем,Пассив: бронировать,заставить забронировать,быть вынужденным забронировать,予約,予約,する,suru,す|る,su|ru,し,shi,し,shi,すれ,sure,す|れ,su|re,して,shite,し|て,shi|te,した,shita,し|た,shi|ta,でき,deki,でき,deki,され,sare,さ|れ,sa|re,させ,sase,さ|せ,sa|se,させられ,saserare,さ|せ|ら|れ,sa|se|ra|re,しろ,shiro,し|ろ,shi|ro,しよう,shiyou,し|よ|う,shi|yo|u,shi|su|deki|sa,,,,,бронировать,,бронировать,забронировать,бронирую,буду бронировать,бронировал(а),забронировал(а),забронирую,забронирую,забронировав,забронируй,забронируем,бронировать,забронировать,забронировать и затем…,agentive,Пассив: бронировать,contextual,grammar_label,заставить забронировать,быть вынужденным забронировать,1,1,0,1,1,1,1,1,1,1,1,1,1,разрешить забронировать
rikonsuru,離婚する,りこんする,rikonsuru,разводиться,N3,suru,rikonsu,離婚し,離婚した,離婚して,離婚しない,離婚すれば,離婚したら,離婚できる,,離婚される,離婚させる,離婚させられる,離婚しろ,離婚するな,離婚しよう,離婚したい,離婚しなければ,離婚しなきゃ,離婚しなくちゃ,разводиться,развестись,развожусь,буду разводиться,разводился(ась),развёлся(лась),разведусь,разведусь,разведясь,разведись,разведёмся,Пассив: разводиться,заставить развестись,быть вынужденным развестись,離婚,離婚,する,suru,す|る,su|ru,し,shi,し,shi,すれ,sure,す|れ,su|re,して,shite,し|て,shi|te,した,shita,し|た,shi|ta,でき,deki,でき,deki,され,sare,さ|れ,sa|re,させ,sase,さ|せ,sa|se,させられ,saserare,さ|せ|ら|れ,sa|se|ra|re,しろ,shiro,し|ろ,shi|ro,しよう,shiyou,し|よ|う,shi|yo|u,shi|su|deki|sa,,,,,разводиться,,разводиться,развестись,развожусь,буду разводиться,разводился(ась),развёлся(лась),разведусь,разведусь,разведясь,разведись,разведёмся,разводиться,развестись,развестись и затем…,agentive,Пассив: разводиться,contextual,grammar_label,заставить развестись,быть вынужденным развестись,1,1,0,1,1,1,1,1,1,1,1,1,1,разрешить развестись
riyousuru,利用する,りようする,riyousuru,использовать,N3,suru,riyousu,利用し,利用した,利用して,利用しない,利用すれば,利用したら,利用できる,,利用される,利用させる,利用させられる,利用しろ,利用するな,利用しよう,利用したい,利用しなければ,利用しなきゃ,利用しなくちゃ,использовать,использовать,использую,буду использовать,использовал(а),использовал(а),использую,использую,использовав,используй,используем,Пассив: использовать,заставить использовать,быть вынужденным использовать,利用,利用,する,suru,す|る,su|ru,し,shi,し,shi,すれ,sure,す|れ,su|re,して,shite,し|て,shi|te,した,shita,し|た,shi|ta,でき,deki,でき,deki,され,sare,さ|れ,sa|re,させ,sase,さ|せ,sa|se,させられ,saserare,さ|せ|ら|れ,sa|se|ra|re,しろ,shiro,し|ろ,shi|ro,しよう,shiyou,し|よ|う,shi|yo|u,shi|su|deki|sa,,,,,использовать; пользоваться,пользоваться,использовать / пользоваться,использовать / воспользоваться,использую / пользуюсь,буду использовать / пользоваться,использовал(а) / пользовался(ась),использовал(а) / воспользовался(ась),использую / воспользуюсь,использую / воспользуюсь,использовав / воспользовавшись,используй / воспользуйся,используем / воспользуемся,использовать,использовать,использовать и затем…,agentive,Пассив: использовать,contextual,grammar_label,заставить использовать,быть вынужденным использовать,1,1,0,1,1,1,1,1,1,1,1,1,1,разрешить использовать
renshuusuru,練習する,れんしゅうする,renshuusuru,тренироваться,N3,suru,renshuusu,練習し,練習した,練習して,練習しない,練習すれば,練習したら,練習できる,,練習される,練習させる,練習させられる,練習しろ,練習するな,練習しよう,練習したい,練習しなければ,練習しなきゃ,練習しなくちゃ,тренироваться,потренироваться,тренируюсь,буду тренироваться,тренировался(ась),потренировался(ась),потренируюсь,потренируюсь,потренировавшись,тренируйся,потренируемся,Пассив: тренироваться,заставить потренироваться,быть вынужденным потренироваться,練習,練習,する,suru,す|る,su|ru,し,shi,し,shi,すれ,sure,す|れ,su|re,して,shite,し|て,shi|te,した,shita,し|た,shi|ta,でき,deki,でき,deki,され,sare,さ|れ,sa|re,させ,sase,さ|せ,sa|se,させられ,saserare,さ|せ|ら|れ,sa|se|ra|re,しろ,shiro,し|ろ,shi|ro,しよう,shiyou,し|よ|う,shi|yo|u,shi|su|deki|sa,,,,,тренироваться; практиковаться,практиковаться,тренироваться / практиковаться,потренироваться / попрактиковаться,тренируюсь / практикуюсь,буду тренироваться / практиковаться,тренировался(ась) / практиковался(ась),потренировался(ась) / попрактиковался(ась),потренируюсь / попрактикуюсь,потренируюсь / попрактикуюсь,потренировавшись / попрактиковавшись,тренируйся,потренируемся,тренироваться,потренироваться,потренироваться и затем…,agentive,Пассив: тренироваться,contextual,grammar_label,заставить потренироваться,быть вынужденным потренироваться,1,1,0,1,1,1,1,1,1,1,1,1,1,разрешить потренироваться
renrakusuru,連絡する,れんらくする,renrakusuru,связываться,N3,suru,renrakusu,連絡し,連絡した,連絡して,連絡しない,連絡すれば,連絡したら,連絡できる,,連絡される,連絡させる,連絡させられる,連絡しろ,連絡するな,連絡しよう,連絡したい,連絡しなければ,連絡しなきゃ,連絡しなくちゃ,связываться,связаться,связываюсь,буду связываться,связывался(ась),связался(ась),свяжусь,свяжусь,связавшись,свяжись,свяжемся,Пассив: связываться,заставить связаться,быть вынужденным связаться,連絡,連絡,する,suru,す|る,su|ru,し,shi,し,shi,すれ,sure,す|れ,su|re,して,shite,し|て,shi|te,した,shita,し|た,shi|ta,でき,deki,でき,deki,され,sare,さ|れ,sa|re,させ,sase,さ|せ,sa|se,させられ,saserare,さ|せ|ら|れ,sa|se|ra|re,しろ,shiro,し|ろ,shi|ro,しよう,shiyou,し|よ|う,shi|yo|u,shi|su|deki|sa,,,,,связываться; сообщать,сообщать,связываться / сообщать,связаться / сообщить,связываюсь / сообщаю,буду связываться / сообщать,связывался(ась) / сообщал(а),связался(ась) / сообщил(а),свяжусь / сообщу,свяжусь / сообщу,связавшись / сообщив,свяжись / сообщи,свяжемся / сообщим,связываться,связаться,связаться и затем…,agentive,Пассив: связываться,contextual,grammar_label,заставить связаться,быть вынужденным связаться,1,1,0,1,1,1,1,1,1,1,1,1,1,разрешить связаться
wakareru_2,分かれる,わかれる,wakareru,разделяться,N3,ichidan,wakare,分かれ,分かれた,分かれて,分かれない,分かれれば,分かれたら,分かれられる,分かれれる,分かれられる,分かれさせる,分かれさせられる,分かれろ,分かれるな,分かれよう,分かれたい,分かれなければ,分かれなきゃ,分かれなくちゃ,разделяться,разделиться,разделяется,буду разделяться,разделялось,разделилось,разделится,разделится,разделившись,,,Пассив: разделяться,заставить разделиться,быть вынужденным разделиться,分かれ,分かれ,る,ru,る,ru,,,,,れ,re,れ,re,て,te,て,te,た,ta,た,ta,られ,rare,ら|れ,ra|re,られ,rare,ら|れ,ra|re,させ,sase,さ|せ,sa|se,させられ,saserare,さ|せ|ら|れ,sa|se|ra|re,ろ,ro,ろ,ro,よう,you,よ|う,yo|u,ra|sa|re|ro|yo,れ,re,れ,re,разделяться; разветвляться,разветвляться,разделяться / разветвляться,разделиться / разветвиться,разделяется / разветвляется,буду разделяться / разветвляться,разделялось / разветвлялось,разделилось / разветвилось,разделится / разветвится,разделится / разветвится,разделившись / разветвившись,—,—,разделяться,разделиться,разделиться и затем…,non_agentive,Пассив: разделяться,contextual,grammar_label,заставить разделиться,быть вынужденным разделиться,1,1,0,1,0,0,0,0,1,0,0,0,1,разрешить разделиться
wakeru,分ける,わける,wakeru,делить,N3,ichidan,wake,分け,分けた,分けて,分けない,分ければ,分けたら,分けられる,分けれる,分けられる,分けさせる,分けさせられる,分けろ,分けるな,分けよう,分けたい,分けなければ,分けなきゃ,分けなくちゃ,делить,разделить,делю,буду делить,делил(а),разделил(а),разделю,разделю,разделив,раздели,разделим,Пассив: делить,заставить разделить,быть вынужденным разделить,分け,分け,る,ru,る,ru,,,,,れ,re,れ,re,て,te,て,te,た,ta,た,ta,られ,rare,ら|れ,ra|re,られ,rare,ら|れ,ra|re,させ,sase,さ|せ,sa|se,させられ,saserare,さ|せ|ら|れ,sa|se|ra|re,ろ,ro,ろ,ro,よう,you,よ|う,yo|u,ra|sa|re|ro|yo,れ,re,れ,re,"делить, разделять",разделять,делить / разделять,разделить,делю / разделяю,буду делить / разделять,делил(а) / разделял(а),разделил(а),разделю,разделю,разделив,раздели,разделим,делить,разделить,разделить и затем…,agentive,Пассив: делить,contextual,grammar_label,заставить разделить,быть вынужденным разделить,1,1,0,1,1,1,1,1,1,1,1,1,1,разрешить разделить
